{
  "filename": "i20_5x4_m2-Z18-27-72_m2.5-Z24-24-72",
  "variant": {
    "legacy_name": "P_R20_M",
    "description": "PETG-only i=20 (5x4). m1=2.0 Z=18/27/72, m2=2.5 Z=24/24/72 b2=55. Ø=195 Lax 120.",
    "i1": 5,
    "i2": 4,
    "n_sat_1": 3,
    "n_sat_2": 4,
    "m1": 2.0,
    "z_s1": 18,
    "z_p1": 27,
    "z_r1": 72,
    "b1": 35,
    "x_s1": 0.0,
    "x_p1": 0.0,
    "m2": 2.5,
    "z_s2": 24,
    "z_p2": 24,
    "z_r2": 72,
    "b2": 55,
    "x_s2": 0.0,
    "x_p2": 0.0,
    "mat_s1": "PETG",
    "mat_p1": "PETG",
    "mat_r1": "PETG",
    "mat_s2": "PETG",
    "mat_p2": "PETG",
    "mat_r2": "PETG"
  },
  "i_total": 20,
  "t_out": 53.46,
  "n_out": 7.5,
  "T_in_2": 14.85,
  "s1": {
    "name": "__s1_internal__",
    "SF": [
      8.515921452205461,
      9.111505509432892
    ],
    "SH": [
      1.774063553672652,
      1.774063553672652
    ],
    "SigmaF": [
      2.818250512841973,
      2.6340323204714586
    ],
    "SigmaH": 12.400908611450689,
    "SH_pess": 1.7740635536726517,
    "mats": [
      "PETG",
      "PETG"
    ]
  },
  "s2": {
    "name": "__s2_internal__",
    "SF": [
      8.781675551645538,
      8.781675551645538
    ],
    "SH": [
      1.8502807363007274,
      1.8502807363007274
    ],
    "SigmaF": [
      2.732963642172228,
      2.732963642172228
    ],
    "SigmaH": 11.890087578809622,
    "SH_pess": 1.8502807363007276,
    "mats": [
      "PETG",
      "PETG"
    ]
  },
  "pr1": {
    "name": "__pr1_internal__",
    "force_n": 61.111111111111114,
    "d_planet": 54.0,
    "d_ring": 144.0,
    "sigma_p": 4.1538095238095245,
    "sigma_r": 3.0069154761904766,
    "sigma_lim_p": 12,
    "sigma_lim_r": 12,
    "sf_p": 5.7778287286484,
    "sf_r": 7.981601142445845,
    "sigma_h": 7.870866398677628,
    "sigma_h_lim_p": 22,
    "sigma_h_lim_r": 22,
    "sh_p": 2.7951179559719352,
    "sh_r": 2.7951179559719352,
    "r_eq": 14.775270191668891
  },
  "pr2": {
    "name": "__pr2_internal__",
    "force_n": 123.75,
    "d_planet": 60.0,
    "d_ring": 180.0,
    "sigma_p": 4.4226,
    "sigma_r": 3.0998564999999996,
    "sigma_lim_p": 12,
    "sigma_lim_r": 12,
    "sf_p": 5.42667209333876,
    "sf_r": 7.742293877152056,
    "sigma_h": 8.754338764699112,
    "sigma_h_lim_p": 22,
    "sigma_h_lim_r": 22,
    "sh_p": 2.5130396014274123,
    "sh_r": 2.5130396014274123,
    "r_eq": 15.390906449655093
  }
}