{
  "filename": "i20_5x4_m1.5-Z18-27-72_m2-Z24-24-72_b30x45_N6",
  "variant": {
    "legacy_name": "N_R20_M",
    "description": "PA6 i=20 (5x4): m1=1.5 Z18-27-72 b1=30, m2=2.0 Z24-24-72 b2=45. Ø=156 Lax=105.",
    "i1": 5,
    "i2": 4,
    "n_sat_1": 3,
    "n_sat_2": 4,
    "m1": 1.5,
    "z_s1": 18,
    "z_p1": 27,
    "z_r1": 72,
    "b1": 30,
    "x_s1": 0.0,
    "x_p1": 0.0,
    "m2": 2.0,
    "z_s2": 24,
    "z_p2": 24,
    "z_r2": 72,
    "b2": 45,
    "x_s2": 0.0,
    "x_p2": 0.0,
    "mat_s1": "PA6_PRINT",
    "mat_p1": "PA6_PRINT",
    "mat_r1": "PA6_PRINT",
    "mat_s2": "PA6_PRINT",
    "mat_p2": "PA6_PRINT",
    "mat_r2": "PA6_PRINT"
  },
  "i_total": 20,
  "t_out": 53.46,
  "n_out": 7.5,
  "T_in_2": 14.85,
  "s1": {
    "name": "__s1_internal__",
    "SF": [
      5.474520933560654,
      5.857396398921158
    ],
    "SH": [
      1.6163810065435977,
      1.6163810065435977
    ],
    "SigmaF": [
      5.845260322931499,
      5.463178146163013
    ],
    "SigmaH": 15.46665043624768,
    "SH_pess": 1.6163810065435975,
    "mats": [
      "PA6_PRINT",
      "PA6_PRINT"
    ]
  },
  "s2": {
    "name": "__s2_internal__",
    "SF": [
      6.1312062033307075,
      6.1312062033307075
    ],
    "SH": [
      1.7568683641920728,
      1.7568683641920728
    ],
    "SigmaF": [
      5.2192013999816815,
      5.2192013999816815
    ],
    "SigmaH": 14.229865201936569,
    "SH_pess": 1.7568683641920728,
    "mats": [
      "PA6_PRINT",
      "PA6_PRINT"
    ]
  },
  "pr1": {
    "name": "__pr1_internal__",
    "force_n": 81.48148148148148,
    "d_planet": 40.5,
    "d_ring": 108.0,
    "sigma_p": 8.615308641975307,
    "sigma_r": 6.2365654320987645,
    "sigma_lim_p": 16,
    "sigma_lim_r": 16,
    "sf_p": 3.7143184684168298,
    "sf_r": 5.1310293058580445,
    "sigma_h": 9.816695133640986,
    "sigma_h_lim_p": 25,
    "sigma_h_lim_r": 25,
    "sh_p": 2.54668191887992,
    "sh_r": 2.54668191887992,
    "r_eq": 11.081452643751666
  },
  "pr2": {
    "name": "__pr2_internal__",
    "force_n": 154.6875,
    "d_planet": 48.0,
    "d_ring": 144.0,
    "sigma_p": 8.4459375,
    "sigma_r": 5.919864843749999,
    "sigma_lim_p": 16,
    "sigma_lim_r": 16,
    "sf_p": 3.788803788803789,
    "sf_r": 5.4055288160479815,
    "sigma_h": 10.477051554756331,
    "sigma_h_lim_p": 25,
    "sigma_h_lim_r": 25,
    "sh_p": 2.386167508038137,
    "sh_r": 2.386167508038137,
    "r_eq": 12.312725159724073
  }
}