{
  "filename": "i20_4x5_m1.5-Z24-24-72_m1.75-Z24-36-96_b40x80",
  "variant": {
    "legacy_name": "X_PP_C",
    "description": "Компактный пластик: m1=1.5 Z=24/24/72 b1=40, m2=1.75 b2=80.",
    "i1": 4,
    "i2": 5,
    "n_sat_1": 3,
    "n_sat_2": 4,
    "m1": 1.5,
    "z_s1": 24,
    "z_p1": 24,
    "z_r1": 72,
    "b1": 40,
    "x_s1": 0.0,
    "x_p1": 0.0,
    "m2": 1.75,
    "z_s2": 24,
    "z_p2": 36,
    "z_r2": 96,
    "b2": 80,
    "x_s2": 0.3,
    "x_p2": -0.3,
    "mat_s1": "PA6_CF",
    "mat_p1": "PA6_CF",
    "mat_r1": "PA6_CF",
    "mat_s2": "PA6_CF",
    "mat_p2": "PA6_CF",
    "mat_r2": "PA6_CF"
  },
  "i_total": 20,
  "t_out": 53.46,
  "n_out": 7.5,
  "T_in_2": 11.879999999999999,
  "s1": {
    "name": "__s1_internal__",
    "SF": [
      11.639711776635632,
      11.639711776635632
    ],
    "SH": [
      1.5348929815158023,
      1.5348929815158023
    ],
    "SigmaF": [
      3.0928600888780355,
      3.0928600888780355
    ],
    "SigmaH": 22.802892723788027,
    "SH_pess": 1.5348929815158023,
    "mats": [
      "PA6_CF",
      "PA6_CF"
    ]
  },
  "s2": {
    "name": "__s2_internal__",
    "SF": [
      12.444212747280307,
      11.811368608493249
    ],
    "SH": [
      1.692730404867211,
      1.692730404867211
    ],
    "SigmaF": [
      2.8929110045846675,
      3.047910974018145
    ],
    "SigmaH": 20.676653470252774,
    "SH_pess": 1.692730404867211,
    "mats": [
      "PA6_CF",
      "PA6_CF"
    ]
  },
  "pr1": {
    "name": "__pr1_internal__",
    "force_n": 61.111111111111114,
    "d_planet": 36.0,
    "d_ring": 108.0,
    "sigma_p": 5.005000000000001,
    "sigma_r": 3.5080680555555555,
    "sigma_lim_p": 18,
    "sigma_lim_r": 18,
    "sf_p": 7.192807192807192,
    "sf_r": 10.262058611716087,
    "sigma_h": 16.789131820601625,
    "sigma_h_lim_p": 35,
    "sigma_h_lim_r": 35,
    "sh_p": 2.0846819462726573,
    "sh_r": 2.0846819462726573,
    "r_eq": 9.234543869793056
  },
  "pr2": {
    "name": "__pr2_internal__",
    "force_n": 141.42857142857142,
    "d_planet": 63.0,
    "d_ring": 168.0,
    "sigma_p": 4.760586734693878,
    "sigma_r": 3.392361275510204,
    "sigma_lim_p": 18,
    "sigma_lim_r": 18,
    "sf_p": 7.562093079334458,
    "sf_r": 10.612077274872698,
    "sigma_h": 13.218687702256611,
    "sigma_h_lim_p": 35,
    "sigma_h_lim_r": 35,
    "sh_p": 2.64776661559415,
    "sh_r": 2.64776661559415,
    "r_eq": 17.2378152236137
  }
}