{
  "filename": "i20_4x5_m2-Z18-18-54_m1.75-Z24-36-96_b55x100",
  "variant": {
    "legacy_name": "X_PP_B",
    "description": "X_PP_R20 + b1=55. Весь пластик.",
    "i1": 4,
    "i2": 5,
    "n_sat_1": 3,
    "n_sat_2": 4,
    "m1": 2.0,
    "z_s1": 18,
    "z_p1": 18,
    "z_r1": 54,
    "b1": 55,
    "x_s1": 0.0,
    "x_p1": 0.0,
    "m2": 1.75,
    "z_s2": 24,
    "z_p2": 36,
    "z_r2": 96,
    "b2": 100,
    "x_s2": 0.3,
    "x_p2": -0.3,
    "mat_s1": "PA6_CF",
    "mat_p1": "PA6_CF",
    "mat_r1": "PA6_CF",
    "mat_s2": "PA6_CF",
    "mat_p2": "PA6_CF",
    "mat_r2": "PA6_CF"
  },
  "i_total": 20,
  "t_out": 53.46,
  "n_out": 7.5,
  "T_in_2": 11.879999999999999,
  "s1": {
    "name": "__s1_internal__",
    "SF": [
      19.65289201570299,
      19.65289201570299
    ],
    "SH": [
      1.7733471064187225,
      1.7733471064187225
    ],
    "SigmaF": [
      1.8317914722797743,
      1.8317914722797743
    ],
    "SigmaH": 19.736688814793037,
    "SH_pess": 1.7733471064187225,
    "mats": [
      "PA6_CF",
      "PA6_CF"
    ]
  },
  "s2": {
    "name": "__s2_internal__",
    "SF": [
      15.555265934100383,
      14.764210760616557
    ],
    "SH": [
      1.8925301264319123,
      1.8925301264319123
    ],
    "SigmaF": [
      2.3143288036677343,
      2.4383287792145167
    ],
    "SigmaH": 18.49376108267685,
    "SH_pess": 1.8925301264319123,
    "mats": [
      "PA6_CF",
      "PA6_CF"
    ]
  },
  "pr1": {
    "name": "__pr1_internal__",
    "force_n": 61.111111111111114,
    "d_planet": 36.0,
    "d_ring": 108.0,
    "sigma_p": 2.979166666666667,
    "sigma_r": 1.9742666666666668,
    "sigma_lim_p": 18,
    "sigma_lim_r": 18,
    "sf_p": 12.083916083916083,
    "sf_r": 18.234618761396636,
    "sigma_h": 14.317819724564162,
    "sigma_h_lim_p": 35,
    "sigma_h_lim_r": 35,
    "sh_p": 2.444506263754163,
    "sh_r": 2.444506263754163,
    "r_eq": 9.234543869793056
  },
  "pr2": {
    "name": "__pr2_internal__",
    "force_n": 141.42857142857142,
    "d_planet": 63.0,
    "d_ring": 168.0,
    "sigma_p": 3.8084693877551024,
    "sigma_r": 2.7138890204081627,
    "sigma_lim_p": 18,
    "sigma_lim_r": 18,
    "sf_p": 9.452616349168073,
    "sf_r": 13.265096593590876,
    "sigma_h": 11.823153710234514,
    "sigma_h_lim_p": 35,
    "sigma_h_lim_r": 35,
    "sh_p": 2.9602930705115367,
    "sh_r": 2.9602930705115367,
    "r_eq": 17.2378152236137
  }
}