{
  "filename": "i20_5x4_m1.5-Z18-27-72_m2-Z24-24-72_b28x40",
  "variant": {
    "legacy_name": "Y_R20_TT",
    "description": "Y_R20 минимум Lax при SH>=1.4: b1=28 b2=40. Ø156 Lax98.",
    "i1": 5,
    "i2": 4,
    "n_sat_1": 3,
    "n_sat_2": 4,
    "m1": 1.5,
    "z_s1": 18,
    "z_p1": 27,
    "z_r1": 72,
    "b1": 28,
    "x_s1": 0.0,
    "x_p1": 0.0,
    "m2": 2.0,
    "z_s2": 24,
    "z_p2": 24,
    "z_r2": 72,
    "b2": 40,
    "x_s2": 0.0,
    "x_p2": 0.0,
    "mat_s1": "POM_C",
    "mat_p1": "POM_C",
    "mat_r1": "PETG",
    "mat_s2": "POM_C",
    "mat_p2": "POM_C",
    "mat_r2": "PETG"
  },
  "i_total": 20,
  "t_out": 53.46,
  "n_out": 7.5,
  "T_in_2": 14.85,
  "s1": {
    "name": "__s1_internal__",
    "SF": [
      8.303023415900325,
      8.883717871697087
    ],
    "SH": [
      1.5800072664294558,
      1.5800072664294558
    ],
    "SigmaF": [
      6.262778917426606,
      5.8534051566032295
    ],
    "SigmaH": 22.151796857930893,
    "SH_pess": 1.5800072664294558,
    "mats": [
      "POM_C",
      "POM_C"
    ]
  },
  "s2": {
    "name": "__s2_internal__",
    "SF": [
      8.856186738144357,
      8.856186738144357
    ],
    "SH": [
      1.6759456043320813,
      1.6759456043320813
    ],
    "SigmaF": [
      5.87160157497939,
      5.87160157497939
    ],
    "SigmaH": 20.88373268770178,
    "SH_pess": 1.6759456043320813,
    "mats": [
      "POM_C",
      "POM_C"
    ]
  },
  "pr1": {
    "name": "__pr1_internal__",
    "force_n": 81.48148148148148,
    "d_planet": 40.5,
    "d_ring": 108.0,
    "sigma_p": 9.230687830687831,
    "sigma_r": 6.6820343915343905,
    "sigma_lim_p": 26,
    "sigma_lim_r": 12,
    "sf_p": 5.6333830104321905,
    "sf_r": 3.5917205141006314,
    "sigma_h": 12.739825883093452,
    "sigma_h_lim_p": 35,
    "sigma_h_lim_r": 22,
    "sh_p": 2.7472902943239745,
    "sh_r": 1.7268681850036411,
    "r_eq": 11.081452643751666
  },
  "pr2": {
    "name": "__pr2_internal__",
    "force_n": 154.6875,
    "d_planet": 48.0,
    "d_ring": 144.0,
    "sigma_p": 9.501679687500001,
    "sigma_r": 6.659847949218749,
    "sigma_lim_p": 26,
    "sigma_lim_r": 12,
    "sf_p": 5.472716583827694,
    "sf_r": 3.603685877365321,
    "sigma_h": 13.93259199038892,
    "sigma_h_lim_p": 35,
    "sigma_h_lim_r": 22,
    "sh_p": 2.5120953821187006,
    "sh_r": 1.5790313830460403,
    "r_eq": 12.312725159724073
  }
}