{
  "filename": "i20_5x4_m1.5-Z18-27-72_m2-Z24-24-72_b30x45_s1-POM_C_p1-POM_C_r1-PETG_s2-POM_C_p2-POM_C_r2-PETG",
  "variant": {
    "legacy_name": "Y_R20_M",
    "description": "Y_R20_S средняя ширина: b1=30 b2=45. Ø156 Lax105.",
    "i1": 5,
    "i2": 4,
    "n_sat_1": 3,
    "n_sat_2": 4,
    "m1": 1.5,
    "z_s1": 18,
    "z_p1": 27,
    "z_r1": 72,
    "b1": 30,
    "x_s1": 0.0,
    "x_p1": 0.0,
    "m2": 2.0,
    "z_s2": 24,
    "z_p2": 24,
    "z_r2": 72,
    "b2": 45,
    "x_s2": 0.0,
    "x_p2": 0.0,
    "mat_s1": "POM_C",
    "mat_p1": "POM_C",
    "mat_r1": "PETG",
    "mat_s2": "POM_C",
    "mat_p2": "POM_C",
    "mat_r2": "PETG"
  },
  "i_total": 20,
  "t_out": 53.46,
  "n_out": 7.5,
  "T_in_2": 14.85,
  "s1": {
    "name": "__s1_internal__",
    "SF": [
      8.896096517036062,
      9.518269148246882
    ],
    "SH": [
      1.6354628971104397,
      1.6354628971104397
    ],
    "SigmaF": [
      5.845260322931499,
      5.463178146163013
    ],
    "SigmaH": 21.4006689248888,
    "SH_pess": 1.6354628971104397,
    "mats": [
      "POM_C",
      "POM_C"
    ]
  },
  "s2": {
    "name": "__s2_internal__",
    "SF": [
      9.9632100804124,
      9.9632100804124
    ],
    "SH": [
      1.777608752584502,
      1.777608752584502
    ],
    "SigmaF": [
      5.2192013999816815,
      5.2192013999816815
    ],
    "SigmaH": 19.689371999948122,
    "SH_pess": 1.777608752584502,
    "mats": [
      "POM_C",
      "POM_C"
    ]
  },
  "pr1": {
    "name": "__pr1_internal__",
    "force_n": 81.48148148148148,
    "d_planet": 40.5,
    "d_ring": 108.0,
    "sigma_p": 8.615308641975307,
    "sigma_r": 6.2365654320987645,
    "sigma_lim_p": 26,
    "sigma_lim_r": 12,
    "sf_p": 6.035767511177348,
    "sf_r": 3.8482719793935334,
    "sigma_h": 12.30784110351752,
    "sigma_h_lim_p": 35,
    "sigma_h_lim_r": 22,
    "sh_p": 2.8437156204427416,
    "sh_r": 1.7874783899925804,
    "r_eq": 11.081452643751666
  },
  "pr2": {
    "name": "__pr2_internal__",
    "force_n": 154.6875,
    "d_planet": 48.0,
    "d_ring": 144.0,
    "sigma_p": 8.4459375,
    "sigma_r": 5.919864843749999,
    "sigma_lim_p": 26,
    "sigma_lim_r": 12,
    "sf_p": 6.156806156806157,
    "sf_r": 4.054146612035986,
    "sigma_h": 13.13577370121251,
    "sigma_h_lim_p": 35,
    "sigma_h_lim_r": 22,
    "sh_p": 2.6644795195253166,
    "sh_r": 1.6748156979873419,
    "r_eq": 12.312725159724073
  }
}