{
  "filename": "i20_5x4_m1.5-Z18-27-72_m2-Z24-24-72_b35x40",
  "variant": {
    "legacy_name": "X_PP_E40",
    "description": "X_PP_E с b2=40 (ультра-узкая).",
    "i1": 5,
    "i2": 4,
    "n_sat_1": 3,
    "n_sat_2": 4,
    "m1": 1.5,
    "z_s1": 18,
    "z_p1": 27,
    "z_r1": 72,
    "b1": 35,
    "x_s1": 0.0,
    "x_p1": 0.0,
    "m2": 2.0,
    "z_s2": 24,
    "z_p2": 24,
    "z_r2": 72,
    "b2": 40,
    "x_s2": 0.3,
    "x_p2": -0.3,
    "mat_s1": "PA6_CF",
    "mat_p1": "PA6_CF",
    "mat_r1": "PA6_CF",
    "mat_s2": "PA6_CF",
    "mat_p2": "PA6_CF",
    "mat_r2": "PA6_CF"
  },
  "i_total": 20,
  "t_out": 53.46,
  "n_out": 7.5,
  "T_in_2": 14.85,
  "s1": {
    "name": "__s1_internal__",
    "SF": [
      7.185308725298359,
      7.687832773584019
    ],
    "SH": [
      1.174178490233136,
      1.174178490233136
    ],
    "SigmaF": [
      5.010223133941285,
      4.682724125282583
    ],
    "SigmaH": 29.808074573952265,
    "SH_pess": 1.174178490233136,
    "mats": [
      "PA6_CF",
      "PA6_CF"
    ]
  },
  "s2": {
    "name": "__s2_internal__",
    "SF": [
      6.430310883585004,
      5.591124092076164
    ],
    "SH": [
      1.1106404932105811,
      1.1106404932105811
    ],
    "SigmaF": [
      5.5984851513010225,
      6.438776783906444
    ],
    "SigmaH": 31.513347670967622,
    "SH_pess": 1.1106404932105811,
    "mats": [
      "PA6_CF",
      "PA6_CF"
    ]
  },
  "pr1": {
    "name": "__pr1_internal__",
    "force_n": 81.48148148148148,
    "d_planet": 40.5,
    "d_ring": 108.0,
    "sigma_p": 7.384550264550263,
    "sigma_r": 5.345627513227512,
    "sigma_lim_p": 18,
    "sigma_lim_r": 18,
    "sf_p": 4.875042989797089,
    "sf_r": 6.734475963938683,
    "sigma_h": 18.919208255172517,
    "sigma_h_lim_p": 35,
    "sigma_h_lim_r": 35,
    "sh_p": 1.8499717074804645,
    "sh_r": 1.8499717074804645,
    "r_eq": 11.081452643751666
  },
  "pr2": {
    "name": "__pr2_internal__",
    "force_n": 154.6875,
    "d_planet": 48.0,
    "d_ring": 144.0,
    "sigma_p": 9.954140625,
    "sigma_r": 6.659847949218749,
    "sigma_lim_p": 18,
    "sigma_lim_r": 18,
    "sf_p": 3.6165854347672526,
    "sf_r": 5.4055288160479815,
    "sigma_h": 23.132703478949068,
    "sigma_h_lim_p": 35,
    "sigma_h_lim_r": 35,
    "sh_p": 1.5130094946252288,
    "sh_r": 1.5130094946252288,
    "r_eq": 12.312725159724073
  }
}