{
  "filename": "i20_5x4_m1.5-Z18-27-72_m2-Z24-24-72_b25x40",
  "variant": {
    "legacy_name": "Y_R20_T",
    "description": "Y_R20 промежуточный: b1=25 b2=40. Ø156 Lax95.",
    "i1": 5,
    "i2": 4,
    "n_sat_1": 3,
    "n_sat_2": 4,
    "m1": 1.5,
    "z_s1": 18,
    "z_p1": 27,
    "z_r1": 72,
    "b1": 25,
    "x_s1": 0.0,
    "x_p1": 0.0,
    "m2": 2.0,
    "z_s2": 24,
    "z_p2": 24,
    "z_r2": 72,
    "b2": 40,
    "x_s2": 0.0,
    "x_p2": 0.0,
    "mat_s1": "POM_C",
    "mat_p1": "POM_C",
    "mat_r1": "PETG",
    "mat_s2": "POM_C",
    "mat_p2": "POM_C",
    "mat_r2": "PETG"
  },
  "i_total": 20,
  "t_out": 53.46,
  "n_out": 7.5,
  "T_in_2": 14.85,
  "s1": {
    "name": "__s1_internal__",
    "SF": [
      7.413413764196721,
      7.931890956872401
    ],
    "SH": [
      1.4929665345168972,
      1.4929665345168972
    ],
    "SigmaF": [
      7.014312387517797,
      6.555813775395616
    ],
    "SigmaH": 23.443258231722858,
    "SH_pess": 1.4929665345168972,
    "mats": [
      "POM_C",
      "POM_C"
    ]
  },
  "s2": {
    "name": "__s2_internal__",
    "SF": [
      8.856186738144357,
      8.856186738144357
    ],
    "SH": [
      1.6759456043320813,
      1.6759456043320813
    ],
    "SigmaF": [
      5.87160157497939,
      5.87160157497939
    ],
    "SigmaH": 20.88373268770178,
    "SH_pess": 1.6759456043320813,
    "mats": [
      "POM_C",
      "POM_C"
    ]
  },
  "pr1": {
    "name": "__pr1_internal__",
    "force_n": 81.48148148148148,
    "d_planet": 40.5,
    "d_ring": 108.0,
    "sigma_p": 10.33837037037037,
    "sigma_r": 7.483878518518517,
    "sigma_lim_p": 26,
    "sigma_lim_r": 12,
    "sf_p": 5.029806259314456,
    "sf_r": 3.206893316161278,
    "sigma_h": 13.482564413171644,
    "sigma_h_lim_p": 35,
    "sigma_h_lim_r": 22,
    "sh_p": 2.595945320743814,
    "sh_r": 1.6317370587532547,
    "r_eq": 11.081452643751666
  },
  "pr2": {
    "name": "__pr2_internal__",
    "force_n": 154.6875,
    "d_planet": 48.0,
    "d_ring": 144.0,
    "sigma_p": 9.501679687500001,
    "sigma_r": 6.659847949218749,
    "sigma_lim_p": 26,
    "sigma_lim_r": 12,
    "sf_p": 5.472716583827694,
    "sf_r": 3.603685877365321,
    "sigma_h": 13.93259199038892,
    "sigma_h_lim_p": 35,
    "sigma_h_lim_r": 22,
    "sh_p": 2.5120953821187006,
    "sh_r": 1.5790313830460403,
    "r_eq": 12.312725159724073
  }
}