{
  "filename": "i20_5x4_m1.5-Z18-27-72_m2-Z28-28-84_b40x60",
  "variant": {
    "legacy_name": "X_PP_E2",
    "description": "Большое солнце ст.2: m=2.0 Z=28/28/84 b2=60.",
    "i1": 5,
    "i2": 4,
    "n_sat_1": 3,
    "n_sat_2": 4,
    "m1": 1.5,
    "z_s1": 18,
    "z_p1": 27,
    "z_r1": 72,
    "b1": 40,
    "x_s1": 0.0,
    "x_p1": 0.0,
    "m2": 2.0,
    "z_s2": 28,
    "z_p2": 28,
    "z_r2": 84,
    "b2": 60,
    "x_s2": 0.0,
    "x_p2": 0.0,
    "mat_s1": "PA6_CF",
    "mat_p1": "PA6_CF",
    "mat_r1": "PA6_CF",
    "mat_s2": "PA6_CF",
    "mat_p2": "PA6_CF",
    "mat_r2": "PA6_CF"
  },
  "i_total": 20,
  "t_out": 53.46,
  "n_out": 7.5,
  "T_in_2": 14.85,
  "s1": {
    "name": "__s1_internal__",
    "SF": [
      8.21178140034098,
      8.786094598381736
    ],
    "SH": [
      1.2552496061062535,
      1.2552496061062535
    ],
    "SigmaF": [
      4.3839452421986245,
      4.09738360962226
    ],
    "SigmaH": 27.88290060378425,
    "SH_pess": 1.2552496061062535,
    "mats": [
      "PA6_CF",
      "PA6_CF"
    ]
  },
  "s2": {
    "name": "__s2_internal__",
    "SF": [
      11.103466814388053,
      11.103466814388053
    ],
    "SH": [
      1.6038590116073268,
      1.6038590116073268
    ],
    "SigmaF": [
      3.242230611555538,
      3.242230611555538
    ],
    "SigmaH": 21.82236702023099,
    "SH_pess": 1.6038590116073268,
    "mats": [
      "PA6_CF",
      "PA6_CF"
    ]
  },
  "pr1": {
    "name": "__pr1_internal__",
    "force_n": 81.48148148148148,
    "d_planet": 40.5,
    "d_ring": 108.0,
    "sigma_p": 6.461481481481481,
    "sigma_r": 4.677424074074073,
    "sigma_lim_p": 18,
    "sigma_lim_r": 18,
    "sf_p": 5.571477702625244,
    "sf_r": 7.696543958787067,
    "sigma_h": 17.697298829970194,
    "sigma_h_lim_p": 35,
    "sigma_h_lim_r": 35,
    "sh_p": 1.977702944176309,
    "sh_r": 1.977702944176309,
    "r_eq": 11.081452643751666
  },
  "pr2": {
    "name": "__pr2_internal__",
    "force_n": 132.58928571428572,
    "d_planet": 56.0,
    "d_ring": 168.0,
    "sigma_p": 5.214073660714286,
    "sigma_r": 3.74336015625,
    "sigma_lim_p": 18,
    "sigma_lim_r": 18,
    "sf_p": 6.9043903754647555,
    "sf_r": 9.617028150468924,
    "sigma_h": 16.189519969865856,
    "sigma_h_lim_p": 35,
    "sigma_h_lim_r": 35,
    "sh_p": 2.1618923887271997,
    "sh_r": 2.1618923887271997,
    "r_eq": 14.364846019678083
  }
}