{
  "filename": "i20_5x4_m1.5-Z24-36-96_m2-Z28-28-84_b30x50",
  "variant": {
    "legacy_name": "X_PP_E2L_50",
    "description": "X_PP_E2L с b1=30, b2=50.",
    "i1": 5,
    "i2": 4,
    "n_sat_1": 3,
    "n_sat_2": 4,
    "m1": 1.5,
    "z_s1": 24,
    "z_p1": 36,
    "z_r1": 96,
    "b1": 30,
    "x_s1": 0.0,
    "x_p1": 0.0,
    "m2": 2.0,
    "z_s2": 28,
    "z_p2": 28,
    "z_r2": 84,
    "b2": 50,
    "x_s2": 0.0,
    "x_p2": 0.0,
    "mat_s1": "PA6_CF",
    "mat_p1": "PA6_CF",
    "mat_r1": "PA6_CF",
    "mat_s2": "PA6_CF",
    "mat_p2": "PA6_CF",
    "mat_r2": "PA6_CF"
  },
  "i_total": 20,
  "t_out": 53.46,
  "n_out": 7.5,
  "T_in_2": 14.85,
  "s1": {
    "name": "__s1_internal__",
    "SF": [
      8.889051380796944,
      9.277674668269148
    ],
    "SH": [
      1.4700695971661306,
      1.4700695971661306
    ],
    "SigmaF": [
      4.049925965977759,
      3.880282644866248
    ],
    "SigmaH": 23.808396600725494,
    "SH_pess": 1.4700695971661306,
    "mats": [
      "PA6_CF",
      "PA6_CF"
    ]
  },
  "s2": {
    "name": "__s2_internal__",
    "SF": [
      9.252889011990046,
      9.252889011990046
    ],
    "SH": [
      1.4641162661921214,
      1.4641162661921214
    ],
    "SigmaF": [
      3.890676733866645,
      3.890676733866645
    ],
    "SigmaH": 23.90520535027462,
    "SH_pess": 1.4641162661921214,
    "mats": [
      "PA6_CF",
      "PA6_CF"
    ]
  },
  "pr1": {
    "name": "__pr1_internal__",
    "force_n": 61.111111111111114,
    "d_planet": 54.0,
    "d_ring": 144.0,
    "sigma_p": 6.081913580246915,
    "sigma_r": 4.560375925925926,
    "sigma_lim_p": 18,
    "sigma_lim_r": 18,
    "sf_p": 5.919189663746992,
    "sf_r": 7.8940860544716305,
    "sigma_h": 15.326310365118813,
    "sigma_h_lim_p": 35,
    "sigma_h_lim_r": 35,
    "sh_p": 2.2836546543946143,
    "sh_r": 2.2836546543946143,
    "r_eq": 14.775270191668891
  },
  "pr2": {
    "name": "__pr2_internal__",
    "force_n": 132.58928571428572,
    "d_planet": 56.0,
    "d_ring": 168.0,
    "sigma_p": 6.256888392857144,
    "sigma_r": 4.492032187500001,
    "sigma_lim_p": 18,
    "sigma_lim_r": 18,
    "sf_p": 5.753658646220629,
    "sf_r": 8.014190125390767,
    "sigma_h": 17.73473056535177,
    "sigma_h_lim_p": 35,
    "sigma_h_lim_r": 35,
    "sh_p": 1.973528713674358,
    "sh_r": 1.973528713674358,
    "r_eq": 14.364846019678083
  }
}