{
  "filename": "i20_5x4_m1.5-Z18-27-72_m2-Z24-24-72_b27x40",
  "variant": {
    "legacy_name": "N_R20_C",
    "description": "PA6 i=20 (5x4) компакт: m1=1.5 Z18-27-72 b1=27, m2=2.0 Z24-24-72 b2=40. Ø=156 Lax=97.",
    "i1": 5,
    "i2": 4,
    "n_sat_1": 3,
    "n_sat_2": 4,
    "m1": 1.5,
    "z_s1": 18,
    "z_p1": 27,
    "z_r1": 72,
    "b1": 27,
    "x_s1": 0.0,
    "x_p1": 0.0,
    "m2": 2.0,
    "z_s2": 24,
    "z_p2": 24,
    "z_r2": 72,
    "b2": 40,
    "x_s2": 0.0,
    "x_p2": 0.0,
    "mat_s1": "PA6_PRINT",
    "mat_p1": "PA6_PRINT",
    "mat_r1": "PA6_PRINT",
    "mat_s2": "PA6_PRINT",
    "mat_p2": "PA6_PRINT",
    "mat_r2": "PA6_PRINT"
  },
  "i_total": 20,
  "t_out": 53.46,
  "n_out": 7.5,
  "T_in_2": 14.85,
  "s1": {
    "name": "__s1_internal__",
    "SF": [
      4.927068840204589,
      5.271656759029042
    ],
    "SH": [
      1.5334336641939894,
      1.5334336641939894
    ],
    "SigmaF": [
      6.494733692146109,
      6.070197940181125
    ],
    "SigmaH": 16.30328105072652,
    "SH_pess": 1.5334336641939894,
    "mats": [
      "PA6_PRINT",
      "PA6_PRINT"
    ]
  },
  "s2": {
    "name": "__s2_internal__",
    "SF": [
      5.449961069627297,
      5.449961069627297
    ],
    "SH": [
      1.6563913786297755,
      1.6563913786297755
    ],
    "SigmaF": [
      5.87160157497939,
      5.87160157497939
    ],
    "SigmaH": 15.093051269489743,
    "SH_pess": 1.6563913786297755,
    "mats": [
      "PA6_PRINT",
      "PA6_PRINT"
    ]
  },
  "pr1": {
    "name": "__pr1_internal__",
    "force_n": 81.48148148148148,
    "d_planet": 40.5,
    "d_ring": 108.0,
    "sigma_p": 9.572565157750342,
    "sigma_r": 6.929517146776405,
    "sigma_lim_p": 16,
    "sigma_lim_r": 16,
    "sf_p": 3.3428866215751465,
    "sf_r": 4.617926375272241,
    "sigma_h": 10.347705239265512,
    "sigma_h_lim_p": 25,
    "sigma_h_lim_r": 25,
    "sh_p": 2.4159946018886136,
    "sh_r": 2.4159946018886136,
    "r_eq": 11.081452643751666
  },
  "pr2": {
    "name": "__pr2_internal__",
    "force_n": 154.6875,
    "d_planet": 48.0,
    "d_ring": 144.0,
    "sigma_p": 9.501679687500001,
    "sigma_r": 6.659847949218749,
    "sigma_lim_p": 16,
    "sigma_lim_r": 16,
    "sf_p": 3.367825590047812,
    "sf_r": 4.8049145031537615,
    "sigma_h": 11.112591301813893,
    "sigma_h_lim_p": 25,
    "sigma_h_lim_r": 25,
    "sh_p": 2.2497003013076964,
    "sh_r": 2.2497003013076964,
    "r_eq": 12.312725159724073
  }
}