{
  "filename": "i20_5x4_m1.5-Z18-27-72_m2-Z24-24-72_b35x55_s1-POM_C_p1-POM_C_r1-PETG_s2-POM_C_p2-POM_C_r2-PETG",
  "variant": {
    "legacy_name": "Y_R20_W",
    "description": "Y_R20_S широкая: b1=35 b2=55. Запас по SH. Ø156 Lax120.",
    "i1": 5,
    "i2": 4,
    "n_sat_1": 3,
    "n_sat_2": 4,
    "m1": 1.5,
    "z_s1": 18,
    "z_p1": 27,
    "z_r1": 72,
    "b1": 35,
    "x_s1": 0.0,
    "x_p1": 0.0,
    "m2": 2.0,
    "z_s2": 24,
    "z_p2": 24,
    "z_r2": 72,
    "b2": 55,
    "x_s2": 0.0,
    "x_p2": 0.0,
    "mat_s1": "POM_C",
    "mat_p1": "POM_C",
    "mat_r1": "PETG",
    "mat_s2": "POM_C",
    "mat_p2": "POM_C",
    "mat_r2": "PETG"
  },
  "i_total": 20,
  "t_out": 53.46,
  "n_out": 7.5,
  "T_in_2": 14.85,
  "s1": {
    "name": "__s1_internal__",
    "SF": [
      10.378779269875407,
      11.104647339621362
    ],
    "SH": [
      1.7665018263399423,
      1.7665018263399423
    ],
    "SigmaF": [
      5.010223133941285,
      4.682724125282583
    ],
    "SigmaH": 19.813169439239893,
    "SH_pess": 1.7665018263399423,
    "mats": [
      "POM_C",
      "POM_C"
    ]
  },
  "s2": {
    "name": "__s2_internal__",
    "SF": [
      12.17725676494849,
      12.17725676494849
    ],
    "SH": [
      1.965220418791499,
      1.965220418791499
    ],
    "SigmaF": [
      4.2702556908941025,
      4.2702556908941025
    ],
    "SigmaH": 17.80970707678839,
    "SH_pess": 1.9652204187914992,
    "mats": [
      "POM_C",
      "POM_C"
    ]
  },
  "pr1": {
    "name": "__pr1_internal__",
    "force_n": 81.48148148148148,
    "d_planet": 40.5,
    "d_ring": 108.0,
    "sigma_p": 7.384550264550263,
    "sigma_r": 5.345627513227512,
    "sigma_lim_p": 26,
    "sigma_lim_r": 12,
    "sf_p": 7.04172876304024,
    "sf_r": 4.489650642625789,
    "sigma_h": 11.3948466784433,
    "sigma_h_lim_p": 35,
    "sigma_h_lim_r": 22,
    "sh_p": 3.071563926016906,
    "sh_r": 1.9306973249249122,
    "r_eq": 11.081452643751666
  },
  "pr2": {
    "name": "__pr2_internal__",
    "force_n": 154.6875,
    "d_planet": 48.0,
    "d_ring": 144.0,
    "sigma_p": 6.9103125,
    "sigma_r": 4.843525781249999,
    "sigma_lim_p": 26,
    "sigma_lim_r": 12,
    "sf_p": 7.52498530276308,
    "sf_r": 4.955068081377316,
    "sigma_h": 11.881754372165432,
    "sigma_h_lim_p": 35,
    "sigma_h_lim_r": 22,
    "sh_p": 2.9456929426173035,
    "sh_r": 1.8515784210737336,
    "r_eq": 12.312725159724073
  }
}