{
  "filename": "i20_4x5_m2-Z18-18-54_m1.5-Z20-40-100",
  "variant": {
    "legacy_name": "N_R20_FB",
    "description": "PA6 i=20 (4x5): m1=2.0 Z18-18-54 b1=30, m2=1.5 Z20-40-100 b2=45. Ø=156 Lax=105.",
    "i1": 4,
    "i2": 5,
    "n_sat_1": 3,
    "n_sat_2": 4,
    "m1": 2.0,
    "z_s1": 18,
    "z_p1": 18,
    "z_r1": 54,
    "b1": 30,
    "x_s1": 0.0,
    "x_p1": 0.0,
    "m2": 1.5,
    "z_s2": 20,
    "z_p2": 40,
    "z_r2": 100,
    "b2": 45,
    "x_s2": 0.0,
    "x_p2": 0.0,
    "mat_s1": "PA6_PRINT",
    "mat_p1": "PA6_PRINT",
    "mat_r1": "PA6_PRINT",
    "mat_s2": "PA6_PRINT",
    "mat_p2": "PA6_PRINT",
    "mat_r2": "PA6_PRINT"
  },
  "i_total": 20,
  "t_out": 53.46,
  "n_out": 7.5,
  "T_in_2": 11.879999999999999,
  "s1": {
    "name": "__s1_internal__",
    "SF": [
      9.528674916704478,
      9.528674916704478
    ],
    "SH": [
      1.9474039490597002,
      1.9474039490597002
    ],
    "SigmaF": [
      3.358284365846253,
      3.358284365846253
    ],
    "SigmaH": 12.837603627162817,
    "SH_pess": 1.9474039490597002,
    "mats": [
      "PA6_PRINT",
      "PA6_PRINT"
    ]
  },
  "s2": {
    "name": "__s2_internal__",
    "SF": [
      3.53186480883926,
      3.826165899001219
    ],
    "SH": [
      1.4275078290258294,
      1.4275078290258294
    ],
    "SigmaF": [
      9.060369445600816,
      8.363463802851118
    ],
    "SigmaH": 17.513038802078366,
    "SH_pess": 1.4275078290258292,
    "mats": [
      "PA6_PRINT",
      "PA6_PRINT"
    ]
  },
  "pr1": {
    "name": "__pr1_internal__",
    "force_n": 61.111111111111114,
    "d_planet": 36.0,
    "d_ring": 108.0,
    "sigma_p": 5.461805555555556,
    "sigma_r": 3.619488888888889,
    "sigma_lim_p": 16,
    "sigma_lim_r": 16,
    "sf_p": 5.858868404322949,
    "sf_r": 8.841027278252914,
    "sigma_h": 9.31293471533896,
    "sigma_h_lim_p": 25,
    "sigma_h_lim_r": 25,
    "sh_p": 2.684438446542904,
    "sh_r": 2.684438446542904,
    "r_eq": 9.234543869793056
  },
  "pr2": {
    "name": "__pr2_internal__",
    "force_n": 197.99999999999997,
    "d_planet": 60.0,
    "d_ring": 150.0,
    "sigma_p": 12.870000000000001,
    "sigma_r": 9.821239999999998,
    "sigma_lim_p": 16,
    "sigma_lim_r": 16,
    "sf_p": 2.4864024864024863,
    "sf_r": 3.258244376473847,
    "sigma_h": 10.057969492566077,
    "sigma_h_lim_p": 25,
    "sigma_h_lim_r": 25,
    "sh_p": 2.4855911542063924,
    "sh_r": 2.4855911542063924,
    "r_eq": 17.101007166283434
  }
}