{
  "filename": "i20_5x4_m1.5-Z18-27-72_m2-Z18-18-54",
  "variant": {
    "legacy_name": "V20",
    "description": "i=20 (5x4). Самый компактный, минимальный запас (~70 Н·м).",
    "i1": 5,
    "i2": 4,
    "n_sat_1": 3,
    "n_sat_2": 4,
    "m1": 1.5,
    "z_s1": 18,
    "z_p1": 27,
    "z_r1": 72,
    "b1": 18,
    "x_s1": 0.0,
    "x_p1": 0.0,
    "m2": 2.0,
    "z_s2": 18,
    "z_p2": 18,
    "z_r2": 54,
    "b2": 30,
    "x_s2": 0.0,
    "x_p2": 0.0,
    "mat_s1": "PA6_CF",
    "mat_p1": "PA6_CF",
    "mat_r1": "PA6_CF",
    "mat_s2": "D16T",
    "mat_p2": "PA6_CF",
    "mat_r2": "PA6_CF"
  },
  "i_total": 20,
  "t_out": 53.46,
  "n_out": 7.5,
  "T_in_2": 14.85,
  "s1": {
    "name": "__s1_internal__",
    "SF": [
      3.6953016301534416,
      3.953742569271782
    ],
    "SH": [
      0.8420470343950255,
      0.8420470343950255
    ],
    "SigmaF": [
      9.742100538219164,
      9.105296910271688
    ],
    "SigmaH": 41.56537410662101,
    "SH_pess": 0.8420470343950255,
    "mats": [
      "PA6_CF",
      "PA6_CF"
    ]
  },
  "s2": {
    "name": "__s2_internal__",
    "SF": [
      22.939402577251524,
      3.1762249722348264
    ],
    "SH": [
      2.5630770545588066,
      2.5630770545588066
    ],
    "SigmaF": [
      11.334209734731104,
      11.334209734731104
    ],
    "SigmaH": 66.3265272097966,
    "SH_pess": 0.5276923347621073,
    "mats": [
      "D16T",
      "PA6_CF"
    ]
  },
  "pr1": {
    "name": "__pr1_internal__",
    "force_n": 81.48148148148148,
    "d_planet": 40.5,
    "d_ring": 108.0,
    "sigma_p": 14.358847736625513,
    "sigma_r": 10.394275720164607,
    "sigma_lim_p": 18,
    "sigma_lim_r": 18,
    "sf_p": 2.5071649661813598,
    "sf_r": 3.46344478145418,
    "sigma_h": 26.381575467960566,
    "sigma_h_lim_p": 35,
    "sigma_h_lim_r": 35,
    "sh_p": 1.3266834667439096,
    "sh_r": 1.3266834667439096,
    "r_eq": 11.081452643751666
  },
  "pr2": {
    "name": "__pr2_internal__",
    "force_n": 206.25,
    "d_planet": 36.0,
    "d_ring": 108.0,
    "sigma_p": 18.43359375,
    "sigma_r": 12.215775,
    "sigma_lim_p": 18,
    "sigma_lim_r": 18,
    "sf_p": 1.9529561347743165,
    "sf_r": 2.9470090927509713,
    "sigma_h": 35.61512688174677,
    "sigma_h_lim_p": 35,
    "sigma_h_lim_r": 35,
    "sh_p": 0.9827284938843773,
    "sh_r": 0.9827284938843773,
    "r_eq": 9.234543869793056
  }
}