{
  "filename": "i20_5x4_m1.5-Z24-36-96_m3-Z28-28-84",
  "variant": {
    "legacy_name": "X_PP_HUGE",
    "description": "Ещё больший Ø: ст.2 m=3.0 Z=28/28/84 b2=30. Ø~270.",
    "i1": 5,
    "i2": 4,
    "n_sat_1": 3,
    "n_sat_2": 4,
    "m1": 1.5,
    "z_s1": 24,
    "z_p1": 36,
    "z_r1": 96,
    "b1": 30,
    "x_s1": 0.0,
    "x_p1": 0.0,
    "m2": 3.0,
    "z_s2": 28,
    "z_p2": 28,
    "z_r2": 84,
    "b2": 30,
    "x_s2": 0.0,
    "x_p2": 0.0,
    "mat_s1": "PA6_CF",
    "mat_p1": "PA6_CF",
    "mat_r1": "PA6_CF",
    "mat_s2": "PA6_CF",
    "mat_p2": "PA6_CF",
    "mat_r2": "PA6_CF"
  },
  "i_total": 20,
  "t_out": 53.46,
  "n_out": 7.5,
  "T_in_2": 14.85,
  "s1": {
    "name": "__s1_internal__",
    "SF": [
      8.889051380796944,
      9.277674668269148
    ],
    "SH": [
      1.4700695971661306,
      1.4700695971661306
    ],
    "SigmaF": [
      4.049925965977759,
      3.880282644866248
    ],
    "SigmaH": 23.808396600725494,
    "SH_pess": 1.4700695971661306,
    "mats": [
      "PA6_CF",
      "PA6_CF"
    ]
  },
  "s2": {
    "name": "__s2_internal__",
    "SF": [
      12.491400166186573,
      12.491400166186573
    ],
    "SH": [
      1.7011493747620416,
      1.7011493747620416
    ],
    "SigmaF": [
      2.881982765827142,
      2.881982765827142
    ],
    "SigmaH": 20.574324935396007,
    "SH_pess": 1.7011493747620416,
    "mats": [
      "PA6_CF",
      "PA6_CF"
    ]
  },
  "pr1": {
    "name": "__pr1_internal__",
    "force_n": 61.111111111111114,
    "d_planet": 54.0,
    "d_ring": 144.0,
    "sigma_p": 6.081913580246915,
    "sigma_r": 4.560375925925926,
    "sigma_lim_p": 18,
    "sigma_lim_r": 18,
    "sf_p": 5.919189663746992,
    "sf_r": 7.8940860544716305,
    "sigma_h": 15.326310365118813,
    "sigma_h_lim_p": 35,
    "sigma_h_lim_r": 35,
    "sh_p": 2.2836546543946143,
    "sh_r": 2.2836546543946143,
    "r_eq": 14.775270191668891
  },
  "pr2": {
    "name": "__pr2_internal__",
    "force_n": 88.39285714285714,
    "d_planet": 84.0,
    "d_ring": 252.0,
    "sigma_p": 4.634732142857143,
    "sigma_r": 3.3274312499999996,
    "sigma_lim_p": 18,
    "sigma_lim_r": 18,
    "sf_p": 7.76743917239785,
    "sf_r": 10.819156669277541,
    "sigma_h": 15.263625806462898,
    "sigma_h_lim_p": 35,
    "sigma_h_lim_r": 35,
    "sh_p": 2.2930331523968808,
    "sh_r": 2.2930331523968808,
    "r_eq": 21.547269029517132
  }
}