{
  "filename": "i20_5x4_m2-Z18-27-72_m2.5-Z22-22-66",
  "variant": {
    "legacy_name": "P_R20_T",
    "description": "PETG-only i=20 (5x4). m1=2.0 Z=18/27/72, m2=2.5 Z=22/22/66 b2=80. Ø=180 Lax 145.",
    "i1": 5,
    "i2": 4,
    "n_sat_1": 3,
    "n_sat_2": 4,
    "m1": 2.0,
    "z_s1": 18,
    "z_p1": 27,
    "z_r1": 72,
    "b1": 35,
    "x_s1": 0.0,
    "x_p1": 0.0,
    "m2": 2.5,
    "z_s2": 22,
    "z_p2": 22,
    "z_r2": 66,
    "b2": 80,
    "x_s2": 0.0,
    "x_p2": 0.0,
    "mat_s1": "PETG",
    "mat_p1": "PETG",
    "mat_r1": "PETG",
    "mat_s2": "PETG",
    "mat_p2": "PETG",
    "mat_r2": "PETG"
  },
  "i_total": 20,
  "t_out": 53.46,
  "n_out": 7.5,
  "T_in_2": 14.85,
  "s1": {
    "name": "__s1_internal__",
    "SF": [
      8.515921452205461,
      9.111505509432892
    ],
    "SH": [
      1.774063553672652,
      1.774063553672652
    ],
    "SigmaF": [
      2.818250512841973,
      2.6340323204714586
    ],
    "SigmaH": 12.400908611450689,
    "SH_pess": 1.7740635536726517,
    "mats": [
      "PETG",
      "PETG"
    ]
  },
  "s2": {
    "name": "__s2_internal__",
    "SF": [
      11.452172105384442,
      11.452172105384442
    ],
    "SH": [
      2.036577439030128,
      2.036577439030128
    ],
    "SigmaF": [
      2.0956723125664496,
      2.0956723125664496
    ],
    "SigmaH": 10.80243725496487,
    "SH_pess": 2.036577439030128,
    "mats": [
      "PETG",
      "PETG"
    ]
  },
  "pr1": {
    "name": "__pr1_internal__",
    "force_n": 61.111111111111114,
    "d_planet": 54.0,
    "d_ring": 144.0,
    "sigma_p": 4.1538095238095245,
    "sigma_r": 3.0069154761904766,
    "sigma_lim_p": 12,
    "sigma_lim_r": 12,
    "sf_p": 5.7778287286484,
    "sf_r": 7.981601142445845,
    "sigma_h": 7.870866398677628,
    "sigma_h_lim_p": 22,
    "sigma_h_lim_r": 22,
    "sh_p": 2.7951179559719352,
    "sh_r": 2.7951179559719352,
    "r_eq": 14.775270191668891
  },
  "pr2": {
    "name": "__pr2_internal__",
    "force_n": 135.0,
    "d_planet": 55.0,
    "d_ring": 165.0,
    "sigma_p": 3.395925,
    "sigma_r": 2.3483874374999996,
    "sigma_lim_p": 12,
    "sigma_lim_r": 12,
    "sf_p": 7.067293888999315,
    "sf_r": 10.219778736999825,
    "sigma_h": 7.918597355501003,
    "sigma_h_lim_p": 22,
    "sigma_h_lim_r": 22,
    "sh_p": 2.778269813746336,
    "sh_r": 2.778269813746336,
    "r_eq": 14.108330912183833
  }
}