{
  "filename": "i20_5x4_m1.5-Z24-36-96_m2-Z30-30-90",
  "variant": {
    "legacy_name": "X_PP_MID",
    "description": "Ø=192, b2=50: m=2.0 Z=30/30/90. Lax 115 мм.",
    "i1": 5,
    "i2": 4,
    "n_sat_1": 3,
    "n_sat_2": 4,
    "m1": 1.5,
    "z_s1": 24,
    "z_p1": 36,
    "z_r1": 96,
    "b1": 35,
    "x_s1": 0.0,
    "x_p1": 0.0,
    "m2": 2.0,
    "z_s2": 30,
    "z_p2": 30,
    "z_r2": 90,
    "b2": 50,
    "x_s2": 0.0,
    "x_p2": 0.0,
    "mat_s1": "PA6_CF",
    "mat_p1": "PA6_CF",
    "mat_r1": "PA6_CF",
    "mat_s2": "PA6_CF",
    "mat_p2": "PA6_CF",
    "mat_r2": "PA6_CF"
  },
  "i_total": 20,
  "t_out": 53.46,
  "n_out": 7.5,
  "T_in_2": 14.85,
  "s1": {
    "name": "__s1_internal__",
    "SF": [
      10.370559944263102,
      10.823953779647342
    ],
    "SH": [
      1.5878566446410987,
      1.5878566446410987
    ],
    "SigmaF": [
      3.471365113695222,
      3.3259565527424977
    ],
    "SigmaH": 22.04229211630815,
    "SH_pess": 1.5878566446410987,
    "mats": [
      "PA6_CF",
      "PA6_CF"
    ]
  },
  "s2": {
    "name": "__s2_internal__",
    "SF": [
      10.047997587473535,
      10.047997587473535
    ],
    "SH": [
      1.5738718013965267,
      1.5738718013965267
    ],
    "SigmaF": [
      3.5828034080023925,
      3.5828034080023925
    ],
    "SigmaH": 22.23815177890844,
    "SH_pess": 1.5738718013965267,
    "mats": [
      "PA6_CF",
      "PA6_CF"
    ]
  },
  "pr1": {
    "name": "__pr1_internal__",
    "force_n": 61.111111111111114,
    "d_planet": 54.0,
    "d_ring": 144.0,
    "sigma_p": 5.213068783068784,
    "sigma_r": 3.908893650793651,
    "sigma_lim_p": 18,
    "sigma_lim_r": 18,
    "sf_p": 6.905721274371491,
    "sf_r": 9.209767063550235,
    "sigma_h": 14.189406191379389,
    "sigma_h_lim_p": 35,
    "sigma_h_lim_r": 35,
    "sh_p": 2.4666289433072857,
    "sh_r": 2.4666289433072857,
    "r_eq": 14.775270191668891
  },
  "pr2": {
    "name": "__pr2_internal__",
    "force_n": 123.75,
    "d_planet": 60.0,
    "d_ring": 180.0,
    "sigma_p": 5.76736875,
    "sigma_r": 4.17410296875,
    "sigma_lim_p": 18,
    "sigma_lim_r": 18,
    "sf_p": 6.242014610215447,
    "sf_r": 8.624607555088838,
    "sigma_h": 16.55241519432832,
    "sigma_h_lim_p": 35,
    "sigma_h_lim_r": 35,
    "sh_p": 2.1144950503653837,
    "sh_r": 2.1144950503653837,
    "r_eq": 15.390906449655093
  }
}