{
  "filename": "i20_5x4_m1.5-Z24-36-96_m2-Z28-28-84_b40x60",
  "variant": {
    "legacy_name": "X_PP_E2L",
    "description": "Финал: ст.1 Z=24/36/96 b1=40, ст.2 Z=28/28/84 b2=60. Ø180, Lax130.",
    "i1": 5,
    "i2": 4,
    "n_sat_1": 3,
    "n_sat_2": 4,
    "m1": 1.5,
    "z_s1": 24,
    "z_p1": 36,
    "z_r1": 96,
    "b1": 40,
    "x_s1": 0.0,
    "x_p1": 0.0,
    "m2": 2.0,
    "z_s2": 28,
    "z_p2": 28,
    "z_r2": 84,
    "b2": 60,
    "x_s2": 0.0,
    "x_p2": 0.0,
    "mat_s1": "PA6_CF",
    "mat_p1": "PA6_CF",
    "mat_r1": "PA6_CF",
    "mat_s2": "PA6_CF",
    "mat_p2": "PA6_CF",
    "mat_r2": "PA6_CF"
  },
  "i_total": 20,
  "t_out": 53.46,
  "n_out": 7.5,
  "T_in_2": 14.85,
  "s1": {
    "name": "__s1_internal__",
    "SF": [
      11.852068507729259,
      12.37023289102553
    ],
    "SH": [
      1.6974901553027004,
      1.6974901553027004
    ],
    "SigmaF": [
      3.0374444744833196,
      2.910211983649686
    ],
    "SigmaH": 20.618676279603353,
    "SH_pess": 1.6974901553027004,
    "mats": [
      "PA6_CF",
      "PA6_CF"
    ]
  },
  "s2": {
    "name": "__s2_internal__",
    "SF": [
      11.103466814388053,
      11.103466814388053
    ],
    "SH": [
      1.6038590116073268,
      1.6038590116073268
    ],
    "SigmaF": [
      3.242230611555538,
      3.242230611555538
    ],
    "SigmaH": 21.82236702023099,
    "SH_pess": 1.6038590116073268,
    "mats": [
      "PA6_CF",
      "PA6_CF"
    ]
  },
  "pr1": {
    "name": "__pr1_internal__",
    "force_n": 61.111111111111114,
    "d_planet": 54.0,
    "d_ring": 144.0,
    "sigma_p": 4.561435185185186,
    "sigma_r": 3.4202819444444446,
    "sigma_lim_p": 18,
    "sigma_lim_r": 18,
    "sf_p": 7.89225288499599,
    "sf_r": 10.52544807262884,
    "sigma_h": 13.272974122477647,
    "sigma_h_lim_p": 35,
    "sigma_h_lim_r": 35,
    "sh_p": 2.636937258901745,
    "sh_r": 2.636937258901745,
    "r_eq": 14.775270191668891
  },
  "pr2": {
    "name": "__pr2_internal__",
    "force_n": 132.58928571428572,
    "d_planet": 56.0,
    "d_ring": 168.0,
    "sigma_p": 5.214073660714286,
    "sigma_r": 3.74336015625,
    "sigma_lim_p": 18,
    "sigma_lim_r": 18,
    "sf_p": 6.9043903754647555,
    "sf_r": 9.617028150468924,
    "sigma_h": 16.189519969865856,
    "sigma_h_lim_p": 35,
    "sigma_h_lim_r": 35,
    "sh_p": 2.1618923887271997,
    "sh_r": 2.1618923887271997,
    "r_eq": 14.364846019678083
  }
}