{
  "filename": "i20_4x5_m2-Z18-18-54_m1.75-Z24-36-96_b35x100",
  "variant": {
    "legacy_name": "X_PP_R20",
    "description": "Чисто пластик + i=20 (4x5).",
    "i1": 4,
    "i2": 5,
    "n_sat_1": 3,
    "n_sat_2": 4,
    "m1": 2.0,
    "z_s1": 18,
    "z_p1": 18,
    "z_r1": 54,
    "b1": 35,
    "x_s1": 0.0,
    "x_p1": 0.0,
    "m2": 1.75,
    "z_s2": 24,
    "z_p2": 36,
    "z_r2": 96,
    "b2": 100,
    "x_s2": 0.3,
    "x_p2": -0.3,
    "mat_s1": "PA6_CF",
    "mat_p1": "PA6_CF",
    "mat_r1": "PA6_CF",
    "mat_s2": "PA6_CF",
    "mat_p2": "PA6_CF",
    "mat_r2": "PA6_CF"
  },
  "i_total": 20,
  "t_out": 53.46,
  "n_out": 7.5,
  "T_in_2": 11.879999999999999,
  "s1": {
    "name": "__s1_internal__",
    "SF": [
      12.506385828174631,
      12.506385828174631
    ],
    "SH": [
      1.41464160957356,
      1.41464160957356
    ],
    "SigmaF": [
      2.878529456439645,
      2.878529456439645
    ],
    "SigmaH": 24.74124878212133,
    "SH_pess": 1.41464160957356,
    "mats": [
      "PA6_CF",
      "PA6_CF"
    ]
  },
  "s2": {
    "name": "__s2_internal__",
    "SF": [
      15.555265934100383,
      14.764210760616557
    ],
    "SH": [
      1.8925301264319123,
      1.8925301264319123
    ],
    "SigmaF": [
      2.3143288036677343,
      2.4383287792145167
    ],
    "SigmaH": 18.49376108267685,
    "SH_pess": 1.8925301264319123,
    "mats": [
      "PA6_CF",
      "PA6_CF"
    ]
  },
  "pr1": {
    "name": "__pr1_internal__",
    "force_n": 61.111111111111114,
    "d_planet": 36.0,
    "d_ring": 108.0,
    "sigma_p": 4.6815476190476195,
    "sigma_r": 3.102419047619048,
    "sigma_lim_p": 18,
    "sigma_lim_r": 18,
    "sf_p": 7.689764780673871,
    "sf_r": 11.603848302706949,
    "sigma_h": 17.948336884021572,
    "sigma_h_lim_p": 35,
    "sigma_h_lim_r": 35,
    "sh_p": 1.9500414008363414,
    "sh_r": 1.9500414008363414,
    "r_eq": 9.234543869793056
  },
  "pr2": {
    "name": "__pr2_internal__",
    "force_n": 141.42857142857142,
    "d_planet": 63.0,
    "d_ring": 168.0,
    "sigma_p": 3.8084693877551024,
    "sigma_r": 2.7138890204081627,
    "sigma_lim_p": 18,
    "sigma_lim_r": 18,
    "sf_p": 9.452616349168073,
    "sf_r": 13.265096593590876,
    "sigma_h": 11.823153710234514,
    "sigma_h_lim_p": 35,
    "sigma_h_lim_r": 35,
    "sh_p": 2.9602930705115367,
    "sh_r": 2.9602930705115367,
    "r_eq": 17.2378152236137
  }
}