{
  "filename": "i20_5x4_m1.5-Z18-27-72_m2-Z24-24-72_b35x55_N6",
  "variant": {
    "legacy_name": "N_R20_W",
    "description": "PA6 i=20 (5x4) шире: b1=35 b2=55. Ø=156 Lax=120.",
    "i1": 5,
    "i2": 4,
    "n_sat_1": 3,
    "n_sat_2": 4,
    "m1": 1.5,
    "z_s1": 18,
    "z_p1": 27,
    "z_r1": 72,
    "b1": 35,
    "x_s1": 0.0,
    "x_p1": 0.0,
    "m2": 2.0,
    "z_s2": 24,
    "z_p2": 24,
    "z_r2": 72,
    "b2": 55,
    "x_s2": 0.0,
    "x_p2": 0.0,
    "mat_s1": "PA6_PRINT",
    "mat_p1": "PA6_PRINT",
    "mat_r1": "PA6_PRINT",
    "mat_s2": "PA6_PRINT",
    "mat_p2": "PA6_PRINT",
    "mat_r2": "PA6_PRINT"
  },
  "i_total": 20,
  "t_out": 53.46,
  "n_out": 7.5,
  "T_in_2": 14.85,
  "s1": {
    "name": "__s1_internal__",
    "SF": [
      6.386941089154097,
      6.833629132074684
    ],
    "SH": [
      1.745891028873426,
      1.745891028873426
    ],
    "SigmaF": [
      5.010223133941285,
      4.682724125282583
    ],
    "SigmaH": 14.319335850034003,
    "SH_pess": 1.745891028873426,
    "mats": [
      "PA6_PRINT",
      "PA6_PRINT"
    ]
  },
  "s2": {
    "name": "__s2_internal__",
    "SF": [
      7.493696470737532,
      7.493696470737532
    ],
    "SH": [
      1.9422910566901892,
      1.9422910566901892
    ],
    "SigmaF": [
      4.2702556908941025,
      4.2702556908941025
    ],
    "SigmaH": 12.871397370588674,
    "SH_pess": 1.942291056690189,
    "mats": [
      "PA6_PRINT",
      "PA6_PRINT"
    ]
  },
  "pr1": {
    "name": "__pr1_internal__",
    "force_n": 81.48148148148148,
    "d_planet": 40.5,
    "d_ring": 108.0,
    "sigma_p": 7.384550264550263,
    "sigma_r": 5.345627513227512,
    "sigma_lim_p": 16,
    "sigma_lim_r": 16,
    "sf_p": 4.333371546486301,
    "sf_r": 5.986200856834386,
    "sigma_h": 9.088493668064219,
    "sigma_h_lim_p": 25,
    "sigma_h_lim_r": 25,
    "sh_p": 2.7507308595974203,
    "sh_r": 2.7507308595974203,
    "r_eq": 11.081452643751666
  },
  "pr2": {
    "name": "__pr2_internal__",
    "force_n": 154.6875,
    "d_planet": 48.0,
    "d_ring": 144.0,
    "sigma_p": 6.9103125,
    "sigma_r": 4.843525781249999,
    "sigma_lim_p": 16,
    "sigma_lim_r": 16,
    "sf_p": 4.630760186315742,
    "sf_r": 6.606757441836422,
    "sigma_h": 9.47684970445539,
    "sigma_h_lim_p": 25,
    "sigma_h_lim_r": 25,
    "sh_p": 2.638007437033284,
    "sh_r": 2.638007437033284,
    "r_eq": 12.312725159724073
  }
}