{
  "filename": "i20_5x4_m1.5-Z18-27-72_m2-Z24-24-72_b22x35",
  "variant": {
    "legacy_name": "Y_R20_S",
    "description": "i=20 (5x4) компакт: m1=1.5 Z18-27-72 b1=22 + m2=2.0 Z24-24-72 b2=35. Ø156 Lax87.",
    "i1": 5,
    "i2": 4,
    "n_sat_1": 3,
    "n_sat_2": 4,
    "m1": 1.5,
    "z_s1": 18,
    "z_p1": 27,
    "z_r1": 72,
    "b1": 22,
    "x_s1": 0.0,
    "x_p1": 0.0,
    "m2": 2.0,
    "z_s2": 24,
    "z_p2": 24,
    "z_r2": 72,
    "b2": 35,
    "x_s2": 0.0,
    "x_p2": 0.0,
    "mat_s1": "POM_C",
    "mat_p1": "POM_C",
    "mat_r1": "PETG",
    "mat_s2": "POM_C",
    "mat_p2": "POM_C",
    "mat_r2": "PETG"
  },
  "i_total": 20,
  "t_out": 53.46,
  "n_out": 7.5,
  "T_in_2": 14.85,
  "s1": {
    "name": "__s1_internal__",
    "SF": [
      6.523804112493114,
      6.980064042047713
    ],
    "SH": [
      1.400526752477405,
      1.400526752477405
    ],
    "SigmaF": [
      7.970809531270225,
      7.449788381131381
    ],
    "SigmaH": 24.990597243564373,
    "SH_pess": 1.400526752477405,
    "mats": [
      "POM_C",
      "POM_C"
    ]
  },
  "s2": {
    "name": "__s2_internal__",
    "SF": [
      7.749163395876313,
      7.749163395876313
    ],
    "SH": [
      1.5677035625701121,
      1.5677035625701121
    ],
    "SigmaF": [
      6.710401799976446,
      6.710401799976446
    ],
    "SigmaH": 22.325649335529082,
    "SH_pess": 1.5677035625701121,
    "mats": [
      "POM_C",
      "POM_C"
    ]
  },
  "pr1": {
    "name": "__pr1_internal__",
    "force_n": 81.48148148148148,
    "d_planet": 40.5,
    "d_ring": 108.0,
    "sigma_p": 11.748148148148147,
    "sigma_r": 8.504407407407406,
    "sigma_lim_p": 26,
    "sigma_lim_r": 12,
    "sf_p": 4.426229508196722,
    "sf_r": 2.8220661182219247,
    "sigma_h": 14.372461955994273,
    "sigma_h_lim_p": 35,
    "sigma_h_lim_r": 22,
    "sh_p": 2.435212568811335,
    "sh_r": 1.5307050432528393,
    "r_eq": 11.081452643751666
  },
  "pr2": {
    "name": "__pr2_internal__",
    "force_n": 154.6875,
    "d_planet": 48.0,
    "d_ring": 144.0,
    "sigma_p": 10.8590625,
    "sigma_r": 7.611254799107142,
    "sigma_lim_p": 26,
    "sigma_lim_r": 12,
    "sf_p": 4.788627010849233,
    "sf_r": 3.1532251426946556,
    "sigma_h": 14.894567353641756,
    "sigma_h_lim_p": 35,
    "sigma_h_lim_r": 22,
    "sh_p": 2.3498500606962858,
    "sh_r": 1.4770486095805226,
    "r_eq": 12.312725159724073
  }
}