{
  "filename": "i20_4x5_m1.5-Z24-24-72_m1.75-Z24-36-96_b50x90",
  "variant": {
    "legacy_name": "X_PP_BS",
    "description": "X_PP_B с m1=1.5 Z=24/24/72 b1=50.",
    "i1": 4,
    "i2": 5,
    "n_sat_1": 3,
    "n_sat_2": 4,
    "m1": 1.5,
    "z_s1": 24,
    "z_p1": 24,
    "z_r1": 72,
    "b1": 50,
    "x_s1": 0.0,
    "x_p1": 0.0,
    "m2": 1.75,
    "z_s2": 24,
    "z_p2": 36,
    "z_r2": 96,
    "b2": 90,
    "x_s2": 0.3,
    "x_p2": -0.3,
    "mat_s1": "PA6_CF",
    "mat_p1": "PA6_CF",
    "mat_r1": "PA6_CF",
    "mat_s2": "PA6_CF",
    "mat_p2": "PA6_CF",
    "mat_r2": "PA6_CF"
  },
  "i_total": 20,
  "t_out": 53.46,
  "n_out": 7.5,
  "T_in_2": 11.879999999999999,
  "s1": {
    "name": "__s1_internal__",
    "SF": [
      14.549639720794541,
      14.549639720794541
    ],
    "SH": [
      1.7160625224283312,
      1.7160625224283312
    ],
    "SigmaF": [
      2.4742880711024284,
      2.4742880711024284
    ],
    "SigmaH": 20.395527285610143,
    "SH_pess": 1.7160625224283312,
    "mats": [
      "PA6_CF",
      "PA6_CF"
    ]
  },
  "s2": {
    "name": "__s2_internal__",
    "SF": [
      13.999739340690343,
      13.287789684554902
    ],
    "SH": [
      1.7954117220033827,
      1.7954117220033827
    ],
    "SigmaF": [
      2.571476448519705,
      2.7092541991272405
    ],
    "SigmaH": 19.49413584141346,
    "SH_pess": 1.7954117220033827,
    "mats": [
      "PA6_CF",
      "PA6_CF"
    ]
  },
  "pr1": {
    "name": "__pr1_internal__",
    "force_n": 61.111111111111114,
    "d_planet": 36.0,
    "d_ring": 108.0,
    "sigma_p": 4.0040000000000004,
    "sigma_r": 2.8064544444444444,
    "sigma_lim_p": 18,
    "sigma_lim_r": 18,
    "sf_p": 8.99100899100899,
    "sf_r": 12.82757326464511,
    "sigma_h": 15.016656013628014,
    "sigma_h_lim_p": 35,
    "sigma_h_lim_r": 35,
    "sh_p": 2.3307452716661134,
    "sh_r": 2.3307452716661134,
    "r_eq": 9.234543869793056
  },
  "pr2": {
    "name": "__pr2_internal__",
    "force_n": 141.42857142857142,
    "d_planet": 63.0,
    "d_ring": 168.0,
    "sigma_p": 4.231632653061225,
    "sigma_r": 3.0154322448979585,
    "sigma_lim_p": 18,
    "sigma_lim_r": 18,
    "sf_p": 8.507354714251266,
    "sf_r": 11.93858693423179,
    "sigma_h": 12.462698283537163,
    "sigma_h_lim_p": 35,
    "sigma_h_lim_r": 35,
    "sh_p": 2.8083805933289674,
    "sh_r": 2.8083805933289674,
    "r_eq": 17.2378152236137
  }
}