{
  "filename": "i20_5x4_m1.5-Z24-36-96_m2.25-Z26-26-78",
  "variant": {
    "legacy_name": "X_PP_MIDC",
    "description": "Ø=189, b2=50: m=2.25 Z=26/26/78.",
    "i1": 5,
    "i2": 4,
    "n_sat_1": 3,
    "n_sat_2": 4,
    "m1": 1.5,
    "z_s1": 24,
    "z_p1": 36,
    "z_r1": 96,
    "b1": 35,
    "x_s1": 0.0,
    "x_p1": 0.0,
    "m2": 2.25,
    "z_s2": 26,
    "z_p2": 26,
    "z_r2": 78,
    "b2": 50,
    "x_s2": 0.0,
    "x_p2": 0.0,
    "mat_s1": "PA6_CF",
    "mat_p1": "PA6_CF",
    "mat_r1": "PA6_CF",
    "mat_s2": "PA6_CF",
    "mat_p2": "PA6_CF",
    "mat_r2": "PA6_CF"
  },
  "i_total": 20,
  "t_out": 53.46,
  "n_out": 7.5,
  "T_in_2": 14.85,
  "s1": {
    "name": "__s1_internal__",
    "SF": [
      10.370559944263102,
      10.823953779647342
    ],
    "SH": [
      1.5878566446410987,
      1.5878566446410987
    ],
    "SigmaF": [
      3.471365113695222,
      3.3259565527424977
    ],
    "SigmaH": 22.04229211630815,
    "SH_pess": 1.5878566446410987,
    "mats": [
      "PA6_CF",
      "PA6_CF"
    ]
  },
  "s2": {
    "name": "__s2_internal__",
    "SF": [
      10.704751490994164,
      10.704751490994164
    ],
    "SH": [
      1.523967992261622,
      1.523967992261622
    ],
    "SigmaF": [
      3.362992595417704,
      3.362992595417704
    ],
    "SigmaH": 22.966361615022354,
    "SH_pess": 1.523967992261622,
    "mats": [
      "PA6_CF",
      "PA6_CF"
    ]
  },
  "pr1": {
    "name": "__pr1_internal__",
    "force_n": 61.111111111111114,
    "d_planet": 54.0,
    "d_ring": 144.0,
    "sigma_p": 5.213068783068784,
    "sigma_r": 3.908893650793651,
    "sigma_lim_p": 18,
    "sigma_lim_r": 18,
    "sf_p": 6.905721274371491,
    "sf_r": 9.209767063550235,
    "sigma_h": 14.189406191379389,
    "sigma_h_lim_p": 35,
    "sigma_h_lim_r": 35,
    "sh_p": 2.4666289433072857,
    "sh_r": 2.4666289433072857,
    "r_eq": 14.775270191668891
  },
  "pr2": {
    "name": "__pr2_internal__",
    "force_n": 126.92307692307692,
    "d_planet": 58.5,
    "d_ring": 175.5,
    "sigma_p": 5.411999999999999,
    "sigma_r": 3.846589999999999,
    "sigma_lim_p": 18,
    "sigma_lim_r": 18,
    "sf_p": 6.65188470066519,
    "sf_r": 9.358938696351837,
    "sigma_h": 16.976836096746993,
    "sigma_h_lim_p": 35,
    "sigma_h_lim_r": 35,
    "sh_p": 2.061632674106249,
    "sh_r": 2.061632674106249,
    "r_eq": 15.006133788413713
  }
}