{
  "filename": "i20_5x4_m1.5-Z18-27-72_m2-Z24-24-72_b40x60",
  "variant": {
    "legacy_name": "X_PP_E",
    "description": "Минимум печати: i=5x4, m2=2.0 Z=24/24/72 b2=60.",
    "i1": 5,
    "i2": 4,
    "n_sat_1": 3,
    "n_sat_2": 4,
    "m1": 1.5,
    "z_s1": 18,
    "z_p1": 27,
    "z_r1": 72,
    "b1": 40,
    "x_s1": 0.0,
    "x_p1": 0.0,
    "m2": 2.0,
    "z_s2": 24,
    "z_p2": 24,
    "z_r2": 72,
    "b2": 60,
    "x_s2": 0.3,
    "x_p2": -0.3,
    "mat_s1": "PA6_CF",
    "mat_p1": "PA6_CF",
    "mat_r1": "PA6_CF",
    "mat_s2": "PA6_CF",
    "mat_p2": "PA6_CF",
    "mat_r2": "PA6_CF"
  },
  "i_total": 20,
  "t_out": 53.46,
  "n_out": 7.5,
  "T_in_2": 14.85,
  "s1": {
    "name": "__s1_internal__",
    "SF": [
      8.21178140034098,
      8.786094598381736
    ],
    "SH": [
      1.2552496061062535,
      1.2552496061062535
    ],
    "SigmaF": [
      4.3839452421986245,
      4.09738360962226
    ],
    "SigmaH": 27.88290060378425,
    "SH_pess": 1.2552496061062535,
    "mats": [
      "PA6_CF",
      "PA6_CF"
    ]
  },
  "s2": {
    "name": "__s2_internal__",
    "SF": [
      9.645466325377507,
      8.386686138114248
    ],
    "SH": [
      1.3602512480194844,
      1.3602512480194844
    ],
    "SigmaF": [
      3.732323434200681,
      4.2925178559376285
    ],
    "SigmaH": 25.73054062693178,
    "SH_pess": 1.3602512480194844,
    "mats": [
      "PA6_CF",
      "PA6_CF"
    ]
  },
  "pr1": {
    "name": "__pr1_internal__",
    "force_n": 81.48148148148148,
    "d_planet": 40.5,
    "d_ring": 108.0,
    "sigma_p": 6.461481481481481,
    "sigma_r": 4.677424074074073,
    "sigma_lim_p": 18,
    "sigma_lim_r": 18,
    "sf_p": 5.571477702625244,
    "sf_r": 7.696543958787067,
    "sigma_h": 17.697298829970194,
    "sigma_h_lim_p": 35,
    "sigma_h_lim_r": 35,
    "sh_p": 1.977702944176309,
    "sh_r": 1.977702944176309,
    "r_eq": 11.081452643751666
  },
  "pr2": {
    "name": "__pr2_internal__",
    "force_n": 154.6875,
    "d_planet": 48.0,
    "d_ring": 144.0,
    "sigma_p": 6.63609375,
    "sigma_r": 4.4398986328125,
    "sigma_lim_p": 18,
    "sigma_lim_r": 18,
    "sf_p": 5.42487815215088,
    "sf_r": 8.108293224071971,
    "sigma_h": 18.88777329817683,
    "sigma_h_lim_p": 35,
    "sigma_h_lim_r": 35,
    "sh_p": 1.8530506189090288,
    "sh_r": 1.8530506189090288,
    "r_eq": 12.312725159724073
  }
}