{
  "filename": "i20_5x4_m1.5-Z18-27-72_m2-Z28-28-84_b35x45",
  "variant": {
    "legacy_name": "X_PP_E2_45",
    "description": "X_PP_E2 с b2=45 (граница).",
    "i1": 5,
    "i2": 4,
    "n_sat_1": 3,
    "n_sat_2": 4,
    "m1": 1.5,
    "z_s1": 18,
    "z_p1": 27,
    "z_r1": 72,
    "b1": 35,
    "x_s1": 0.0,
    "x_p1": 0.0,
    "m2": 2.0,
    "z_s2": 28,
    "z_p2": 28,
    "z_r2": 84,
    "b2": 45,
    "x_s2": 0.0,
    "x_p2": 0.0,
    "mat_s1": "PA6_CF",
    "mat_p1": "PA6_CF",
    "mat_r1": "PA6_CF",
    "mat_s2": "PA6_CF",
    "mat_p2": "PA6_CF",
    "mat_r2": "PA6_CF"
  },
  "i_total": 20,
  "t_out": 53.46,
  "n_out": 7.5,
  "T_in_2": 14.85,
  "s1": {
    "name": "__s1_internal__",
    "SF": [
      7.185308725298359,
      7.687832773584019
    ],
    "SH": [
      1.174178490233136,
      1.174178490233136
    ],
    "SigmaF": [
      5.010223133941285,
      4.682724125282583
    ],
    "SigmaH": 29.808074573952265,
    "SH_pess": 1.174178490233136,
    "mats": [
      "PA6_CF",
      "PA6_CF"
    ]
  },
  "s2": {
    "name": "__s2_internal__",
    "SF": [
      8.32760011079104,
      8.32760011079104
    ],
    "SH": [
      1.3889826481405458,
      1.3889826481405458
    ],
    "SigmaF": [
      4.322974148740717,
      4.322974148740717
    ],
    "SigmaH": 25.198298946970347,
    "SH_pess": 1.3889826481405458,
    "mats": [
      "PA6_CF",
      "PA6_CF"
    ]
  },
  "pr1": {
    "name": "__pr1_internal__",
    "force_n": 81.48148148148148,
    "d_planet": 40.5,
    "d_ring": 108.0,
    "sigma_p": 7.384550264550263,
    "sigma_r": 5.345627513227512,
    "sigma_lim_p": 18,
    "sigma_lim_r": 18,
    "sf_p": 4.875042989797089,
    "sf_r": 6.734475963938683,
    "sigma_h": 18.919208255172517,
    "sigma_h_lim_p": 35,
    "sigma_h_lim_r": 35,
    "sh_p": 1.8499717074804645,
    "sh_r": 1.8499717074804645,
    "r_eq": 11.081452643751666
  },
  "pr2": {
    "name": "__pr2_internal__",
    "force_n": 132.58928571428572,
    "d_planet": 56.0,
    "d_ring": 168.0,
    "sigma_p": 6.952098214285716,
    "sigma_r": 4.991146875000001,
    "sigma_lim_p": 18,
    "sigma_lim_r": 18,
    "sf_p": 5.178292781598565,
    "sf_r": 7.212771112851692,
    "sigma_h": 18.694047425305747,
    "sigma_h_lim_p": 35,
    "sigma_h_lim_r": 35,
    "sh_p": 1.872253728885978,
    "sh_r": 1.872253728885978,
    "r_eq": 14.364846019678083
  }
}