{
  "filename": "i20_4x5_m2-Z18-18-54_m1.75-Z24-36-96_b30x60",
  "variant": {
    "legacy_name": "X_R20",
    "description": "i=20 (4x5), T_in_2=14.4 Н·м. Меньше нагрузка ст.2.",
    "i1": 4,
    "i2": 5,
    "n_sat_1": 3,
    "n_sat_2": 4,
    "m1": 2.0,
    "z_s1": 18,
    "z_p1": 18,
    "z_r1": 54,
    "b1": 30,
    "x_s1": 0.0,
    "x_p1": 0.0,
    "m2": 1.75,
    "z_s2": 24,
    "z_p2": 36,
    "z_r2": 96,
    "b2": 60,
    "x_s2": 0.3,
    "x_p2": -0.3,
    "mat_s1": "PA6_CF",
    "mat_p1": "PA6_CF",
    "mat_r1": "PA6_CF",
    "mat_s2": "D16T",
    "mat_p2": "PA6_CF",
    "mat_r2": "PA6_CF"
  },
  "i_total": 20,
  "t_out": 53.46,
  "n_out": 7.5,
  "T_in_2": 11.879999999999999,
  "s1": {
    "name": "__s1_internal__",
    "SF": [
      10.71975928129254,
      10.71975928129254
    ],
    "SH": [
      1.309703636117796,
      1.309703636117796
    ],
    "SigmaF": [
      3.358284365846253,
      3.358284365846253
    ],
    "SigmaH": 26.723602985287936,
    "SH_pess": 1.309703636117796,
    "mats": [
      "PA6_CF",
      "PA6_CF"
    ]
  },
  "s2": {
    "name": "__s2_internal__",
    "SF": [
      67.40615238110165,
      8.858526456369935
    ],
    "SH": [
      5.270404457828307,
      5.270404457828307
    ],
    "SigmaF": [
      3.8572146727795573,
      4.063881298690861
    ],
    "SigmaH": 32.25558898947373,
    "SH_pess": 1.0850832707293574,
    "mats": [
      "D16T",
      "PA6_CF"
    ]
  },
  "pr1": {
    "name": "__pr1_internal__",
    "force_n": 61.111111111111114,
    "d_planet": 36.0,
    "d_ring": 108.0,
    "sigma_p": 5.461805555555556,
    "sigma_r": 3.619488888888889,
    "sigma_lim_p": 18,
    "sigma_lim_r": 18,
    "sf_p": 6.591226954863318,
    "sf_r": 9.946155688034528,
    "sigma_h": 19.38641955216892,
    "sigma_h_lim_p": 35,
    "sigma_h_lim_r": 35,
    "sh_p": 1.8053875242829076,
    "sh_r": 1.8053875242829076,
    "r_eq": 9.234543869793056
  },
  "pr2": {
    "name": "__pr2_internal__",
    "force_n": 141.42857142857142,
    "d_planet": 63.0,
    "d_ring": 168.0,
    "sigma_p": 6.347448979591837,
    "sigma_r": 4.523148367346939,
    "sigma_lim_p": 18,
    "sigma_lim_r": 18,
    "sf_p": 5.671569809500844,
    "sf_r": 7.959057956154525,
    "sigma_h": 15.2636258064629,
    "sigma_h_lim_p": 35,
    "sigma_h_lim_r": 35,
    "sh_p": 2.2930331523968803,
    "sh_r": 2.2930331523968803,
    "r_eq": 17.2378152236137
  }
}