{
  "filename": "i24_6x4_m1.25-Z24-48-120_m1.5-Z24-24-72",
  "variant": {
    "legacy_name": "V64LH",
    "description": "Большое солнце ст.1 (Z_s=24, m=1.25) — SH ст.1 диаметром.",
    "i1": 6,
    "i2": 4,
    "n_sat_1": 3,
    "n_sat_2": 4,
    "m1": 1.25,
    "z_s1": 24,
    "z_p1": 48,
    "z_r1": 120,
    "b1": 40,
    "x_s1": 0.3,
    "x_p1": -0.3,
    "m2": 1.5,
    "z_s2": 24,
    "z_p2": 24,
    "z_r2": 72,
    "b2": 60,
    "x_s2": 0.3,
    "x_p2": -0.3,
    "mat_s1": "PA6_CF",
    "mat_p1": "PA6_CF",
    "mat_r1": "PA6_CF",
    "mat_s2": "D16T",
    "mat_p2": "PA6_CF",
    "mat_r2": "PA6_CF"
  },
  "i_total": 24,
  "t_out": 64.152,
  "n_out": 6.25,
  "T_in_2": 17.819999999999997,
  "s1": {
    "name": "__s1_internal__",
    "SF": [
      8.62566897872187,
      8.489916648894598
    ],
    "SH": [
      1.4857636852542455,
      1.4857636852542455
    ],
    "SigmaF": [
      4.173589328411069,
      4.24032431516124
    ],
    "SigmaH": 23.556909047760687,
    "SH_pess": 1.4857636852542455,
    "mats": [
      "PA6_CF",
      "PA6_CF"
    ]
  },
  "s2": {
    "name": "__s2_internal__",
    "SF": [
      32.653922455705086,
      3.9312591272410558
    ],
    "SH": [
      3.3482300625449906,
      3.3482300625449906
    ],
    "SigmaF": [
      7.962289992961457,
      9.15737142600027
    ],
    "SigmaH": 50.77309408983174,
    "SH_pess": 0.6893414834651451,
    "mats": [
      "D16T",
      "PA6_CF"
    ]
  },
  "pr1": {
    "name": "__pr1_internal__",
    "force_n": 73.33333333333333,
    "d_planet": 60.0,
    "d_ring": 150.0,
    "sigma_p": 6.57228,
    "sigma_r": 4.861999999999999,
    "sigma_lim_p": 18,
    "sigma_lim_r": 18,
    "sf_p": 5.477551169457175,
    "sf_r": 7.404360345536817,
    "sigma_h": 13.514990412265213,
    "sigma_h_lim_p": 35,
    "sigma_h_lim_r": 35,
    "sh_p": 2.589716968517904,
    "sh_r": 2.589716968517904,
    "r_eq": 17.101007166283434
  },
  "pr2": {
    "name": "__pr2_internal__",
    "force_n": 247.49999999999994,
    "d_planet": 36.0,
    "d_ring": 108.0,
    "sigma_p": 14.156999999999998,
    "sigma_r": 9.471783749999997,
    "sigma_lim_p": 18,
    "sigma_lim_r": 18,
    "sf_p": 2.542911633820725,
    "sf_r": 3.8007624487837375,
    "sigma_h": 27.58735865721386,
    "sigma_h_lim_p": 35,
    "sigma_h_lim_r": 35,
    "sh_p": 1.2686970302192304,
    "sh_r": 1.2686970302192304,
    "r_eq": 9.234543869793056
  }
}