{
  "filename": "i24_6x4_m1.5-Z18-36-90_m2-Z24-24-72_b25x40",
  "variant": {
    "legacy_name": "Y_R24_F_T",
    "description": "i=24 (6x4) промежуточный: m1=1.5 Z18-36-90 b1=25 + m2=2.0 Z24-24-72 b2=40. Ø156 Lax95.",
    "i1": 6,
    "i2": 4,
    "n_sat_1": 3,
    "n_sat_2": 4,
    "m1": 1.5,
    "z_s1": 18,
    "z_p1": 36,
    "z_r1": 90,
    "b1": 25,
    "x_s1": 0.0,
    "x_p1": 0.0,
    "m2": 2.0,
    "z_s2": 24,
    "z_p2": 24,
    "z_r2": 72,
    "b2": 40,
    "x_s2": 0.0,
    "x_p2": 0.0,
    "mat_s1": "POM_C",
    "mat_p1": "POM_C",
    "mat_r1": "PETG",
    "mat_s2": "POM_C",
    "mat_p2": "POM_C",
    "mat_r2": "PETG"
  },
  "i_total": 24,
  "t_out": 64.152,
  "n_out": 6.25,
  "T_in_2": 17.819999999999997,
  "s1": {
    "name": "__s1_internal__",
    "SF": [
      7.509257732814225,
      8.256354953673279
    ],
    "SH": [
      1.5840309342933423,
      1.5840309342933423
    ],
    "SigmaF": [
      6.9247856246521575,
      6.298178832157044
    ],
    "SigmaH": 22.09552808740694,
    "SH_pess": 1.5840309342933423,
    "mats": [
      "POM_C",
      "POM_C"
    ]
  },
  "s2": {
    "name": "__s2_internal__",
    "SF": [
      7.380155615120298,
      7.380155615120298
    ],
    "SH": [
      1.5299220210738482,
      1.5299220210738482
    ],
    "SigmaF": [
      7.0459218899752685,
      7.0459218899752685
    ],
    "SigmaH": 22.876982955924507,
    "SH_pess": 1.5299220210738482,
    "mats": [
      "POM_C",
      "POM_C"
    ]
  },
  "pr1": {
    "name": "__pr1_internal__",
    "force_n": 81.48148148148148,
    "d_planet": 54.0,
    "d_ring": 135.0,
    "sigma_p": 9.731061728395062,
    "sigma_r": 7.3290148148148155,
    "sigma_lim_p": 26,
    "sigma_lim_r": 12,
    "sf_p": 5.343712890882702,
    "sf_r": 3.274655681072793,
    "sigma_h": 11.44033526920571,
    "sigma_h_lim_p": 35,
    "sigma_h_lim_r": 22,
    "sh_p": 3.059350899812398,
    "sh_r": 1.9230205655963646,
    "r_eq": 15.390906449655096
  },
  "pr2": {
    "name": "__pr2_internal__",
    "force_n": 185.62499999999997,
    "d_planet": 48.0,
    "d_ring": 144.0,
    "sigma_p": 11.402015624999999,
    "sigma_r": 7.991817539062499,
    "sigma_lim_p": 26,
    "sigma_lim_r": 12,
    "sf_p": 4.560597153189746,
    "sf_r": 3.003071564471101,
    "sigma_h": 15.262389835303624,
    "sigma_h_lim_p": 35,
    "sigma_h_lim_r": 22,
    "sh_p": 2.2932188456516203,
    "sh_r": 1.4414518458381613,
    "r_eq": 12.312725159724073
  }
}