{
  "filename": "i24_6x4_m1.25-Z18-36-90_m2-Z24-24-72_b30x45",
  "variant": {
    "legacy_name": "N_R24_X",
    "description": "PA6 i=24 (6x4) большое солнце ст.2: m2=2.0 Z24-24-72 b2=45. Ø=156 Lax=105.",
    "i1": 6,
    "i2": 4,
    "n_sat_1": 3,
    "n_sat_2": 4,
    "m1": 1.25,
    "z_s1": 18,
    "z_p1": 36,
    "z_r1": 90,
    "b1": 30,
    "x_s1": 0.0,
    "x_p1": 0.0,
    "m2": 2.0,
    "z_s2": 24,
    "z_p2": 24,
    "z_r2": 72,
    "b2": 45,
    "x_s2": 0.0,
    "x_p2": 0.0,
    "mat_s1": "PA6_PRINT",
    "mat_p1": "PA6_PRINT",
    "mat_r1": "PA6_PRINT",
    "mat_s2": "PA6_PRINT",
    "mat_p2": "PA6_PRINT",
    "mat_r2": "PA6_PRINT"
  },
  "i_total": 24,
  "t_out": 64.152,
  "n_out": 6.25,
  "T_in_2": 17.819999999999997,
  "s1": {
    "name": "__s1_internal__",
    "SF": [
      3.8509014014431915,
      4.234028181370912
    ],
    "SH": [
      1.4291442891126025,
      1.4291442891126025
    ],
    "SigmaF": [
      8.309742749582592,
      7.557814598588453
    ],
    "SigmaH": 17.492985271293517,
    "SH_pess": 1.4291442891126025,
    "mats": [
      "PA6_PRINT",
      "PA6_PRINT"
    ]
  },
  "s2": {
    "name": "__s2_internal__",
    "SF": [
      5.109338502775592,
      5.109338502775592
    ],
    "SH": [
      1.6037940560586663,
      1.6037940560586663
    ],
    "SigmaF": [
      6.2630416799780155,
      6.2630416799780155
    ],
    "SigmaH": 15.588036322716928,
    "SH_pess": 1.6037940560586663,
    "mats": [
      "PA6_PRINT",
      "PA6_PRINT"
    ]
  },
  "pr1": {
    "name": "__pr1_internal__",
    "force_n": 97.77777777777777,
    "d_planet": 45.0,
    "d_ring": 112.5,
    "sigma_p": 11.677274074074074,
    "sigma_r": 8.794817777777778,
    "sigma_lim_p": 16,
    "sigma_lim_r": 16,
    "sf_p": 2.7403655850680524,
    "sf_r": 3.6385063123031034,
    "sigma_h": 9.995690444887472,
    "sigma_h_lim_p": 25,
    "sigma_h_lim_r": 25,
    "sh_p": 2.5010778532849454,
    "sh_r": 2.5010778532849454,
    "r_eq": 12.825755374712577
  },
  "pr2": {
    "name": "__pr2_internal__",
    "force_n": 185.62499999999997,
    "d_planet": 48.0,
    "d_ring": 144.0,
    "sigma_p": 10.135124999999999,
    "sigma_r": 7.1038378124999975,
    "sigma_lim_p": 16,
    "sigma_lim_r": 16,
    "sf_p": 3.1573364906698242,
    "sf_r": 4.504607346706652,
    "sigma_h": 11.477034945369228,
    "sigma_h_lim_p": 25,
    "sigma_h_lim_r": 25,
    "sh_p": 2.178262950230629,
    "sh_r": 2.178262950230629,
    "r_eq": 12.312725159724073
  }
}