{
  "filename": "i24_6x4_m1.25-Z18-36-90_m2-Z24-24-72_b30x40",
  "variant": {
    "legacy_name": "Y_R24_HX",
    "description": "i=24, st2 крупнее: m1=1.25 Z18-36-90 b1=30 + m2=2.0 Z24-24-72 b2=40. Ø156 Lax100.",
    "i1": 6,
    "i2": 4,
    "n_sat_1": 3,
    "n_sat_2": 4,
    "m1": 1.25,
    "z_s1": 18,
    "z_p1": 36,
    "z_r1": 90,
    "b1": 30,
    "x_s1": 0.0,
    "x_p1": 0.0,
    "m2": 2.0,
    "z_s2": 24,
    "z_p2": 24,
    "z_r2": 72,
    "b2": 40,
    "x_s2": 0.0,
    "x_p2": 0.0,
    "mat_s1": "POM_C",
    "mat_p1": "POM_C",
    "mat_r1": "PETG",
    "mat_s2": "POM_C",
    "mat_p2": "POM_C",
    "mat_r2": "PETG"
  },
  "i_total": 24,
  "t_out": 64.152,
  "n_out": 6.25,
  "T_in_2": 17.819999999999997,
  "s1": {
    "name": "__s1_internal__",
    "SF": [
      6.2577147773451856,
      6.880295794727733
    ],
    "SH": [
      1.4460157908307452,
      1.4460157908307452
    ],
    "SigmaF": [
      8.309742749582592,
      7.557814598588453
    ],
    "SigmaH": 24.20443830692352,
    "SH_pess": 1.4460157908307452,
    "mats": [
      "POM_C",
      "POM_C"
    ]
  },
  "s2": {
    "name": "__s2_internal__",
    "SF": [
      7.380155615120298,
      7.380155615120298
    ],
    "SH": [
      1.5299220210738482,
      1.5299220210738482
    ],
    "SigmaF": [
      7.0459218899752685,
      7.0459218899752685
    ],
    "SigmaH": 22.876982955924507,
    "SH_pess": 1.5299220210738482,
    "mats": [
      "POM_C",
      "POM_C"
    ]
  },
  "pr1": {
    "name": "__pr1_internal__",
    "force_n": 97.77777777777777,
    "d_planet": 45.0,
    "d_ring": 112.5,
    "sigma_p": 11.677274074074074,
    "sigma_r": 8.794817777777778,
    "sigma_lim_p": 26,
    "sigma_lim_r": 12,
    "sf_p": 4.453094075735585,
    "sf_r": 2.7288797342273274,
    "sigma_h": 12.532259384731812,
    "sigma_h_lim_p": 35,
    "sigma_h_lim_r": 22,
    "sh_p": 2.792792498584962,
    "sh_r": 1.7554695705391192,
    "r_eq": 12.825755374712577
  },
  "pr2": {
    "name": "__pr2_internal__",
    "force_n": 185.62499999999997,
    "d_planet": 48.0,
    "d_ring": 144.0,
    "sigma_p": 11.402015624999999,
    "sigma_r": 7.991817539062499,
    "sigma_lim_p": 26,
    "sigma_lim_r": 12,
    "sf_p": 4.560597153189746,
    "sf_r": 3.003071564471101,
    "sigma_h": 15.262389835303624,
    "sigma_h_lim_p": 35,
    "sigma_h_lim_r": 22,
    "sh_p": 2.2932188456516203,
    "sh_r": 1.4414518458381613,
    "r_eq": 12.312725159724073
  }
}