{
  "filename": "i24_6x4_m1.25-Z18-36-90_m2-Z18-18-54_b22x35_N6",
  "variant": {
    "legacy_name": "N_R24_S",
    "description": "PA6 i=24 (6x4) ультра-компакт: m1=1.25 Z18-36-90 b1=22, m2=2.0 Z18-18-54 b2=35. Ø=120 Lax=87.",
    "i1": 6,
    "i2": 4,
    "n_sat_1": 3,
    "n_sat_2": 4,
    "m1": 1.25,
    "z_s1": 18,
    "z_p1": 36,
    "z_r1": 90,
    "b1": 22,
    "x_s1": 0.0,
    "x_p1": 0.0,
    "m2": 2.0,
    "z_s2": 18,
    "z_p2": 18,
    "z_r2": 54,
    "b2": 35,
    "x_s2": 0.0,
    "x_p2": 0.0,
    "mat_s1": "PA6_PRINT",
    "mat_p1": "PA6_PRINT",
    "mat_r1": "PA6_PRINT",
    "mat_s2": "PA6_PRINT",
    "mat_p2": "PA6_PRINT",
    "mat_r2": "PA6_PRINT"
  },
  "i_total": 24,
  "t_out": 64.152,
  "n_out": 6.25,
  "T_in_2": 17.819999999999997,
  "s1": {
    "name": "__s1_internal__",
    "SF": [
      2.82399436105834,
      3.104953999672002
    ],
    "SH": [
      1.2238460521414947,
      1.2238460521414947
    ],
    "SigmaF": [
      11.331467385794443,
      10.306110816256982
    ],
    "SigmaH": 20.427405845902612,
    "SH_pess": 1.2238460521414947,
    "mats": [
      "PA6_PRINT",
      "PA6_PRINT"
    ]
  },
  "s2": {
    "name": "__s2_internal__",
    "SF": [
      2.744885778474542,
      2.744885778474542
    ],
    "SH": [
      1.0452060852904155,
      1.0452060852904155
    ],
    "SigmaF": [
      11.658044298580561,
      11.658044298580561
    ],
    "SigmaH": 23.91872794450257,
    "SH_pess": 1.0452060852904155,
    "mats": [
      "PA6_PRINT",
      "PA6_PRINT"
    ]
  },
  "pr1": {
    "name": "__pr1_internal__",
    "force_n": 97.77777777777777,
    "d_planet": 45.0,
    "d_ring": 112.5,
    "sigma_p": 15.923555555555557,
    "sigma_r": 11.992933333333335,
    "sigma_lim_p": 16,
    "sigma_lim_r": 16,
    "sf_p": 2.009601429049905,
    "sf_r": 2.668237962355609,
    "sigma_h": 11.67245168626548,
    "sigma_h_lim_p": 25,
    "sigma_h_lim_r": 25,
    "sh_p": 2.1417951148529086,
    "sh_r": 2.1417951148529086,
    "r_eq": 12.825755374712577
  },
  "pr2": {
    "name": "__pr2_internal__",
    "force_n": 247.49999999999994,
    "d_planet": 36.0,
    "d_ring": 108.0,
    "sigma_p": 18.960267857142853,
    "sigma_r": 12.564797142857142,
    "sigma_lim_p": 16,
    "sigma_lim_r": 16,
    "sf_p": 1.6877398695580517,
    "sf_r": 2.546797981389729,
    "sigma_h": 17.351645859339857,
    "sigma_h_lim_p": 25,
    "sigma_h_lim_r": 25,
    "sh_p": 1.4407855141040278,
    "sh_r": 1.4407855141040278,
    "r_eq": 9.234543869793056
  }
}