{
  "filename": "i24_6x4_m1.25-Z18-36-90_m2-Z18-18-54_b22x35_s1-POM_C_p1-POM_C_r1-PETG_s2-POM_C_p2-POM_C_r2-PETG",
  "variant": {
    "legacy_name": "Y_R24_S",
    "description": "i=24 (6x4) ультра-компакт по Ø: m1=1.25 Z18-36-90 + m2=2.0 Z18-18-54. Ø120 Lax87.",
    "i1": 6,
    "i2": 4,
    "n_sat_1": 3,
    "n_sat_2": 4,
    "m1": 1.25,
    "z_s1": 18,
    "z_p1": 36,
    "z_r1": 90,
    "b1": 22,
    "x_s1": 0.0,
    "x_p1": 0.0,
    "m2": 2.0,
    "z_s2": 18,
    "z_p2": 18,
    "z_r2": 54,
    "b2": 35,
    "x_s2": 0.0,
    "x_p2": 0.0,
    "mat_s1": "POM_C",
    "mat_p1": "POM_C",
    "mat_r1": "PETG",
    "mat_s2": "POM_C",
    "mat_p2": "POM_C",
    "mat_r2": "PETG"
  },
  "i_total": 24,
  "t_out": 64.152,
  "n_out": 6.25,
  "T_in_2": 17.819999999999997,
  "s1": {
    "name": "__s1_internal__",
    "SF": [
      4.588990836719803,
      5.045550249467003
    ],
    "SH": [
      1.2382939430428874,
      1.2382939430428874
    ],
    "SigmaF": [
      11.331467385794443,
      10.306110816256982
    ],
    "SigmaH": 28.26469449894402,
    "SH_pess": 1.2382939430428874,
    "mats": [
      "POM_C",
      "POM_C"
    ]
  },
  "s2": {
    "name": "__s2_internal__",
    "SF": [
      4.460439390021131,
      4.460439390021131
    ],
    "SH": [
      1.057545074710959,
      1.057545074710959
    ],
    "SigmaF": [
      11.658044298580561,
      11.658044298580561
    ],
    "SigmaH": 33.09551605596193,
    "SH_pess": 1.057545074710959,
    "mats": [
      "POM_C",
      "POM_C"
    ]
  },
  "pr1": {
    "name": "__pr1_internal__",
    "force_n": 97.77777777777777,
    "d_planet": 45.0,
    "d_ring": 112.5,
    "sigma_p": 15.923555555555557,
    "sigma_r": 11.992933333333335,
    "sigma_lim_p": 26,
    "sigma_lim_r": 12,
    "sf_p": 3.2656023222060955,
    "sf_r": 2.001178471766707,
    "sigma_h": 14.634526048458078,
    "sigma_h_lim_p": 35,
    "sigma_h_lim_r": 22,
    "sh_p": 2.3916046125516766,
    "sh_r": 1.5032943278896254,
    "r_eq": 12.825755374712577
  },
  "pr2": {
    "name": "__pr2_internal__",
    "force_n": 247.49999999999994,
    "d_planet": 36.0,
    "d_ring": 108.0,
    "sigma_p": 18.960267857142853,
    "sigma_r": 12.564797142857142,
    "sigma_lim_p": 26,
    "sigma_lim_r": 12,
    "sf_p": 2.742577288031834,
    "sf_r": 1.9100984860422965,
    "sigma_h": 21.75490806365231,
    "sigma_h_lim_p": 35,
    "sigma_h_lim_r": 22,
    "sh_p": 1.6088323562477997,
    "sh_r": 1.011266052498617,
    "r_eq": 9.234543869793056
  }
}