{
  "filename": "i24_6x4_m1.25-Z18-36-90_m2-Z18-18-54_b30x45_s1-POM_C_p1-POM_C_r1-PETG_s2-POM_C_p2-POM_C_r2-PETG",
  "variant": {
    "legacy_name": "Y_R24_M",
    "description": "Y_R24_S средняя ширина: b1=30 b2=45. Ø120 Lax105.",
    "i1": 6,
    "i2": 4,
    "n_sat_1": 3,
    "n_sat_2": 4,
    "m1": 1.25,
    "z_s1": 18,
    "z_p1": 36,
    "z_r1": 90,
    "b1": 30,
    "x_s1": 0.0,
    "x_p1": 0.0,
    "m2": 2.0,
    "z_s2": 18,
    "z_p2": 18,
    "z_r2": 54,
    "b2": 45,
    "x_s2": 0.0,
    "x_p2": 0.0,
    "mat_s1": "POM_C",
    "mat_p1": "POM_C",
    "mat_r1": "PETG",
    "mat_s2": "POM_C",
    "mat_p2": "POM_C",
    "mat_r2": "PETG"
  },
  "i_total": 24,
  "t_out": 64.152,
  "n_out": 6.25,
  "T_in_2": 17.819999999999997,
  "s1": {
    "name": "__s1_internal__",
    "SF": [
      6.2577147773451856,
      6.880295794727733
    ],
    "SH": [
      1.4460157908307452,
      1.4460157908307452
    ],
    "SigmaF": [
      8.309742749582592,
      7.557814598588453
    ],
    "SigmaH": 24.20443830692352,
    "SH_pess": 1.4460157908307452,
    "mats": [
      "POM_C",
      "POM_C"
    ]
  },
  "s2": {
    "name": "__s2_internal__",
    "SF": [
      5.734850644312882,
      5.734850644312882
    ],
    "SH": [
      1.1991434005398944,
      1.1991434005398944
    ],
    "SigmaF": [
      9.067367787784882,
      9.067367787784882
    ],
    "SigmaH": 29.187501665140157,
    "SH_pess": 1.1991434005398944,
    "mats": [
      "POM_C",
      "POM_C"
    ]
  },
  "pr1": {
    "name": "__pr1_internal__",
    "force_n": 97.77777777777777,
    "d_planet": 45.0,
    "d_ring": 112.5,
    "sigma_p": 11.677274074074074,
    "sigma_r": 8.794817777777778,
    "sigma_lim_p": 26,
    "sigma_lim_r": 12,
    "sf_p": 4.453094075735585,
    "sf_r": 2.7288797342273274,
    "sigma_h": 12.532259384731812,
    "sigma_h_lim_p": 35,
    "sigma_h_lim_r": 22,
    "sh_p": 2.792792498584962,
    "sh_r": 1.7554695705391192,
    "r_eq": 12.825755374712577
  },
  "pr2": {
    "name": "__pr2_internal__",
    "force_n": 247.49999999999994,
    "d_planet": 36.0,
    "d_ring": 108.0,
    "sigma_p": 14.746874999999996,
    "sigma_r": 9.772619999999998,
    "sigma_lim_p": 26,
    "sigma_lim_r": 12,
    "sf_p": 3.5261707988980726,
    "sf_r": 2.45584091062581,
    "sigma_h": 19.186025510499242,
    "sigma_h_lim_p": 35,
    "sigma_h_lim_r": 22,
    "sh_p": 1.8242444210681787,
    "sh_r": 1.146667921814284,
    "r_eq": 9.234543869793056
  }
}