{
  "filename": "i24_6x4_m1.25-Z24-48-120_m2-Z18-18-54_b30x45",
  "variant": {
    "legacy_name": "N_R24_H",
    "description": "PA6 i=24 (6x4) большое солнце ст.1: m1=1.25 Z24-48-120, m2=2.0 Z18-18-54 b2=45. Ø=157.5 Lax=105.",
    "i1": 6,
    "i2": 4,
    "n_sat_1": 3,
    "n_sat_2": 4,
    "m1": 1.25,
    "z_s1": 24,
    "z_p1": 48,
    "z_r1": 120,
    "b1": 30,
    "x_s1": 0.0,
    "x_p1": 0.0,
    "m2": 2.0,
    "z_s2": 18,
    "z_p2": 18,
    "z_r2": 54,
    "b2": 45,
    "x_s2": 0.0,
    "x_p2": 0.0,
    "mat_s1": "PA6_PRINT",
    "mat_p1": "PA6_PRINT",
    "mat_r1": "PA6_PRINT",
    "mat_s2": "PA6_PRINT",
    "mat_p2": "PA6_PRINT",
    "mat_r2": "PA6_PRINT"
  },
  "i_total": 24,
  "t_out": 64.152,
  "n_out": 6.25,
  "T_in_2": 17.819999999999997,
  "s1": {
    "name": "__s1_internal__",
    "SF": [
      5.54592342911769,
      5.879562873534508
    ],
    "SH": [
      1.931408923156213,
      1.931408923156213
    ],
    "SigmaF": [
      5.770003933337921,
      5.442581478980452
    ],
    "SigmaH": 12.943918659724444,
    "SH_pess": 1.931408923156213,
    "mats": [
      "PA6_PRINT",
      "PA6_PRINT"
    ]
  },
  "s2": {
    "name": "__s2_internal__",
    "SF": [
      3.5291388580386966,
      3.5291388580386966
    ],
    "SH": [
      1.1851523016384882,
      1.1851523016384882
    ],
    "SigmaF": [
      9.067367787784882,
      9.067367787784882
    ],
    "SigmaH": 21.094335272721644,
    "SH_pess": 1.1851523016384882,
    "mats": [
      "PA6_PRINT",
      "PA6_PRINT"
    ]
  },
  "pr1": {
    "name": "__pr1_internal__",
    "force_n": 73.33333333333333,
    "d_planet": 60.0,
    "d_ring": 150.0,
    "sigma_p": 8.305439999999999,
    "sigma_r": 6.482666666666666,
    "sigma_lim_p": 16,
    "sigma_lim_r": 16,
    "sf_p": 3.8528964148798863,
    "sf_r": 4.936240230357878,
    "sigma_h": 7.496767833665604,
    "sigma_h_lim_p": 25,
    "sigma_h_lim_r": 25,
    "sh_p": 3.334770471046594,
    "sh_r": 3.334770471046594,
    "r_eq": 17.101007166283434
  },
  "pr2": {
    "name": "__pr2_internal__",
    "force_n": 247.49999999999994,
    "d_planet": 36.0,
    "d_ring": 108.0,
    "sigma_p": 14.746874999999996,
    "sigma_r": 9.772619999999998,
    "sigma_lim_p": 16,
    "sigma_lim_r": 16,
    "sf_p": 2.1699512608603526,
    "sf_r": 3.27445454750108,
    "sigma_h": 15.302713260492302,
    "sigma_h_lim_p": 25,
    "sigma_h_lim_r": 25,
    "sh_p": 1.6336972126729719,
    "sh_r": 1.6336972126729719,
    "r_eq": 9.234543869793056
  }
}