{
  "filename": "i24_6x4_m1.25-Z18-36-90_m2-Z24-24-72_b35x50",
  "variant": {
    "legacy_name": "N_R24_XM",
    "description": "PA6 i=24 (6x4) подтяжка N_R24_X: b1=35 b2=50. Ø=156 Lax=115.",
    "i1": 6,
    "i2": 4,
    "n_sat_1": 3,
    "n_sat_2": 4,
    "m1": 1.25,
    "z_s1": 18,
    "z_p1": 36,
    "z_r1": 90,
    "b1": 35,
    "x_s1": 0.0,
    "x_p1": 0.0,
    "m2": 2.0,
    "z_s2": 24,
    "z_p2": 24,
    "z_r2": 72,
    "b2": 50,
    "x_s2": 0.0,
    "x_p2": 0.0,
    "mat_s1": "PA6_PRINT",
    "mat_p1": "PA6_PRINT",
    "mat_r1": "PA6_PRINT",
    "mat_s2": "PA6_PRINT",
    "mat_p2": "PA6_PRINT",
    "mat_r2": "PA6_PRINT"
  },
  "i_total": 24,
  "t_out": 64.152,
  "n_out": 6.25,
  "T_in_2": 17.819999999999997,
  "s1": {
    "name": "__s1_internal__",
    "SF": [
      4.492718301683723,
      4.93969954493273
    ],
    "SH": [
      1.5436522597248687,
      1.5436522597248687
    ],
    "SigmaF": [
      7.122636642499364,
      6.478126798790104
    ],
    "SigmaH": 16.195357369188738,
    "SH_pess": 1.5436522597248687,
    "mats": [
      "PA6_PRINT",
      "PA6_PRINT"
    ]
  },
  "s2": {
    "name": "__s2_internal__",
    "SF": [
      5.677042780861767,
      5.677042780861767
    ],
    "SH": [
      1.6905473716617179,
      1.6905473716617179
    ],
    "SigmaF": [
      5.636737511980215,
      5.636737511980215
    ],
    "SigmaH": 14.7881097087663,
    "SH_pess": 1.6905473716617179,
    "mats": [
      "PA6_PRINT",
      "PA6_PRINT"
    ]
  },
  "pr1": {
    "name": "__pr1_internal__",
    "force_n": 97.77777777777777,
    "d_planet": 45.0,
    "d_ring": 112.5,
    "sigma_p": 10.009092063492066,
    "sigma_r": 7.538415238095238,
    "sigma_lim_p": 16,
    "sigma_lim_r": 16,
    "sf_p": 3.1970931825793936,
    "sf_r": 4.244924031020288,
    "sigma_h": 9.254211124981259,
    "sigma_h_lim_p": 25,
    "sigma_h_lim_r": 25,
    "sh_p": 2.7014728389450515,
    "sh_r": 2.7014728389450515,
    "r_eq": 12.825755374712577
  },
  "pr2": {
    "name": "__pr2_internal__",
    "force_n": 185.62499999999997,
    "d_planet": 48.0,
    "d_ring": 144.0,
    "sigma_p": 9.121612499999998,
    "sigma_r": 6.3934540312499974,
    "sigma_lim_p": 16,
    "sigma_lim_r": 16,
    "sf_p": 3.5081516562998054,
    "sf_r": 5.005119274118503,
    "sigma_h": 10.888071363813877,
    "sigma_h_lim_p": 25,
    "sigma_h_lim_r": 25,
    "sh_p": 2.2960907551622616,
    "sh_r": 2.2960907551622616,
    "r_eq": 12.312725159724073
  }
}