{
  "filename": "i24_6x4_m1.5-Z18-36-90_m2.5-Z18-18-54_b35x50",
  "variant": {
    "legacy_name": "N_R24_EW",
    "description": "PA6 i=24 (6x4) m2=2.5 шире: b1=35 b2=50. Ø=150 Lax=115.",
    "i1": 6,
    "i2": 4,
    "n_sat_1": 3,
    "n_sat_2": 4,
    "m1": 1.5,
    "z_s1": 18,
    "z_p1": 36,
    "z_r1": 90,
    "b1": 35,
    "x_s1": 0.0,
    "x_p1": 0.0,
    "m2": 2.5,
    "z_s2": 18,
    "z_p2": 18,
    "z_r2": 54,
    "b2": 50,
    "x_s2": 0.0,
    "x_p2": 0.0,
    "mat_s1": "PA6_PRINT",
    "mat_p1": "PA6_PRINT",
    "mat_r1": "PA6_PRINT",
    "mat_s2": "PA6_PRINT",
    "mat_p2": "PA6_PRINT",
    "mat_r2": "PA6_PRINT"
  },
  "i_total": 24,
  "t_out": 64.152,
  "n_out": 6.25,
  "T_in_2": 17.819999999999997,
  "s1": {
    "name": "__s1_internal__",
    "SF": [
      6.469514354424563,
      7.113167344703131
    ],
    "SH": [
      1.8523827116698424,
      1.8523827116698424
    ],
    "SigmaF": [
      4.946275446180113,
      4.498699165826461
    ],
    "SigmaH": 13.496131140990615,
    "SH_pess": 1.8523827116698426,
    "mats": [
      "PA6_PRINT",
      "PA6_PRINT"
    ]
  },
  "s2": {
    "name": "__s2_internal__",
    "SF": [
      6.126977184094958,
      6.126977184094958
    ],
    "SH": [
      1.5615752697368863,
      1.5615752697368863
    ],
    "SigmaF": [
      5.222803845764093,
      5.222803845764093
    ],
    "SigmaH": 16.009474845367084,
    "SH_pess": 1.561575269736886,
    "mats": [
      "PA6_PRINT",
      "PA6_PRINT"
    ]
  },
  "pr1": {
    "name": "__pr1_internal__",
    "force_n": 81.48148148148148,
    "d_planet": 54.0,
    "d_ring": 135.0,
    "sigma_p": 6.9507583774250445,
    "sigma_r": 5.235010582010582,
    "sigma_lim_p": 16,
    "sigma_lim_r": 16,
    "sf_p": 4.603814182914328,
    "sf_r": 6.112690604669214,
    "sigma_h": 7.711842604151047,
    "sigma_h_lim_p": 25,
    "sigma_h_lim_r": 25,
    "sh_p": 3.2417674067340627,
    "sh_r": 3.2417674067340627,
    "r_eq": 15.390906449655096
  },
  "pr2": {
    "name": "__pr2_internal__",
    "force_n": 197.99999999999997,
    "d_planet": 45.0,
    "d_ring": 135.0,
    "sigma_p": 8.4942,
    "sigma_r": 5.629029119999999,
    "sigma_lim_p": 16,
    "sigma_lim_r": 16,
    "sf_p": 3.7672764945492223,
    "sf_r": 5.684816922744931,
    "sigma_h": 11.613942788068137,
    "sigma_h_lim_p": 25,
    "sigma_h_lim_r": 25,
    "sh_p": 2.15258508296462,
    "sh_r": 2.15258508296462,
    "r_eq": 11.54317983724132
  }
}