{
  "filename": "i24_6x4_m1.25-Z18-36-90_m1.5-Z24-24-72_b30x60",
  "variant": {
    "legacy_name": "V64LW",
    "description": "V64L + b2=60.",
    "i1": 6,
    "i2": 4,
    "n_sat_1": 3,
    "n_sat_2": 4,
    "m1": 1.25,
    "z_s1": 18,
    "z_p1": 36,
    "z_r1": 90,
    "b1": 30,
    "x_s1": 0.0,
    "x_p1": 0.0,
    "m2": 1.5,
    "z_s2": 24,
    "z_p2": 24,
    "z_r2": 72,
    "b2": 60,
    "x_s2": 0.0,
    "x_p2": 0.0,
    "mat_s1": "PA6_CF",
    "mat_p1": "PA6_CF",
    "mat_r1": "PA6_CF",
    "mat_s2": "D16T",
    "mat_p2": "PA6_CF",
    "mat_r2": "PA6_CF"
  },
  "i_total": 24,
  "t_out": 64.152,
  "n_out": 6.25,
  "T_in_2": 17.819999999999997,
  "s1": {
    "name": "__s1_internal__",
    "SF": [
      4.3322640766235905,
      4.763281704042276
    ],
    "SH": [
      0.9611541934540757,
      0.9611541934540757
    ],
    "SigmaF": [
      8.309742749582592,
      7.557814598588453
    ],
    "SigmaH": 36.41455266841356,
    "SH_pess": 0.9611541934540757,
    "mats": [
      "PA6_CF",
      "PA6_CF"
    ]
  },
  "s2": {
    "name": "__s2_internal__",
    "SF": [
      31.135031501288726,
      4.3110043617169005
    ],
    "SH": [
      3.358317373586925,
      3.358317373586925
    ],
    "SigmaF": [
      8.350722239970697,
      8.350722239970697
    ],
    "SigmaH": 50.62058795784025,
    "SH_pess": 0.6914182827973081,
    "mats": [
      "D16T",
      "PA6_CF"
    ]
  },
  "pr1": {
    "name": "__pr1_internal__",
    "force_n": 97.77777777777777,
    "d_planet": 45.0,
    "d_ring": 112.5,
    "sigma_p": 11.677274074074074,
    "sigma_r": 8.794817777777778,
    "sigma_lim_p": 18,
    "sigma_lim_r": 18,
    "sf_p": 3.0829112832015593,
    "sf_r": 4.093319601340991,
    "sigma_h": 20.807688940310754,
    "sigma_h_lim_p": 35,
    "sigma_h_lim_r": 35,
    "sh_p": 1.6820705125110973,
    "sh_r": 1.6820705125110973,
    "r_eq": 12.825755374712577
  },
  "pr2": {
    "name": "__pr2_internal__",
    "force_n": 247.49999999999994,
    "d_planet": 36.0,
    "d_ring": 108.0,
    "sigma_p": 13.513499999999997,
    "sigma_r": 9.471783749999997,
    "sigma_lim_p": 18,
    "sigma_lim_r": 18,
    "sf_p": 2.6640026640026644,
    "sf_r": 3.8007624487837375,
    "sigma_h": 27.58735865721386,
    "sigma_h_lim_p": 35,
    "sigma_h_lim_r": 35,
    "sh_p": 1.2686970302192304,
    "sh_r": 1.2686970302192304,
    "r_eq": 9.234543869793056
  }
}