{
  "filename": "i24_6x4_m1.25-Z18-36-90_m1.5-Z24-24-72_b45x60",
  "variant": {
    "legacy_name": "V64LP",
    "description": "Премиальный: V64L + b1=45 + b2=60 + смещения.",
    "i1": 6,
    "i2": 4,
    "n_sat_1": 3,
    "n_sat_2": 4,
    "m1": 1.25,
    "z_s1": 18,
    "z_p1": 36,
    "z_r1": 90,
    "b1": 45,
    "x_s1": 0.3,
    "x_p1": -0.3,
    "m2": 1.5,
    "z_s2": 24,
    "z_p2": 24,
    "z_r2": 72,
    "b2": 60,
    "x_s2": 0.3,
    "x_p2": -0.3,
    "mat_s1": "PA6_CF",
    "mat_p1": "PA6_CF",
    "mat_r1": "PA6_CF",
    "mat_s2": "D16T",
    "mat_p2": "PA6_CF",
    "mat_r2": "PA6_CF"
  },
  "i_total": 24,
  "t_out": 64.152,
  "n_out": 6.25,
  "T_in_2": 17.819999999999997,
  "s1": {
    "name": "__s1_internal__",
    "SF": [
      6.953580112781966,
      6.725073131518619
    ],
    "SH": [
      1.1658873669584393,
      1.1658873669584393
    ],
    "SigmaF": [
      5.177189219956688,
      5.353101638594476
    ],
    "SigmaH": 30.020052529866422,
    "SH_pess": 1.1658873669584393,
    "mats": [
      "PA6_CF",
      "PA6_CF"
    ]
  },
  "s2": {
    "name": "__s2_internal__",
    "SF": [
      32.653922455705086,
      3.9312591272410558
    ],
    "SH": [
      3.3482300625449906,
      3.3482300625449906
    ],
    "SigmaF": [
      7.962289992961457,
      9.15737142600027
    ],
    "SigmaH": 50.77309408983174,
    "SH_pess": 0.6893414834651451,
    "mats": [
      "D16T",
      "PA6_CF"
    ]
  },
  "pr1": {
    "name": "__pr1_internal__",
    "force_n": 97.77777777777777,
    "d_planet": 45.0,
    "d_ring": 112.5,
    "sigma_p": 8.191604938271606,
    "sigma_r": 5.863211851851853,
    "sigma_lim_p": 18,
    "sigma_lim_r": 18,
    "sf_p": 4.394743187846635,
    "sf_r": 6.139979402011487,
    "sigma_h": 16.989406876771387,
    "sigma_h_lim_p": 35,
    "sigma_h_lim_r": 35,
    "sh_p": 2.0601072335169883,
    "sh_r": 2.0601072335169883,
    "r_eq": 12.825755374712577
  },
  "pr2": {
    "name": "__pr2_internal__",
    "force_n": 247.49999999999994,
    "d_planet": 36.0,
    "d_ring": 108.0,
    "sigma_p": 14.156999999999998,
    "sigma_r": 9.471783749999997,
    "sigma_lim_p": 18,
    "sigma_lim_r": 18,
    "sf_p": 2.542911633820725,
    "sf_r": 3.8007624487837375,
    "sigma_h": 27.58735865721386,
    "sigma_h_lim_p": 35,
    "sigma_h_lim_r": 35,
    "sh_p": 1.2686970302192304,
    "sh_r": 1.2686970302192304,
    "r_eq": 9.234543869793056
  }
}