{
  "filename": "i24_6x4_m1.5-Z18-36-90_m2-Z24-24-72_b35x55",
  "variant": {
    "legacy_name": "Y_R24_F_W",
    "description": "i=24 (6x4) широкая: m1=1.5 Z18-36-90 b1=35 + m2=2.0 Z24-24-72 b2=55. Ø156 Lax120.",
    "i1": 6,
    "i2": 4,
    "n_sat_1": 3,
    "n_sat_2": 4,
    "m1": 1.5,
    "z_s1": 18,
    "z_p1": 36,
    "z_r1": 90,
    "b1": 35,
    "x_s1": 0.0,
    "x_p1": 0.0,
    "m2": 2.0,
    "z_s2": 24,
    "z_p2": 24,
    "z_r2": 72,
    "b2": 55,
    "x_s2": 0.0,
    "x_p2": 0.0,
    "mat_s1": "POM_C",
    "mat_p1": "POM_C",
    "mat_r1": "PETG",
    "mat_s2": "POM_C",
    "mat_p2": "POM_C",
    "mat_r2": "PETG"
  },
  "i_total": 24,
  "t_out": 64.152,
  "n_out": 6.25,
  "T_in_2": 17.819999999999997,
  "s1": {
    "name": "__s1_internal__",
    "SF": [
      10.512960825939913,
      11.558896935142588
    ],
    "SH": [
      1.8742506772354477,
      1.8742506772354477
    ],
    "SigmaF": [
      4.946275446180113,
      4.498699165826461
    ],
    "SigmaH": 18.674129573545418,
    "SH_pess": 1.8742506772354477,
    "mats": [
      "POM_C",
      "POM_C"
    ]
  },
  "s2": {
    "name": "__s2_internal__",
    "SF": [
      10.14771397079041,
      10.14771397079041
    ],
    "SH": [
      1.7939925897364228,
      1.7939925897364228
    ],
    "SigmaF": [
      5.124306829072923,
      5.124306829072923
    ],
    "SigmaH": 19.50955661703278,
    "SH_pess": 1.7939925897364228,
    "mats": [
      "POM_C",
      "POM_C"
    ]
  },
  "pr1": {
    "name": "__pr1_internal__",
    "force_n": 81.48148148148148,
    "d_planet": 54.0,
    "d_ring": 135.0,
    "sigma_p": 6.9507583774250445,
    "sigma_r": 5.235010582010582,
    "sigma_lim_p": 26,
    "sigma_lim_r": 12,
    "sf_p": 7.481198047235782,
    "sf_r": 4.584517953501911,
    "sigma_h": 9.668848028289915,
    "sigma_h_lim_p": 35,
    "sigma_h_lim_r": 22,
    "sh_p": 3.619872801557549,
    "sh_r": 2.275348618121888,
    "r_eq": 15.390906449655096
  },
  "pr2": {
    "name": "__pr2_internal__",
    "force_n": 185.62499999999997,
    "d_planet": 48.0,
    "d_ring": 144.0,
    "sigma_p": 8.292374999999998,
    "sigma_r": 5.812230937499999,
    "sigma_lim_p": 26,
    "sigma_lim_r": 12,
    "sf_p": 6.270821085635902,
    "sf_r": 4.1292234011477635,
    "sigma_h": 13.015809784741279,
    "sigma_h_lim_p": 35,
    "sigma_h_lim_r": 22,
    "sh_p": 2.689037453592113,
    "sh_r": 1.6902521136864712,
    "r_eq": 12.312725159724073
  }
}