{
  "filename": "i24_4x6_m2-Z18-18-54_m1.5-Z20-40-100",
  "variant": {
    "legacy_name": "V46LL",
    "description": "i=4x6, Z=20/40/100 ст.2 (i=6), m2=1.5 b2=60. R_eq=17.1.",
    "i1": 4,
    "i2": 6,
    "n_sat_1": 3,
    "n_sat_2": 4,
    "m1": 2.0,
    "z_s1": 18,
    "z_p1": 18,
    "z_r1": 54,
    "b1": 30,
    "x_s1": 0.0,
    "x_p1": 0.0,
    "m2": 1.5,
    "z_s2": 20,
    "z_p2": 40,
    "z_r2": 100,
    "b2": 60,
    "x_s2": 0.0,
    "x_p2": 0.0,
    "mat_s1": "PA6_CF",
    "mat_p1": "PA6_CF",
    "mat_r1": "PA6_CF",
    "mat_s2": "D16T",
    "mat_p2": "PA6_CF",
    "mat_r2": "PA6_CF"
  },
  "i_total": 24,
  "t_out": 64.152,
  "n_out": 6.25,
  "T_in_2": 11.879999999999999,
  "s1": {
    "name": "__s1_internal__",
    "SF": [
      10.71975928129254,
      10.71975928129254
    ],
    "SH": [
      1.309703636117796,
      1.309703636117796
    ],
    "SigmaF": [
      3.358284365846253,
      3.358284365846253
    ],
    "SigmaH": 26.723602985287936,
    "SH_pess": 1.309703636117796,
    "mats": [
      "PA6_CF",
      "PA6_CF"
    ]
  },
  "s2": {
    "name": "__s2_internal__",
    "SF": [
      38.26186876242532,
      5.739248848501828
    ],
    "SH": [
      3.985569364959607,
      3.985569364959607
    ],
    "SigmaF": [
      6.795277084200611,
      6.272597852138339
    ],
    "SigmaH": 42.65388064616533,
    "SH_pess": 0.8205583986681544,
    "mats": [
      "D16T",
      "PA6_CF"
    ]
  },
  "pr1": {
    "name": "__pr1_internal__",
    "force_n": 61.111111111111114,
    "d_planet": 36.0,
    "d_ring": 108.0,
    "sigma_p": 5.461805555555556,
    "sigma_r": 3.619488888888889,
    "sigma_lim_p": 18,
    "sigma_lim_r": 18,
    "sf_p": 6.591226954863318,
    "sf_r": 9.946155688034528,
    "sigma_h": 19.38641955216892,
    "sigma_h_lim_p": 35,
    "sigma_h_lim_r": 35,
    "sh_p": 1.8053875242829076,
    "sh_r": 1.8053875242829076,
    "r_eq": 9.234543869793056
  },
  "pr2": {
    "name": "__pr2_internal__",
    "force_n": 197.99999999999997,
    "d_planet": 60.0,
    "d_ring": 150.0,
    "sigma_p": 9.6525,
    "sigma_r": 7.36593,
    "sigma_lim_p": 18,
    "sigma_lim_r": 18,
    "sf_p": 3.72960372960373,
    "sf_r": 4.88736656471077,
    "sigma_h": 18.132262366249755,
    "sigma_h_lim_p": 35,
    "sigma_h_lim_r": 35,
    "sh_p": 1.9302610613635718,
    "sh_r": 1.9302610613635718,
    "r_eq": 17.101007166283434
  }
}