{
  "filename": "i24_6x4_m1.5-Z18-36-90_m2-Z24-24-72_b22x35",
  "variant": {
    "legacy_name": "Y_R24_F_S",
    "description": "i=24 (6x4) компакт: m1=1.5 Z18-36-90 b1=22 + m2=2.0 Z24-24-72 b2=35. Ø156 Lax87.",
    "i1": 6,
    "i2": 4,
    "n_sat_1": 3,
    "n_sat_2": 4,
    "m1": 1.5,
    "z_s1": 18,
    "z_p1": 36,
    "z_r1": 90,
    "b1": 22,
    "x_s1": 0.0,
    "x_p1": 0.0,
    "m2": 2.0,
    "z_s2": 24,
    "z_p2": 24,
    "z_r2": 72,
    "b2": 35,
    "x_s2": 0.0,
    "x_p2": 0.0,
    "mat_s1": "POM_C",
    "mat_p1": "POM_C",
    "mat_r1": "PETG",
    "mat_s2": "POM_C",
    "mat_p2": "POM_C",
    "mat_r2": "PETG"
  },
  "i_total": 24,
  "t_out": 64.152,
  "n_out": 6.25,
  "T_in_2": 17.819999999999997,
  "s1": {
    "name": "__s1_internal__",
    "SF": [
      6.608146804876518,
      7.265592359232484
    ],
    "SH": [
      1.485952731651465,
      1.485952731651465
    ],
    "SigmaF": [
      7.869074573468361,
      7.157021400178461
    ],
    "SigmaH": 23.55391208245335,
    "SH_pess": 1.485952731651465,
    "mats": [
      "POM_C",
      "POM_C"
    ]
  },
  "s2": {
    "name": "__s2_internal__",
    "SF": [
      6.457636163230261,
      6.457636163230261
    ],
    "SH": [
      1.4311110078347704,
      1.4311110078347704
    ],
    "SigmaF": [
      8.052482159971735,
      8.052482159971735
    ],
    "SigmaH": 24.456523504038998,
    "SH_pess": 1.4311110078347704,
    "mats": [
      "POM_C",
      "POM_C"
    ]
  },
  "pr1": {
    "name": "__pr1_internal__",
    "force_n": 81.48148148148148,
    "d_planet": 54.0,
    "d_ring": 135.0,
    "sigma_p": 11.058024691358026,
    "sigma_r": 8.328425925925927,
    "sigma_lim_p": 26,
    "sigma_lim_r": 12,
    "sf_p": 4.702467343976777,
    "sf_r": 2.8816969993440575,
    "sigma_h": 12.195438373715064,
    "sigma_h_lim_p": 35,
    "sigma_h_lim_r": 22,
    "sh_p": 2.8699255350620123,
    "sh_r": 1.8039531934675506,
    "r_eq": 15.390906449655096
  },
  "pr2": {
    "name": "__pr2_internal__",
    "force_n": 185.62499999999997,
    "d_planet": 48.0,
    "d_ring": 144.0,
    "sigma_p": 13.030874999999998,
    "sigma_r": 9.13350575892857,
    "sigma_lim_p": 26,
    "sigma_lim_r": 12,
    "sf_p": 3.990522509041028,
    "sf_r": 2.6276876189122134,
    "sigma_h": 16.316181047739235,
    "sigma_h_lim_p": 35,
    "sigma_h_lim_r": 22,
    "sh_p": 2.145109808330399,
    "sh_r": 1.3483547366648223,
    "r_eq": 12.312725159724073
  }
}