{
  "filename": "i24_6x4_m1.5-Z24-48-120_m2-Z18-18-54",
  "variant": {
    "legacy_name": "V24C",
    "description": "V24 + Z_s=24 (другая разбивка). Z_r=120 -> Ø180.",
    "i1": 6,
    "i2": 4,
    "n_sat_1": 3,
    "n_sat_2": 4,
    "m1": 1.5,
    "z_s1": 24,
    "z_p1": 48,
    "z_r1": 120,
    "b1": 30,
    "x_s1": 0.0,
    "x_p1": 0.0,
    "m2": 2.0,
    "z_s2": 18,
    "z_p2": 18,
    "z_r2": 54,
    "b2": 30,
    "x_s2": 0.0,
    "x_p2": 0.0,
    "mat_s1": "PA6_CF",
    "mat_p1": "PA6_CF",
    "mat_r1": "PA6_CF",
    "mat_s2": "D16T",
    "mat_p2": "PA6_CF",
    "mat_r2": "PA6_CF"
  },
  "i_total": 24,
  "t_out": 64.152,
  "n_out": 6.25,
  "T_in_2": 17.819999999999997,
  "s1": {
    "name": "__s1_internal__",
    "SF": [
      8.984395955170656,
      9.524891855125917
    ],
    "SH": [
      1.5587356433426847,
      1.5587356433426847
    ],
    "SigmaF": [
      4.006947175929112,
      3.779570471514197
    ],
    "SigmaH": 22.45409614483636,
    "SH_pess": 1.5587356433426847,
    "mats": [
      "PA6_CF",
      "PA6_CF"
    ]
  },
  "s2": {
    "name": "__s2_internal__",
    "SF": [
      19.116168814376277,
      2.6468541435290227
    ],
    "SH": [
      2.3397585323429295,
      2.3397585323429295
    ],
    "SigmaF": [
      13.60105168167732,
      13.60105168167732
    ],
    "SigmaH": 72.65707022757157,
    "SH_pess": 0.48171499195295614,
    "mats": [
      "D16T",
      "PA6_CF"
    ]
  },
  "pr1": {
    "name": "__pr1_internal__",
    "force_n": 61.111111111111114,
    "d_planet": 72.0,
    "d_ring": 180.0,
    "sigma_p": 5.767666666666667,
    "sigma_r": 4.501851851851852,
    "sigma_lim_p": 18,
    "sigma_lim_r": 18,
    "sf_p": 6.241692192105415,
    "sf_r": 7.99670917317976,
    "sigma_h": 13.00480558769422,
    "sigma_h_lim_p": 35,
    "sigma_h_lim_r": 35,
    "sh_p": 2.691312820017756,
    "sh_r": 2.691312820017756,
    "r_eq": 20.521208599540127
  },
  "pr2": {
    "name": "__pr2_internal__",
    "force_n": 247.49999999999994,
    "d_planet": 36.0,
    "d_ring": 108.0,
    "sigma_p": 22.120312499999997,
    "sigma_r": 14.658929999999998,
    "sigma_lim_p": 18,
    "sigma_lim_r": 18,
    "sf_p": 1.6274634456452641,
    "sf_r": 2.45584091062581,
    "sigma_h": 39.01441676308265,
    "sigma_h_lim_p": 35,
    "sigma_h_lim_r": 35,
    "sh_p": 0.8971042733392521,
    "sh_r": 0.8971042733392521,
    "r_eq": 9.234543869793056
  }
}