{
  "filename": "i24_6x4_m1.25-Z24-48-120_m2-Z24-24-72_b30x50",
  "variant": {
    "legacy_name": "X_COMP",
    "description": "Компактный: X_REC + b1=30, b2=50.",
    "i1": 6,
    "i2": 4,
    "n_sat_1": 3,
    "n_sat_2": 4,
    "m1": 1.25,
    "z_s1": 24,
    "z_p1": 48,
    "z_r1": 120,
    "b1": 30,
    "x_s1": 0.3,
    "x_p1": -0.3,
    "m2": 2.0,
    "z_s2": 24,
    "z_p2": 24,
    "z_r2": 72,
    "b2": 50,
    "x_s2": 0.3,
    "x_p2": -0.3,
    "mat_s1": "PA6_CF",
    "mat_p1": "PA6_CF",
    "mat_r1": "PA6_CF",
    "mat_s2": "D16T",
    "mat_p2": "PA6_CF",
    "mat_r2": "PA6_CF"
  },
  "i_total": 24,
  "t_out": 64.152,
  "n_out": 6.25,
  "T_in_2": 17.819999999999997,
  "s1": {
    "name": "__s1_internal__",
    "SF": [
      6.469251734041403,
      6.3674374866709496
    ],
    "SH": [
      1.2867090954505638,
      1.2867090954505638
    ],
    "SigmaF": [
      5.564785771214758,
      5.65376575354832
    ],
    "SigmaH": 27.201175560000326,
    "SH_pess": 1.2867090954505638,
    "mats": [
      "PA6_CF",
      "PA6_CF"
    ]
  },
  "s2": {
    "name": "__s2_internal__",
    "SF": [
      48.37618141585941,
      5.824087595912673
    ],
    "SH": [
      4.075335851050722,
      4.075335851050722
    ],
    "SigmaF": [
      5.37454574524898,
      6.181225712550184
    ],
    "SigmaH": 41.71435342099959,
    "SH_pess": 0.8390397340398545,
    "mats": [
      "D16T",
      "PA6_CF"
    ]
  },
  "pr1": {
    "name": "__pr1_internal__",
    "force_n": 73.33333333333333,
    "d_planet": 60.0,
    "d_ring": 150.0,
    "sigma_p": 8.76304,
    "sigma_r": 6.482666666666666,
    "sigma_lim_p": 18,
    "sigma_lim_r": 18,
    "sf_p": 4.108163377092881,
    "sf_r": 5.553270259152613,
    "sigma_h": 15.605766705233064,
    "sigma_h_lim_p": 35,
    "sigma_h_lim_r": 35,
    "sh_p": 2.2427606833481297,
    "sh_r": 2.2427606833481297,
    "r_eq": 17.101007166283434
  },
  "pr2": {
    "name": "__pr2_internal__",
    "force_n": 185.62499999999997,
    "d_planet": 48.0,
    "d_ring": 144.0,
    "sigma_p": 9.555974999999998,
    "sigma_r": 6.3934540312499974,
    "sigma_lim_p": 18,
    "sigma_lim_r": 18,
    "sf_p": 3.7672764945492223,
    "sf_r": 5.630759183383315,
    "sigma_h": 22.665327957812195,
    "sigma_h_lim_p": 35,
    "sigma_h_lim_r": 35,
    "sh_p": 1.5442088490908572,
    "sh_r": 1.5442088490908572,
    "r_eq": 12.312725159724073
  }
}