{
  "filename": "i24_4x6_m2-Z18-27-72_m1.5-Z18-36-90_b30x30",
  "variant": {
    "legacy_name": "V46",
    "description": "Альтернативная разбивка: i1=4, i2=6. На ст.1 крупнее модуль.",
    "i1": 4,
    "i2": 6,
    "n_sat_1": 3,
    "n_sat_2": 4,
    "m1": 2.0,
    "z_s1": 18,
    "z_p1": 27,
    "z_r1": 72,
    "b1": 30,
    "x_s1": 0.0,
    "x_p1": 0.0,
    "m2": 1.5,
    "z_s2": 18,
    "z_p2": 36,
    "z_r2": 90,
    "b2": 30,
    "x_s2": 0.0,
    "x_p2": 0.0,
    "mat_s1": "PA6_CF",
    "mat_p1": "PA6_CF",
    "mat_r1": "PA6_CF",
    "mat_s2": "D16T",
    "mat_p2": "PA6_CF",
    "mat_r2": "PA6_CF"
  },
  "i_total": 24,
  "t_out": 64.152,
  "n_out": 6.25,
  "T_in_2": 11.879999999999999,
  "s1": {
    "name": "__s1_internal__",
    "SF": [
      10.949041867121307,
      11.714792797842291
    ],
    "SH": [
      1.4494373959712346,
      1.4494373959712346
    ],
    "SigmaF": [
      3.2879589316489684,
      3.0730377072167014
    ],
    "SigmaH": 24.14730025407362,
    "SH_pess": 1.4494373959712346,
    "mats": [
      "PA6_CF",
      "PA6_CF"
    ]
  },
  "s2": {
    "name": "__s2_internal__",
    "SF": [
      16.68723940625383,
      2.5404169088225466
    ],
    "SH": [
      2.5235850567653553,
      2.5235850567653553
    ],
    "SigmaF": [
      15.580767655467357,
      14.170902372353353
    ],
    "SigmaH": 67.36448194771774,
    "SH_pess": 0.5195616293340437,
    "mats": [
      "D16T",
      "PA6_CF"
    ]
  },
  "pr1": {
    "name": "__pr1_internal__",
    "force_n": 61.111111111111114,
    "d_planet": 54.0,
    "d_ring": 144.0,
    "sigma_p": 4.846111111111112,
    "sigma_r": 3.5080680555555555,
    "sigma_lim_p": 18,
    "sigma_lim_r": 18,
    "sf_p": 7.428636936833657,
    "sf_r": 10.262058611716087,
    "sigma_h": 15.326310365118813,
    "sigma_h_lim_p": 35,
    "sigma_h_lim_r": 35,
    "sh_p": 2.2836546543946143,
    "sh_r": 2.2836546543946143,
    "r_eq": 14.775270191668891
  },
  "pr2": {
    "name": "__pr2_internal__",
    "force_n": 219.99999999999997,
    "d_planet": 54.0,
    "d_ring": 135.0,
    "sigma_p": 21.89488888888889,
    "sigma_r": 16.49028333333333,
    "sigma_lim_p": 18,
    "sigma_lim_r": 18,
    "sf_p": 1.6442193510408314,
    "sf_r": 2.183103787381863,
    "sigma_h": 28.492101505397407,
    "sigma_h_lim_p": 35,
    "sigma_h_lim_r": 35,
    "sh_p": 1.2284106173554719,
    "sh_r": 1.2284106173554719,
    "r_eq": 15.390906449655096
  }
}