{
  "filename": "i24_6x4_m2-Z18-36-90_m2.5-Z26-26-78",
  "variant": {
    "legacy_name": "P_R24_M25_F",
    "description": "PETG-only i=24. m2=2.5 Z=26/26/78 b2=55. Ø=210 Lax 125. Плоский.",
    "i1": 6,
    "i2": 4,
    "n_sat_1": 3,
    "n_sat_2": 4,
    "m1": 2.0,
    "z_s1": 18,
    "z_p1": 36,
    "z_r1": 90,
    "b1": 40,
    "x_s1": 0.0,
    "x_p1": 0.0,
    "m2": 2.5,
    "z_s2": 26,
    "z_p2": 26,
    "z_r2": 78,
    "b2": 55,
    "x_s2": 0.0,
    "x_p2": 0.0,
    "mat_s1": "PETG",
    "mat_p1": "PETG",
    "mat_r1": "PETG",
    "mat_s2": "PETG",
    "mat_p2": "PETG",
    "mat_r2": "PETG"
  },
  "i_total": 24,
  "t_out": 64.152,
  "n_out": 6.25,
  "T_in_2": 17.819999999999997,
  "s1": {
    "name": "__s1_internal__",
    "SF": [
      9.85830758769457,
      10.839112144309535
    ],
    "SH": [
      2.012235159070544,
      2.012235159070544
    ],
    "SigmaF": [
      2.4344949461667746,
      2.214203495680211
    ],
    "SigmaH": 10.93311579455845,
    "SH_pess": 2.012235159070544,
    "mats": [
      "PETG",
      "PETG"
    ]
  },
  "s2": {
    "name": "__s2_internal__",
    "SF": [
      8.076287133123207,
      8.076287133123207
    ],
    "SH": [
      1.8371108948819865,
      1.8371108948819865
    ],
    "SigmaF": [
      2.9716625479509022,
      2.9716625479509022
    ],
    "SigmaH": 11.975324985165498,
    "SH_pess": 1.8371108948819865,
    "mats": [
      "PETG",
      "PETG"
    ]
  },
  "pr1": {
    "name": "__pr1_internal__",
    "force_n": 61.111111111111114,
    "d_planet": 72.0,
    "d_ring": 180.0,
    "sigma_p": 3.4210763888888893,
    "sigma_r": 2.576606770833334,
    "sigma_lim_p": 12,
    "sigma_lim_r": 12,
    "sf_p": 7.0153358977742135,
    "sf_r": 9.314576159495942,
    "sigma_h": 6.24730652805467,
    "sigma_h_lim_p": 22,
    "sigma_h_lim_r": 22,
    "sh_p": 3.521517617425203,
    "sh_r": 3.521517617425203,
    "r_eq": 20.521208599540127
  },
  "pr2": {
    "name": "__pr2_internal__",
    "force_n": 137.07692307692304,
    "d_planet": 65.0,
    "d_ring": 195.0,
    "sigma_p": 4.782239999999999,
    "sigma_r": 3.398986799999999,
    "sigma_lim_p": 12,
    "sigma_lim_r": 12,
    "sf_p": 5.018568704205562,
    "sf_r": 7.060927685862154,
    "sigma_h": 8.852213201478671,
    "sigma_h_lim_p": 22,
    "sigma_h_lim_r": 22,
    "sh_p": 2.485254195676752,
    "sh_r": 2.485254195676752,
    "r_eq": 16.673481987126348
  }
}