{
  "filename": "i24_4x6_m2-Z18-18-54_m1.5-Z16-32-80_b40x60",
  "variant": {
    "legacy_name": "V46L_B40",
    "description": "V46L + b1=40.",
    "i1": 4,
    "i2": 6,
    "n_sat_1": 3,
    "n_sat_2": 4,
    "m1": 2.0,
    "z_s1": 18,
    "z_p1": 18,
    "z_r1": 54,
    "b1": 40,
    "x_s1": 0.0,
    "x_p1": 0.0,
    "m2": 1.5,
    "z_s2": 16,
    "z_p2": 32,
    "z_r2": 80,
    "b2": 60,
    "x_s2": 0.3,
    "x_p2": -0.3,
    "mat_s1": "PA6_CF",
    "mat_p1": "PA6_CF",
    "mat_r1": "PA6_CF",
    "mat_s2": "D16T",
    "mat_p2": "PA6_CF",
    "mat_r2": "PA6_CF"
  },
  "i_total": 24,
  "t_out": 64.152,
  "n_out": 6.25,
  "T_in_2": 11.879999999999999,
  "s1": {
    "name": "__s1_internal__",
    "SF": [
      14.293012375056719,
      14.293012375056719
    ],
    "SH": [
      1.5123154937424825,
      1.5123154937424825
    ],
    "SigmaF": [
      2.5187132743846896,
      2.5187132743846896
    ],
    "SigmaH": 23.143319065909015,
    "SH_pess": 1.5123154937424825,
    "mats": [
      "PA6_CF",
      "PA6_CF"
    ]
  },
  "s2": {
    "name": "__s2_internal__",
    "SF": [
      31.01368558919435,
      4.115251499738836
    ],
    "SH": [
      3.123834532335386,
      3.123834532335386
    ],
    "SigmaF": [
      8.383395751280462,
      8.747946511236227
    ],
    "SigmaH": 54.42029603050313,
    "SH_pess": 0.6431424037161089,
    "mats": [
      "D16T",
      "PA6_CF"
    ]
  },
  "pr1": {
    "name": "__pr1_internal__",
    "force_n": 61.111111111111114,
    "d_planet": 36.0,
    "d_ring": 108.0,
    "sigma_p": 4.096354166666667,
    "sigma_r": 2.714616666666667,
    "sigma_lim_p": 18,
    "sigma_lim_r": 18,
    "sf_p": 8.788302606484423,
    "sf_r": 13.26154091737937,
    "sigma_h": 16.789131820601625,
    "sigma_h_lim_p": 35,
    "sigma_h_lim_r": 35,
    "sh_p": 2.0846819462726573,
    "sh_r": 2.0846819462726573,
    "r_eq": 9.234543869793056
  },
  "pr2": {
    "name": "__pr2_internal__",
    "force_n": 247.49999999999997,
    "d_planet": 48.0,
    "d_ring": 120.0,
    "sigma_p": 13.272187500000001,
    "sigma_r": 9.34415625,
    "sigma_lim_p": 18,
    "sigma_lim_r": 18,
    "sf_p": 2.7124390760754395,
    "sf_r": 3.852675301742734,
    "sigma_h": 22.665327957812192,
    "sigma_h_lim_p": 35,
    "sigma_h_lim_r": 35,
    "sh_p": 1.5442088490908574,
    "sh_r": 1.5442088490908574,
    "r_eq": 13.68080573302675
  }
}