{
  "filename": "i24_6x4_m1.5-Z18-36-90_m2-Z24-24-72_b30x45",
  "variant": {
    "legacy_name": "Y_R24_F_M",
    "description": "i=24 (6x4) средняя: m1=1.5 Z18-36-90 b1=30 + m2=2.0 Z24-24-72 b2=45. Ø156 Lax105.",
    "i1": 6,
    "i2": 4,
    "n_sat_1": 3,
    "n_sat_2": 4,
    "m1": 1.5,
    "z_s1": 18,
    "z_p1": 36,
    "z_r1": 90,
    "b1": 30,
    "x_s1": 0.0,
    "x_p1": 0.0,
    "m2": 2.0,
    "z_s2": 24,
    "z_p2": 24,
    "z_r2": 72,
    "b2": 45,
    "x_s2": 0.0,
    "x_p2": 0.0,
    "mat_s1": "POM_C",
    "mat_p1": "POM_C",
    "mat_r1": "PETG",
    "mat_s2": "POM_C",
    "mat_p2": "POM_C",
    "mat_r2": "PETG"
  },
  "i_total": 24,
  "t_out": 64.152,
  "n_out": 6.25,
  "T_in_2": 17.819999999999997,
  "s1": {
    "name": "__s1_internal__",
    "SF": [
      9.011109279377068,
      9.90762594440793
    ],
    "SH": [
      1.7352189489968943,
      1.7352189489968943
    ],
    "SigmaF": [
      5.770654687210133,
      5.248482360130872
    ],
    "SigmaH": 20.1703652557696,
    "SH_pess": 1.7352189489968943,
    "mats": [
      "POM_C",
      "POM_C"
    ]
  },
  "s2": {
    "name": "__s2_internal__",
    "SF": [
      8.302675067010336,
      8.302675067010336
    ],
    "SH": [
      1.6227273536819193,
      1.6227273536819193
    ],
    "SigmaF": [
      6.2630416799780155,
      6.2630416799780155
    ],
    "SigmaH": 21.56862637496438,
    "SH_pess": 1.6227273536819193,
    "mats": [
      "POM_C",
      "POM_C"
    ]
  },
  "pr1": {
    "name": "__pr1_internal__",
    "force_n": 81.48148148148148,
    "d_planet": 54.0,
    "d_ring": 135.0,
    "sigma_p": 8.109218106995884,
    "sigma_r": 6.107512345679013,
    "sigma_lim_p": 26,
    "sigma_lim_r": 12,
    "sf_p": 6.412455469059243,
    "sf_r": 3.9295868172873516,
    "sigma_h": 10.443549487276508,
    "sigma_h_lim_p": 35,
    "sigma_h_lim_r": 22,
    "sh_p": 3.3513509983019554,
    "sh_r": 2.1065634846469434,
    "r_eq": 15.390906449655096
  },
  "pr2": {
    "name": "__pr2_internal__",
    "force_n": 185.62499999999997,
    "d_planet": 48.0,
    "d_ring": 144.0,
    "sigma_p": 10.135124999999999,
    "sigma_r": 7.1038378124999975,
    "sigma_lim_p": 26,
    "sigma_lim_r": 12,
    "sf_p": 5.130671797338465,
    "sf_r": 3.378455510029989,
    "sigma_h": 14.389519132874435,
    "sigma_h_lim_p": 35,
    "sigma_h_lim_r": 22,
    "sh_p": 2.432325894757571,
    "sh_r": 1.5288905624190448,
    "r_eq": 12.312725159724073
  }
}