{
  "filename": "i24_6x4_m1.25-Z18-36-90_m2-Z24-24-72_b60x80",
  "variant": {
    "legacy_name": "V64T3",
    "description": "6x4, ст.2 n_sat=3 m=2.0 Z=24/24/72 b=80.",
    "i1": 6,
    "i2": 4,
    "n_sat_1": 3,
    "n_sat_2": 3,
    "m1": 1.25,
    "z_s1": 18,
    "z_p1": 36,
    "z_r1": 90,
    "b1": 60,
    "x_s1": 0.3,
    "x_p1": -0.3,
    "m2": 2.0,
    "z_s2": 24,
    "z_p2": 24,
    "z_r2": 72,
    "b2": 80,
    "x_s2": 0.3,
    "x_p2": -0.3,
    "mat_s1": "PA6_CF",
    "mat_p1": "PA6_CF",
    "mat_r1": "PA6_CF",
    "mat_s2": "D16T",
    "mat_p2": "PA6_CF",
    "mat_r2": "PA6_CF"
  },
  "i_total": 24,
  "t_out": 64.152,
  "n_out": 6.25,
  "T_in_2": 17.819999999999997,
  "s1": {
    "name": "__s1_internal__",
    "SF": [
      9.271440150375952,
      8.96676417535816
    ],
    "SH": [
      1.3462507703164779,
      1.3462507703164779
    ],
    "SigmaF": [
      3.8828919149675163,
      4.014826228945856
    ],
    "SigmaH": 25.998128113807628,
    "SH_pess": 1.3462507703164779,
    "mats": [
      "PA6_CF",
      "PA6_CF"
    ]
  },
  "s2": {
    "name": "__s2_internal__",
    "SF": [
      58.051417699031305,
      6.988905115095207
    ],
    "SH": [
      4.464306750059989,
      4.464306750059989
    ],
    "SigmaF": [
      4.478788121040816,
      5.151021427125154
    ],
    "SigmaH": 38.07982056737379,
    "SH_pess": 0.9191219779535271,
    "mats": [
      "D16T",
      "PA6_CF"
    ]
  },
  "pr1": {
    "name": "__pr1_internal__",
    "force_n": 97.77777777777777,
    "d_planet": 45.0,
    "d_ring": 112.5,
    "sigma_p": 6.1437037037037046,
    "sigma_r": 4.397408888888889,
    "sigma_lim_p": 18,
    "sigma_lim_r": 18,
    "sf_p": 5.859657583795514,
    "sf_r": 8.186639202681983,
    "sigma_h": 14.71325795051406,
    "sigma_h_lim_p": 35,
    "sigma_h_lim_r": 35,
    "sh_p": 2.3788069316610567,
    "sh_r": 2.3788069316610567,
    "r_eq": 12.825755374712577
  },
  "pr2": {
    "name": "__pr2_internal__",
    "force_n": 247.49999999999994,
    "d_planet": 48.0,
    "d_ring": 144.0,
    "sigma_p": 7.963312499999999,
    "sigma_r": 5.327878359374999,
    "sigma_lim_p": 18,
    "sigma_lim_r": 18,
    "sf_p": 4.520731793459067,
    "sf_r": 6.7569110200599765,
    "sigma_h": 20.690518992910395,
    "sigma_h_lim_p": 35,
    "sigma_h_lim_r": 35,
    "sh_p": 1.6915960402923071,
    "sh_r": 1.6915960402923071,
    "r_eq": 12.312725159724073
  }
}