{
  "filename": "i24_6x4_m1.25-Z18-36-90_m2-Z18-18-54_b40x55",
  "variant": {
    "legacy_name": "Y_R24_W",
    "description": "Y_R24_S широкая: b1=40 b2=55. Ø120 Lax125.",
    "i1": 6,
    "i2": 4,
    "n_sat_1": 3,
    "n_sat_2": 4,
    "m1": 1.25,
    "z_s1": 18,
    "z_p1": 36,
    "z_r1": 90,
    "b1": 40,
    "x_s1": 0.0,
    "x_p1": 0.0,
    "m2": 2.0,
    "z_s2": 18,
    "z_p2": 18,
    "z_r2": 54,
    "b2": 55,
    "x_s2": 0.0,
    "x_p2": 0.0,
    "mat_s1": "POM_C",
    "mat_p1": "POM_C",
    "mat_r1": "PETG",
    "mat_s2": "POM_C",
    "mat_p2": "POM_C",
    "mat_r2": "PETG"
  },
  "i_total": 24,
  "t_out": 64.152,
  "n_out": 6.25,
  "T_in_2": 17.819999999999997,
  "s1": {
    "name": "__s1_internal__",
    "SF": [
      8.343619703126915,
      9.173727726303643
    ],
    "SH": [
      1.6697152121771608,
      1.6697152121771608
    ],
    "SigmaF": [
      6.232307062186943,
      5.6683609489413405
    ],
    "SigmaH": 20.961658458128976,
    "SH_pess": 1.6697152121771608,
    "mats": [
      "POM_C",
      "POM_C"
    ]
  },
  "s2": {
    "name": "__s2_internal__",
    "SF": [
      7.009261898604634,
      7.009261898604634
    ],
    "SH": [
      1.3257029098072297,
      1.3257029098072297
    ],
    "SigmaF": [
      7.418755462733085,
      7.418755462733085
    ],
    "SigmaH": 26.40108861576637,
    "SH_pess": 1.3257029098072297,
    "mats": [
      "POM_C",
      "POM_C"
    ]
  },
  "pr1": {
    "name": "__pr1_internal__",
    "force_n": 97.77777777777777,
    "d_planet": 45.0,
    "d_ring": 112.5,
    "sigma_p": 8.757955555555556,
    "sigma_r": 6.596113333333333,
    "sigma_lim_p": 26,
    "sigma_lim_r": 12,
    "sf_p": 5.937458767647446,
    "sf_r": 3.638506312303104,
    "sigma_h": 10.853254993993687,
    "sigma_h_lim_p": 35,
    "sigma_h_lim_r": 22,
    "sh_p": 3.224839001697591,
    "sh_r": 2.0270416582099147,
    "r_eq": 12.825755374712577
  },
  "pr2": {
    "name": "__pr2_internal__",
    "force_n": 247.49999999999994,
    "d_planet": 36.0,
    "d_ring": 108.0,
    "sigma_p": 12.065624999999997,
    "sigma_r": 7.995779999999998,
    "sigma_lim_p": 26,
    "sigma_lim_r": 12,
    "sf_p": 4.309764309764311,
    "sf_r": 3.0015833352093235,
    "sigma_h": 17.3544130463217,
    "sigma_h_lim_p": 35,
    "sigma_h_lim_r": 22,
    "sh_p": 2.0167780901940855,
    "sh_r": 1.2676890852648537,
    "r_eq": 9.234543869793056
  }
}