{
  "filename": "i24_6x4_m1.5-Z18-36-90_m2.5-Z18-18-54_b30x45",
  "variant": {
    "legacy_name": "N_R24_E",
    "description": "PA6 i=24 (6x4) m2=2.5: m1=1.5 Z18-36-90 b1=30, m2=2.5 Z18-18-54 b2=45. Ø=150 Lax=105.",
    "i1": 6,
    "i2": 4,
    "n_sat_1": 3,
    "n_sat_2": 4,
    "m1": 1.5,
    "z_s1": 18,
    "z_p1": 36,
    "z_r1": 90,
    "b1": 30,
    "x_s1": 0.0,
    "x_p1": 0.0,
    "m2": 2.5,
    "z_s2": 18,
    "z_p2": 18,
    "z_r2": 54,
    "b2": 45,
    "x_s2": 0.0,
    "x_p2": 0.0,
    "mat_s1": "PA6_PRINT",
    "mat_p1": "PA6_PRINT",
    "mat_r1": "PA6_PRINT",
    "mat_s2": "PA6_PRINT",
    "mat_p2": "PA6_PRINT",
    "mat_r2": "PA6_PRINT"
  },
  "i_total": 24,
  "t_out": 64.152,
  "n_out": 6.25,
  "T_in_2": 17.819999999999997,
  "s1": {
    "name": "__s1_internal__",
    "SF": [
      5.545298018078196,
      6.097000581174112
    ],
    "SH": [
      1.714973146935123,
      1.714973146935123
    ],
    "SigmaF": [
      5.770654687210133,
      5.248482360130872
    ],
    "SigmaH": 14.577487726077932,
    "SH_pess": 1.714973146935123,
    "mats": [
      "PA6_PRINT",
      "PA6_PRINT"
    ]
  },
  "s2": {
    "name": "__s2_internal__",
    "SF": [
      5.514279465685462,
      5.514279465685462
    ],
    "SH": [
      1.48144037704811,
      1.48144037704811
    ],
    "SigmaF": [
      5.803115384182326,
      5.803115384182326
    ],
    "SigmaH": 16.875468218177318,
    "SH_pess": 1.48144037704811,
    "mats": [
      "PA6_PRINT",
      "PA6_PRINT"
    ]
  },
  "pr1": {
    "name": "__pr1_internal__",
    "force_n": 81.48148148148148,
    "d_planet": 54.0,
    "d_ring": 135.0,
    "sigma_p": 8.109218106995884,
    "sigma_r": 6.107512345679013,
    "sigma_lim_p": 16,
    "sigma_lim_r": 16,
    "sf_p": 3.9461264424979956,
    "sf_r": 5.2394490897164685,
    "sigma_h": 8.329742037406225,
    "sigma_h_lim_p": 25,
    "sigma_h_lim_r": 25,
    "sh_p": 3.001293423941935,
    "sh_r": 3.001293423941935,
    "r_eq": 15.390906449655096
  },
  "pr2": {
    "name": "__pr2_internal__",
    "force_n": 197.99999999999997,
    "d_planet": 45.0,
    "d_ring": 135.0,
    "sigma_p": 9.437999999999999,
    "sigma_r": 6.254476799999999,
    "sigma_lim_p": 16,
    "sigma_lim_r": 16,
    "sf_p": 3.3905488450943,
    "sf_r": 5.116335230470438,
    "sigma_h": 12.242170608393844,
    "sigma_h_lim_p": 25,
    "sigma_h_lim_r": 25,
    "sh_p": 2.0421215158412145,
    "sh_r": 2.0421215158412145,
    "r_eq": 11.54317983724132
  }
}