{
  "filename": "i24_4x6_m2-Z18-18-54_m1.5-Z18-36-90",
  "variant": {
    "legacy_name": "V46W35",
    "description": "V46W исправленный: ст.1 i=4 (Z=18/18/54), ст.2 i=6 3-сат.",
    "i1": 4,
    "i2": 6,
    "n_sat_1": 3,
    "n_sat_2": 3,
    "m1": 2.0,
    "z_s1": 18,
    "z_p1": 18,
    "z_r1": 54,
    "b1": 35,
    "x_s1": 0.0,
    "x_p1": 0.0,
    "m2": 1.5,
    "z_s2": 18,
    "z_p2": 36,
    "z_r2": 90,
    "b2": 30,
    "x_s2": 0.0,
    "x_p2": 0.0,
    "mat_s1": "PA6_CF",
    "mat_p1": "PA6_CF",
    "mat_r1": "PA6_CF",
    "mat_s2": "D16T",
    "mat_p2": "PA6_CF",
    "mat_r2": "PA6_CF"
  },
  "i_total": 24,
  "t_out": 64.152,
  "n_out": 6.25,
  "T_in_2": 11.879999999999999,
  "s1": {
    "name": "__s1_internal__",
    "SF": [
      12.506385828174631,
      12.506385828174631
    ],
    "SH": [
      1.41464160957356,
      1.41464160957356
    ],
    "SigmaF": [
      2.878529456439645,
      2.878529456439645
    ],
    "SigmaH": 24.74124878212133,
    "SH_pess": 1.41464160957356,
    "mats": [
      "PA6_CF",
      "PA6_CF"
    ]
  },
  "s2": {
    "name": "__s2_internal__",
    "SF": [
      12.515429554690373,
      1.9053126816169097
    ],
    "SH": [
      2.185488767769592,
      2.185488767769592
    ],
    "SigmaF": [
      20.774356873956478,
      18.89453649647114
    ],
    "SigmaH": 77.78580357266905,
    "SH_pess": 0.44995356983491597,
    "mats": [
      "D16T",
      "PA6_CF"
    ]
  },
  "pr1": {
    "name": "__pr1_internal__",
    "force_n": 61.111111111111114,
    "d_planet": 36.0,
    "d_ring": 108.0,
    "sigma_p": 4.6815476190476195,
    "sigma_r": 3.102419047619048,
    "sigma_lim_p": 18,
    "sigma_lim_r": 18,
    "sf_p": 7.689764780673871,
    "sf_r": 11.603848302706949,
    "sigma_h": 17.948336884021572,
    "sigma_h_lim_p": 35,
    "sigma_h_lim_r": 35,
    "sh_p": 1.9500414008363414,
    "sh_r": 1.9500414008363414,
    "r_eq": 9.234543869793056
  },
  "pr2": {
    "name": "__pr2_internal__",
    "force_n": 293.3333333333333,
    "d_planet": 54.0,
    "d_ring": 135.0,
    "sigma_p": 29.193185185185186,
    "sigma_r": 21.987044444444443,
    "sigma_lim_p": 18,
    "sigma_lim_r": 18,
    "sf_p": 1.2331645132806235,
    "sf_r": 1.6373278405363967,
    "sigma_h": 32.899844947838666,
    "sigma_h_lim_p": 35,
    "sigma_h_lim_r": 35,
    "sh_p": 1.0638348009083642,
    "sh_r": 1.0638348009083642,
    "r_eq": 15.390906449655096
  }
}