{
  "filename": "i24_6x4_m1.5-Z18-36-90_m2-Z26-26-78_b25x38",
  "variant": {
    "legacy_name": "Y_R24_G_T",
    "description": "i=24 + ст.2 Z=26/26/78 (Ø=168): b1=25 b2=38. Lax93.",
    "i1": 6,
    "i2": 4,
    "n_sat_1": 3,
    "n_sat_2": 4,
    "m1": 1.5,
    "z_s1": 18,
    "z_p1": 36,
    "z_r1": 90,
    "b1": 25,
    "x_s1": 0.0,
    "x_p1": 0.0,
    "m2": 2.0,
    "z_s2": 26,
    "z_p2": 26,
    "z_r2": 78,
    "b2": 38,
    "x_s2": 0.0,
    "x_p2": 0.0,
    "mat_s1": "POM_C",
    "mat_p1": "POM_C",
    "mat_r1": "PETG",
    "mat_s2": "POM_C",
    "mat_p2": "POM_C",
    "mat_r2": "PETG"
  },
  "i_total": 24,
  "t_out": 64.152,
  "n_out": 6.25,
  "T_in_2": 17.819999999999997,
  "s1": {
    "name": "__s1_internal__",
    "SF": [
      7.509257732814225,
      8.256354953673279
    ],
    "SH": [
      1.5840309342933423,
      1.5840309342933423
    ],
    "SigmaF": [
      6.9247856246521575,
      6.298178832157044
    ],
    "SigmaH": 22.09552808740694,
    "SH_pess": 1.5840309342933423,
    "mats": [
      "POM_C",
      "POM_C"
    ]
  },
  "s2": {
    "name": "__s2_internal__",
    "SF": [
      7.73757254547946,
      7.73757254547946
    ],
    "SH": [
      1.6218827950461536,
      1.6218827950461536
    ],
    "SigmaF": [
      6.720453953013996,
      6.720453953013996
    ],
    "SigmaH": 21.579857747368244,
    "SH_pess": 1.6218827950461536,
    "mats": [
      "POM_C",
      "POM_C"
    ]
  },
  "pr1": {
    "name": "__pr1_internal__",
    "force_n": 81.48148148148148,
    "d_planet": 54.0,
    "d_ring": 135.0,
    "sigma_p": 9.731061728395062,
    "sigma_r": 7.3290148148148155,
    "sigma_lim_p": 26,
    "sigma_lim_r": 12,
    "sf_p": 5.343712890882702,
    "sf_r": 3.274655681072793,
    "sigma_h": 11.44033526920571,
    "sigma_h_lim_p": 35,
    "sigma_h_lim_r": 22,
    "sh_p": 3.059350899812398,
    "sh_r": 1.9230205655963646,
    "r_eq": 15.390906449655096
  },
  "pr2": {
    "name": "__pr2_internal__",
    "force_n": 171.3461538461538,
    "d_planet": 52.0,
    "d_ring": 156.0,
    "sigma_p": 10.815098684210525,
    "sigma_r": 7.686853371710525,
    "sigma_lim_p": 26,
    "sigma_lim_r": 12,
    "sf_p": 4.808092974307971,
    "sf_r": 3.122213842184865,
    "sigma_h": 14.454352220405553,
    "sigma_h_lim_p": 35,
    "sigma_h_lim_r": 22,
    "sh_p": 2.42141601825571,
    "sh_r": 1.5220329257607321,
    "r_eq": 13.33878558970108
  }
}