{
  "filename": "i24_6x4_m1.5-Z18-36-90_m2-Z26-26-78_b30x42",
  "variant": {
    "legacy_name": "Y_R24_G_M",
    "description": "i=24 + ст.2 Z=26/26/78 (Ø=168): b1=30 b2=42. Lax102.",
    "i1": 6,
    "i2": 4,
    "n_sat_1": 3,
    "n_sat_2": 4,
    "m1": 1.5,
    "z_s1": 18,
    "z_p1": 36,
    "z_r1": 90,
    "b1": 30,
    "x_s1": 0.0,
    "x_p1": 0.0,
    "m2": 2.0,
    "z_s2": 26,
    "z_p2": 26,
    "z_r2": 78,
    "b2": 42,
    "x_s2": 0.0,
    "x_p2": 0.0,
    "mat_s1": "POM_C",
    "mat_p1": "POM_C",
    "mat_r1": "PETG",
    "mat_s2": "POM_C",
    "mat_p2": "POM_C",
    "mat_r2": "PETG"
  },
  "i_total": 24,
  "t_out": 64.152,
  "n_out": 6.25,
  "T_in_2": 17.819999999999997,
  "s1": {
    "name": "__s1_internal__",
    "SF": [
      9.011109279377068,
      9.90762594440793
    ],
    "SH": [
      1.7352189489968943,
      1.7352189489968943
    ],
    "SigmaF": [
      5.770654687210133,
      5.248482360130872
    ],
    "SigmaH": 20.1703652557696,
    "SH_pess": 1.7352189489968943,
    "mats": [
      "POM_C",
      "POM_C"
    ]
  },
  "s2": {
    "name": "__s2_internal__",
    "SF": [
      8.552053866056246,
      8.552053866056246
    ],
    "SH": [
      1.7051096556526981,
      1.7051096556526981
    ],
    "SigmaF": [
      6.0804107193936145,
      6.0804107193936145
    ],
    "SigmaH": 20.526539090298193,
    "SH_pess": 1.7051096556526981,
    "mats": [
      "POM_C",
      "POM_C"
    ]
  },
  "pr1": {
    "name": "__pr1_internal__",
    "force_n": 81.48148148148148,
    "d_planet": 54.0,
    "d_ring": 135.0,
    "sigma_p": 8.109218106995884,
    "sigma_r": 6.107512345679013,
    "sigma_lim_p": 26,
    "sigma_lim_r": 12,
    "sf_p": 6.412455469059243,
    "sf_r": 3.9295868172873516,
    "sigma_h": 10.443549487276508,
    "sigma_h_lim_p": 35,
    "sigma_h_lim_r": 22,
    "sh_p": 3.3513509983019554,
    "sh_r": 2.1065634846469434,
    "r_eq": 15.390906449655096
  },
  "pr2": {
    "name": "__pr2_internal__",
    "force_n": 171.3461538461538,
    "d_planet": 52.0,
    "d_ring": 156.0,
    "sigma_p": 9.785089285714285,
    "sigma_r": 6.954772098214285,
    "sigma_lim_p": 26,
    "sigma_lim_r": 12,
    "sf_p": 5.314208024235125,
    "sf_r": 3.4508679308359027,
    "sigma_h": 13.74883140336162,
    "sigma_h_lim_p": 35,
    "sigma_h_lim_r": 22,
    "sh_p": 2.5456708990876433,
    "sh_r": 1.6001359937122328,
    "r_eq": 13.33878558970108
  }
}