{
  "filename": "i24_6x4_m1.5-Z18-36-90_m1.5-Z24-24-72",
  "variant": {
    "legacy_name": "V64LPM",
    "description": "V64LP + m1=1.5 (вместо 1.25). Ø ст.1 144 мм, ст.2 117 мм.",
    "i1": 6,
    "i2": 4,
    "n_sat_1": 3,
    "n_sat_2": 4,
    "m1": 1.5,
    "z_s1": 18,
    "z_p1": 36,
    "z_r1": 90,
    "b1": 40,
    "x_s1": 0.3,
    "x_p1": -0.3,
    "m2": 1.5,
    "z_s2": 24,
    "z_p2": 24,
    "z_r2": 72,
    "b2": 50,
    "x_s2": 0.3,
    "x_p2": -0.3,
    "mat_s1": "PA6_CF",
    "mat_p1": "PA6_CF",
    "mat_r1": "PA6_CF",
    "mat_s2": "D16T",
    "mat_p2": "PA6_CF",
    "mat_r2": "PA6_CF"
  },
  "i_total": 24,
  "t_out": 64.152,
  "n_out": 6.25,
  "T_in_2": 17.819999999999997,
  "s1": {
    "name": "__s1_internal__",
    "SF": [
      8.900582544360914,
      8.608093608343832
    ],
    "SH": [
      1.3190509812416658,
      1.3190509812416658
    ],
    "SigmaF": [
      4.044679078091163,
      4.182110655151934
    ],
    "SigmaH": 26.53422839430615,
    "SH_pess": 1.3190509812416658,
    "mats": [
      "PA6_CF",
      "PA6_CF"
    ]
  },
  "s2": {
    "name": "__s2_internal__",
    "SF": [
      27.211602046420904,
      3.2760492727008796
    ],
    "SH": [
      3.056501888288041,
      3.056501888288041
    ],
    "SigmaF": [
      9.554747991553748,
      10.988845711200323
    ],
    "SigmaH": 55.619137894666146,
    "SH_pess": 0.6292798005298907,
    "mats": [
      "D16T",
      "PA6_CF"
    ]
  },
  "pr1": {
    "name": "__pr1_internal__",
    "force_n": 81.48148148148148,
    "d_planet": 54.0,
    "d_ring": 135.0,
    "sigma_p": 6.3996913580246915,
    "sigma_r": 4.58063425925926,
    "sigma_lim_p": 18,
    "sigma_lim_r": 18,
    "sf_p": 5.625271280443694,
    "sf_r": 7.859173634574702,
    "sigma_h": 15.01665601362801,
    "sigma_h_lim_p": 35,
    "sigma_h_lim_r": 35,
    "sh_p": 2.330745271666114,
    "sh_r": 2.330745271666114,
    "r_eq": 15.390906449655096
  },
  "pr2": {
    "name": "__pr2_internal__",
    "force_n": 247.49999999999994,
    "d_planet": 36.0,
    "d_ring": 108.0,
    "sigma_p": 16.9884,
    "sigma_r": 11.366140499999997,
    "sigma_lim_p": 18,
    "sigma_lim_r": 18,
    "sf_p": 2.1190930281839373,
    "sf_r": 3.1673020406531145,
    "sigma_h": 30.22043727708292,
    "sigma_h_lim_p": 35,
    "sigma_h_lim_r": 35,
    "sh_p": 1.1581566368181433,
    "sh_r": 1.1581566368181433,
    "r_eq": 9.234543869793056
  }
}