{
  "filename": "i24_6x4_m1.25-Z18-36-90_m2-Z18-18-54_b40x60",
  "variant": {
    "legacy_name": "N_R24_W",
    "description": "PA6 i=24 (6x4) широкий: b1=40, b2=60. Ø=120 Lax=130 — запас по SH/SF.",
    "i1": 6,
    "i2": 4,
    "n_sat_1": 3,
    "n_sat_2": 4,
    "m1": 1.25,
    "z_s1": 18,
    "z_p1": 36,
    "z_r1": 90,
    "b1": 40,
    "x_s1": 0.0,
    "x_p1": 0.0,
    "m2": 2.0,
    "z_s2": 18,
    "z_p2": 18,
    "z_r2": 54,
    "b2": 60,
    "x_s2": 0.0,
    "x_p2": 0.0,
    "mat_s1": "PA6_PRINT",
    "mat_p1": "PA6_PRINT",
    "mat_r1": "PA6_PRINT",
    "mat_s2": "PA6_PRINT",
    "mat_p2": "PA6_PRINT",
    "mat_r2": "PA6_PRINT"
  },
  "i_total": 24,
  "t_out": 64.152,
  "n_out": 6.25,
  "T_in_2": 17.819999999999997,
  "s1": {
    "name": "__s1_internal__",
    "SF": [
      5.134535201924256,
      5.64537090849455
    ],
    "SH": [
      1.6502336800599549,
      1.6502336800599549
    ],
    "SigmaF": [
      6.232307062186943,
      5.6683609489413405
    ],
    "SigmaH": 15.149369632967206,
    "SH_pess": 1.6502336800599549,
    "mats": [
      "PA6_PRINT",
      "PA6_PRINT"
    ]
  },
  "s2": {
    "name": "__s2_internal__",
    "SF": [
      4.7055184773849295,
      4.7055184773849295
    ],
    "SH": [
      1.3684960007633713,
      1.3684960007633713
    ],
    "SigmaF": [
      6.80052584083866,
      6.80052584083866
    ],
    "SigmaH": 18.268230222123087,
    "SH_pess": 1.3684960007633713,
    "mats": [
      "PA6_PRINT",
      "PA6_PRINT"
    ]
  },
  "pr1": {
    "name": "__pr1_internal__",
    "force_n": 97.77777777777777,
    "d_planet": 45.0,
    "d_ring": 112.5,
    "sigma_p": 8.757955555555556,
    "sigma_r": 6.596113333333333,
    "sigma_lim_p": 16,
    "sigma_lim_r": 16,
    "sf_p": 3.653820780090736,
    "sf_r": 4.851341749737472,
    "sigma_h": 8.656521853637928,
    "sigma_h_lim_p": 25,
    "sigma_h_lim_r": 25,
    "sh_p": 2.8879959437165494,
    "sh_r": 2.8879959437165494,
    "r_eq": 12.825755374712577
  },
  "pr2": {
    "name": "__pr2_internal__",
    "force_n": 247.49999999999994,
    "d_planet": 36.0,
    "d_ring": 108.0,
    "sigma_p": 11.060156249999999,
    "sigma_r": 7.329464999999999,
    "sigma_lim_p": 16,
    "sigma_lim_r": 16,
    "sf_p": 2.8932683478138026,
    "sf_r": 4.365939396668106,
    "sigma_h": 13.252538430415328,
    "sigma_h_lim_p": 25,
    "sigma_h_lim_r": 25,
    "sh_p": 1.8864310510221636,
    "sh_r": 1.8864310510221636,
    "r_eq": 9.234543869793056
  }
}