{
  "filename": "i24_6x4_m1.25-Z18-36-90_m2-Z18-18-54_b22x30_s2-D16T",
  "variant": {
    "legacy_name": "V24",
    "description": "i=24 (6x4). Рекомендуемый исторически. Запас по моменту ~85 Н·м.",
    "i1": 6,
    "i2": 4,
    "n_sat_1": 3,
    "n_sat_2": 4,
    "m1": 1.25,
    "z_s1": 18,
    "z_p1": 36,
    "z_r1": 90,
    "b1": 22,
    "x_s1": 0.0,
    "x_p1": 0.0,
    "m2": 2.0,
    "z_s2": 18,
    "z_p2": 18,
    "z_r2": 54,
    "b2": 30,
    "x_s2": 0.0,
    "x_p2": 0.0,
    "mat_s1": "PA6_CF",
    "mat_p1": "PA6_CF",
    "mat_r1": "PA6_CF",
    "mat_s2": "D16T",
    "mat_p2": "PA6_CF",
    "mat_r2": "PA6_CF"
  },
  "i_total": 24,
  "t_out": 64.152,
  "n_out": 6.25,
  "T_in_2": 17.819999999999997,
  "s1": {
    "name": "__s1_internal__",
    "SF": [
      3.176993656190633,
      3.4930732496310024
    ],
    "SH": [
      0.8230832772584602,
      0.8230832772584602
    ],
    "SigmaF": [
      11.331467385794443,
      10.306110816256982
    ],
    "SigmaH": 42.52303620671118,
    "SH_pess": 0.8230832772584602,
    "mats": [
      "PA6_CF",
      "PA6_CF"
    ]
  },
  "s2": {
    "name": "__s2_internal__",
    "SF": [
      19.116168814376277,
      2.6468541435290227
    ],
    "SH": [
      2.3397585323429295,
      2.3397585323429295
    ],
    "SigmaF": [
      13.60105168167732,
      13.60105168167732
    ],
    "SigmaH": 72.65707022757157,
    "SH_pess": 0.48171499195295614,
    "mats": [
      "D16T",
      "PA6_CF"
    ]
  },
  "pr1": {
    "name": "__pr1_internal__",
    "force_n": 97.77777777777777,
    "d_planet": 45.0,
    "d_ring": 112.5,
    "sigma_p": 15.923555555555557,
    "sigma_r": 11.992933333333335,
    "sigma_lim_p": 18,
    "sigma_lim_r": 18,
    "sf_p": 2.260801607681143,
    "sf_r": 3.00176770765006,
    "sigma_h": 24.29814580570998,
    "sigma_h_lim_p": 35,
    "sigma_h_lim_r": 35,
    "sh_p": 1.4404391297946333,
    "sh_r": 1.4404391297946333,
    "r_eq": 12.825755374712577
  },
  "pr2": {
    "name": "__pr2_internal__",
    "force_n": 247.49999999999994,
    "d_planet": 36.0,
    "d_ring": 108.0,
    "sigma_p": 22.120312499999997,
    "sigma_r": 14.658929999999998,
    "sigma_lim_p": 18,
    "sigma_lim_r": 18,
    "sf_p": 1.6274634456452641,
    "sf_r": 2.45584091062581,
    "sigma_h": 39.01441676308265,
    "sigma_h_lim_p": 35,
    "sigma_h_lim_r": 35,
    "sh_p": 0.8971042733392521,
    "sh_r": 0.8971042733392521,
    "r_eq": 9.234543869793056
  }
}