{
  "filename": "i25_5x5_m1.5-Z24-36-96_m1.75-Z33-33-99",
  "variant": {
    "legacy_name": "X_PP_MIDB",
    "description": "Ø=184, b2=55: m=1.75 Z=33/33/99.",
    "i1": 5,
    "i2": 5,
    "n_sat_1": 3,
    "n_sat_2": 4,
    "m1": 1.5,
    "z_s1": 24,
    "z_p1": 36,
    "z_r1": 96,
    "b1": 35,
    "x_s1": 0.0,
    "x_p1": 0.0,
    "m2": 1.75,
    "z_s2": 33,
    "z_p2": 33,
    "z_r2": 99,
    "b2": 55,
    "x_s2": 0.0,
    "x_p2": 0.0,
    "mat_s1": "PA6_CF",
    "mat_p1": "PA6_CF",
    "mat_r1": "PA6_CF",
    "mat_s2": "PA6_CF",
    "mat_p2": "PA6_CF",
    "mat_r2": "PA6_CF"
  },
  "i_total": 25,
  "t_out": 66.825,
  "n_out": 6.0,
  "T_in_2": 14.85,
  "s1": {
    "name": "__s1_internal__",
    "SF": [
      10.370559944263102,
      10.823953779647342
    ],
    "SH": [
      1.5878566446410987,
      1.5878566446410987
    ],
    "SigmaF": [
      3.471365113695222,
      3.3259565527424977
    ],
    "SigmaH": 22.04229211630815,
    "SH_pess": 1.5878566446410987,
    "mats": [
      "PA6_CF",
      "PA6_CF"
    ]
  },
  "s2": {
    "name": "__s2_internal__",
    "SF": [
      9.466619302686459,
      9.466619302686459
    ],
    "SH": [
      1.5958552495288008,
      1.5958552495288008
    ],
    "SigmaF": [
      3.802835927899186,
      3.802835927899186
    ],
    "SigmaH": 21.93181368443927,
    "SH_pess": 1.5958552495288008,
    "mats": [
      "PA6_CF",
      "PA6_CF"
    ]
  },
  "pr1": {
    "name": "__pr1_internal__",
    "force_n": 61.111111111111114,
    "d_planet": 54.0,
    "d_ring": 144.0,
    "sigma_p": 5.213068783068784,
    "sigma_r": 3.908893650793651,
    "sigma_lim_p": 18,
    "sigma_lim_r": 18,
    "sf_p": 6.905721274371491,
    "sf_r": 9.209767063550235,
    "sigma_h": 14.189406191379389,
    "sigma_h_lim_p": 35,
    "sigma_h_lim_r": 35,
    "sh_p": 2.4666289433072857,
    "sh_r": 2.4666289433072857,
    "r_eq": 14.775270191668891
  },
  "pr2": {
    "name": "__pr2_internal__",
    "force_n": 128.57142857142858,
    "d_planet": 57.75,
    "d_ring": 173.25,
    "sigma_p": 6.0887755102040835,
    "sigma_r": 4.475803525046382,
    "sigma_lim_p": 18,
    "sigma_lim_r": 18,
    "sf_p": 5.912518853695323,
    "sf_r": 8.043248502429948,
    "sigma_h": 16.396995999431024,
    "sigma_h_lim_p": 35,
    "sigma_h_lim_r": 35,
    "sh_p": 2.134537326301385,
    "sh_r": 2.134537326301385,
    "r_eq": 14.813747457793028
  }
}