{
  "filename": "i25_5x5_m1.5-Z18-27-72_m1.5-Z20-30-80_b18x30",
  "variant": {
    "legacy_name": "V25",
    "description": "i=25 (5x5). 4 саттелита на обеих ступенях. Запас ~88 Н·м.",
    "i1": 5,
    "i2": 5,
    "n_sat_1": 3,
    "n_sat_2": 4,
    "m1": 1.5,
    "z_s1": 18,
    "z_p1": 27,
    "z_r1": 72,
    "b1": 18,
    "x_s1": 0.0,
    "x_p1": 0.0,
    "m2": 1.5,
    "z_s2": 20,
    "z_p2": 30,
    "z_r2": 80,
    "b2": 30,
    "x_s2": 0.0,
    "x_p2": 0.0,
    "mat_s1": "PA6_CF",
    "mat_p1": "PA6_CF",
    "mat_r1": "PA6_CF",
    "mat_s2": "D16T",
    "mat_p2": "PA6_CF",
    "mat_r2": "PA6_CF"
  },
  "i_total": 25,
  "t_out": 66.825,
  "n_out": 6.0,
  "T_in_2": 14.85,
  "s1": {
    "name": "__s1_internal__",
    "SF": [
      3.6953016301534416,
      3.953742569271782
    ],
    "SH": [
      0.8420470343950255,
      0.8420470343950255
    ],
    "SigmaF": [
      9.742100538219164,
      9.105296910271688
    ],
    "SigmaH": 41.56537410662101,
    "SH_pess": 0.8420470343950255,
    "mats": [
      "PA6_CF",
      "PA6_CF"
    ]
  },
  "s2": {
    "name": "__s2_internal__",
    "SF": [
      15.121769803910826,
      2.2177452111706013
    ],
    "SH": [
      2.3763112664788144,
      2.3763112664788144
    ],
    "SigmaF": [
      17.19375465778868,
      16.2327032964251
    ],
    "SigmaH": 71.5394495654198,
    "SH_pess": 0.48924055486328527,
    "mats": [
      "D16T",
      "PA6_CF"
    ]
  },
  "pr1": {
    "name": "__pr1_internal__",
    "force_n": 81.48148148148148,
    "d_planet": 40.5,
    "d_ring": 108.0,
    "sigma_p": 14.358847736625513,
    "sigma_r": 10.394275720164607,
    "sigma_lim_p": 18,
    "sigma_lim_r": 18,
    "sf_p": 2.5071649661813598,
    "sf_r": 3.46344478145418,
    "sigma_h": 26.381575467960566,
    "sigma_h_lim_p": 35,
    "sigma_h_lim_r": 35,
    "sh_p": 1.3266834667439096,
    "sh_r": 1.3266834667439096,
    "r_eq": 11.081452643751666
  },
  "pr2": {
    "name": "__pr2_internal__",
    "force_n": 247.5,
    "d_planet": 45.0,
    "d_ring": 120.0,
    "sigma_p": 25.632750000000005,
    "sigma_r": 18.6883125,
    "sigma_lim_p": 18,
    "sigma_lim_r": 18,
    "sf_p": 1.4044532872984754,
    "sf_r": 1.926337650871367,
    "sigma_h": 33.78747603066303,
    "sigma_h_lim_p": 35,
    "sigma_h_lim_r": 35,
    "sh_p": 1.0358867874071616,
    "sh_r": 1.0358867874071616,
    "r_eq": 12.312725159724073
  }
}