{
  "filename": "i25_5x5_m1.5-Z18-27-72_m1.5-Z20-30-80_b30x50",
  "variant": {
    "legacy_name": "V55L",
    "description": "Симметричный 5x5 с большим солнцем ст.2 (Z_s=20).",
    "i1": 5,
    "i2": 5,
    "n_sat_1": 3,
    "n_sat_2": 4,
    "m1": 1.5,
    "z_s1": 18,
    "z_p1": 27,
    "z_r1": 72,
    "b1": 30,
    "x_s1": 0.0,
    "x_p1": 0.0,
    "m2": 1.5,
    "z_s2": 20,
    "z_p2": 30,
    "z_r2": 80,
    "b2": 50,
    "x_s2": 0.0,
    "x_p2": 0.0,
    "mat_s1": "PA6_CF",
    "mat_p1": "PA6_CF",
    "mat_r1": "PA6_CF",
    "mat_s2": "D16T",
    "mat_p2": "PA6_CF",
    "mat_r2": "PA6_CF"
  },
  "i_total": 25,
  "t_out": 66.825,
  "n_out": 6.0,
  "T_in_2": 14.85,
  "s1": {
    "name": "__s1_internal__",
    "SF": [
      6.1588360502557356,
      6.589570948786302
    ],
    "SH": [
      1.0870780469784258,
      1.0870780469784258
    ],
    "SigmaF": [
      5.845260322931499,
      5.463178146163013
    ],
    "SigmaH": 32.19640033876483,
    "SH_pess": 1.0870780469784258,
    "mats": [
      "PA6_CF",
      "PA6_CF"
    ]
  },
  "s2": {
    "name": "__s2_internal__",
    "SF": [
      25.202949673184712,
      3.6962420186176685
    ],
    "SH": [
      3.067804653492501,
      3.067804653492501
    ],
    "SigmaF": [
      10.316252794673208,
      9.73962197785506
    ],
    "SigmaH": 55.41421935274327,
    "SH_pess": 0.6316068404249268,
    "mats": [
      "D16T",
      "PA6_CF"
    ]
  },
  "pr1": {
    "name": "__pr1_internal__",
    "force_n": 81.48148148148148,
    "d_planet": 40.5,
    "d_ring": 108.0,
    "sigma_p": 8.615308641975307,
    "sigma_r": 6.2365654320987645,
    "sigma_lim_p": 18,
    "sigma_lim_r": 18,
    "sf_p": 4.178608276968934,
    "sf_r": 5.7724079690903,
    "sigma_h": 20.435080486825086,
    "sigma_h_lim_p": 35,
    "sigma_h_lim_r": 35,
    "sh_p": 1.7127409907959608,
    "sh_r": 1.7127409907959608,
    "r_eq": 11.081452643751666
  },
  "pr2": {
    "name": "__pr2_internal__",
    "force_n": 247.5,
    "d_planet": 45.0,
    "d_ring": 120.0,
    "sigma_p": 15.37965,
    "sigma_r": 11.212987499999999,
    "sigma_lim_p": 18,
    "sigma_lim_r": 18,
    "sf_p": 2.3407554788307925,
    "sf_r": 3.2105627514522785,
    "sigma_h": 26.171666395428044,
    "sigma_h_lim_p": 35,
    "sigma_h_lim_r": 35,
    "sh_p": 1.337324092061413,
    "sh_r": 1.337324092061413,
    "r_eq": 12.312725159724073
  }
}