{
  "filename": "i30_6x5_m1.5-Z18-36-90_m2-Z20-30-80_b25x38",
  "variant": {
    "legacy_name": "N_B_R30_X",
    "description": "PA6 i=30 (6x5) profile shift: m1=1.5 Z18-36-90 b1=25 x=+0.3, m2=2.0 Z20-30-80 b2=38 x=+0.3. Ø=172 Lax=93.",
    "i1": 6,
    "i2": 5,
    "n_sat_1": 3,
    "n_sat_2": 4,
    "m1": 1.5,
    "z_s1": 18,
    "z_p1": 36,
    "z_r1": 90,
    "b1": 25,
    "x_s1": 0.3,
    "x_p1": -0.3,
    "m2": 2.0,
    "z_s2": 20,
    "z_p2": 30,
    "z_r2": 80,
    "b2": 38,
    "x_s2": 0.3,
    "x_p2": -0.3,
    "mat_s1": "PA6_PRINT",
    "mat_p1": "PA6_PRINT",
    "mat_r1": "PA6_PRINT",
    "mat_s2": "PA6_PRINT",
    "mat_p2": "PA6_PRINT",
    "mat_r2": "PA6_PRINT"
  },
  "i_total": 30,
  "t_out": 80.19000000000001,
  "n_out": 5.0,
  "T_in_2": 17.819999999999997,
  "s1": {
    "name": "__s1_internal__",
    "SF": [
      4.944768080200508,
      4.782274226857686
    ],
    "SH": [
      1.5505458148767022,
      1.5505458148767022
    ],
    "SigmaF": [
      6.471486524945861,
      6.691377048243093
    ],
    "SigmaH": 16.123354602061838,
    "SH_pess": 1.5505458148767022,
    "mats": [
      "PA6_PRINT",
      "PA6_PRINT"
    ]
  },
  "s2": {
    "name": "__s2_internal__",
    "SF": [
      3.70682903277769,
      3.4398169821200035
    ],
    "SH": [
      1.336989728391863,
      1.336989728391863
    ],
    "SigmaF": [
      8.63271537938209,
      9.302820518165472
    ],
    "SigmaH": 18.69872256241647,
    "SH_pess": 1.336989728391863,
    "mats": [
      "PA6_PRINT",
      "PA6_PRINT"
    ]
  },
  "pr1": {
    "name": "__pr1_internal__",
    "force_n": 81.48148148148148,
    "d_planet": 54.0,
    "d_ring": 135.0,
    "sigma_p": 10.239506172839508,
    "sigma_r": 7.3290148148148155,
    "sigma_lim_p": 16,
    "sigma_lim_r": 16,
    "sf_p": 3.125150711357607,
    "sf_r": 4.366207574763724,
    "sigma_h": 9.124775224172861,
    "sigma_h_lim_p": 25,
    "sigma_h_lim_r": 25,
    "sh_p": 2.7397935166415226,
    "sh_r": 2.7397935166415226,
    "r_eq": 15.390906449655096
  },
  "pr2": {
    "name": "__pr2_internal__",
    "force_n": 222.74999999999994,
    "d_planet": 60.0,
    "d_ring": 160.0,
    "sigma_p": 14.345393092105262,
    "sigma_r": 9.958903371710523,
    "sigma_lim_p": 16,
    "sigma_lim_r": 16,
    "sf_p": 2.2306812922129438,
    "sf_r": 3.2132051899308407,
    "sigma_h": 11.848555775924835,
    "sigma_h_lim_p": 25,
    "sigma_h_lim_r": 25,
    "sh_p": 2.1099617938920185,
    "sh_r": 2.1099617938920185,
    "r_eq": 16.4169668796321
  }
}