{
  "filename": "i30_6x5_m1.25-Z18-36-90_m2-Z20-30-80_b25x38",
  "variant": {
    "legacy_name": "N_B_R30_S",
    "description": "PA6 i=30 (6x5) compact b: m1=1.25 Z18-36-90 b1=25, m2=2.0 Z20-30-80 b2=38. Ø=172 Lax=93.",
    "i1": 6,
    "i2": 5,
    "n_sat_1": 3,
    "n_sat_2": 4,
    "m1": 1.25,
    "z_s1": 18,
    "z_p1": 36,
    "z_r1": 90,
    "b1": 25,
    "x_s1": 0.0,
    "x_p1": 0.0,
    "m2": 2.0,
    "z_s2": 20,
    "z_p2": 30,
    "z_r2": 80,
    "b2": 38,
    "x_s2": 0.0,
    "x_p2": 0.0,
    "mat_s1": "PA6_PRINT",
    "mat_p1": "PA6_PRINT",
    "mat_r1": "PA6_PRINT",
    "mat_s2": "PA6_PRINT",
    "mat_p2": "PA6_PRINT",
    "mat_r2": "PA6_PRINT"
  },
  "i_total": 30,
  "t_out": 80.19000000000001,
  "n_out": 5.0,
  "T_in_2": 17.819999999999997,
  "s1": {
    "name": "__s1_internal__",
    "SF": [
      3.2090845012026596,
      3.528356817809093
    ],
    "SH": [
      1.304624275127762,
      1.304624275127762
    ],
    "SigmaF": [
      9.97169129949911,
      9.069377518306146
    ],
    "SigmaH": 19.162605262386176,
    "SH_pess": 1.304624275127762,
    "mats": [
      "PA6_PRINT",
      "PA6_PRINT"
    ]
  },
  "s2": {
    "name": "__s2_internal__",
    "SF": [
      3.4925113165347734,
      3.69928419311858
    ],
    "SH": [
      1.3462946088056342,
      1.3462946088056342
    ],
    "SigmaF": [
      9.162461363690012,
      8.650322151384449
    ],
    "SigmaH": 18.5694868244171,
    "SH_pess": 1.3462946088056342,
    "mats": [
      "PA6_PRINT",
      "PA6_PRINT"
    ]
  },
  "pr1": {
    "name": "__pr1_internal__",
    "force_n": 97.77777777777777,
    "d_planet": 45.0,
    "d_ring": 112.5,
    "sigma_p": 14.01272888888889,
    "sigma_r": 10.553781333333335,
    "sigma_lim_p": 16,
    "sigma_lim_r": 16,
    "sf_p": 2.28363798755671,
    "sf_r": 3.0320885935859194,
    "sigma_h": 10.949730269007436,
    "sigma_h_lim_p": 25,
    "sigma_h_lim_r": 25,
    "sh_p": 2.283161263867935,
    "sh_r": 2.283161263867935,
    "r_eq": 12.825755374712577
  },
  "pr2": {
    "name": "__pr2_internal__",
    "force_n": 222.74999999999994,
    "d_planet": 60.0,
    "d_ring": 160.0,
    "sigma_p": 13.659557565789472,
    "sigma_r": 9.958903371710523,
    "sigma_lim_p": 16,
    "sigma_lim_r": 16,
    "sf_p": 2.3426820265499955,
    "sf_r": 3.2132051899308407,
    "sigma_h": 11.848555775924835,
    "sigma_h_lim_p": 25,
    "sigma_h_lim_r": 25,
    "sh_p": 2.1099617938920185,
    "sh_r": 2.1099617938920185,
    "r_eq": 16.4169668796321
  }
}