{
  "filename": "i30_6x5_m1.25-Z18-36-90_m1.5-Z20-30-80_b25x40",
  "variant": {
    "legacy_name": "D_PA6CF_30_v1",
    "description": "D16T+PA6-CF i=30 (6x5). Алюминий на ст.2, PA6-CF (прочнее) на саттелит/венец.",
    "i1": 6,
    "i2": 5,
    "n_sat_1": 3,
    "n_sat_2": 4,
    "m1": 1.25,
    "z_s1": 18,
    "z_p1": 36,
    "z_r1": 90,
    "b1": 25,
    "x_s1": 0.0,
    "x_p1": 0.0,
    "m2": 1.5,
    "z_s2": 20,
    "z_p2": 30,
    "z_r2": 80,
    "b2": 40,
    "x_s2": 0.0,
    "x_p2": 0.0,
    "mat_s1": "PA6_CF",
    "mat_p1": "PA6_CF",
    "mat_r1": "PA6_CF",
    "mat_s2": "D16T",
    "mat_p2": "PA6_CF",
    "mat_r2": "PA6_CF"
  },
  "i_total": 30,
  "t_out": 80.19000000000001,
  "n_out": 5.0,
  "T_in_2": 17.819999999999997,
  "s1": {
    "name": "__s1_internal__",
    "SF": [
      3.6102200638529918,
      3.9694014200352292
    ],
    "SH": [
      0.8774097216591359,
      0.8774097216591359
    ],
    "SigmaF": [
      9.97169129949911,
      9.069377518306146
    ],
    "SigmaH": 39.8901438359001,
    "SH_pess": 0.8774097216591359,
    "mats": [
      "PA6_CF",
      "PA6_CF"
    ]
  },
  "s2": {
    "name": "__s2_internal__",
    "SF": [
      16.80196644878981,
      2.464161345745113
    ],
    "SH": [
      2.5048520105307945,
      2.5048520105307945
    ],
    "SigmaF": [
      15.47437919200981,
      14.609432966782588
    ],
    "SigmaH": 67.86828095444085,
    "SH_pess": 0.5157048256975165,
    "mats": [
      "D16T",
      "PA6_CF"
    ]
  },
  "pr1": {
    "name": "__pr1_internal__",
    "force_n": 97.77777777777777,
    "d_planet": 45.0,
    "d_ring": 112.5,
    "sigma_p": 14.01272888888889,
    "sigma_r": 10.553781333333335,
    "sigma_lim_p": 18,
    "sigma_lim_r": 18,
    "sf_p": 2.569092736001299,
    "sf_r": 3.411099667784159,
    "sigma_h": 22.79368120431793,
    "sigma_h_lim_p": 35,
    "sigma_h_lim_r": 35,
    "sh_p": 1.5355132716943396,
    "sh_r": 1.5355132716943396,
    "r_eq": 12.825755374712577
  },
  "pr2": {
    "name": "__pr2_internal__",
    "force_n": 296.99999999999994,
    "d_planet": 45.0,
    "d_ring": 120.0,
    "sigma_p": 23.069475,
    "sigma_r": 16.819481249999995,
    "sigma_lim_p": 18,
    "sigma_lim_r": 18,
    "sf_p": 1.5605036525538618,
    "sf_r": 2.1403751676348524,
    "sigma_h": 32.05361419357209,
    "sigma_h_lim_p": 35,
    "sigma_h_lim_r": 35,
    "sh_p": 1.0919205487604193,
    "sh_r": 1.0919205487604193,
    "r_eq": 12.312725159724073
  }
}