{
  "filename": "i30_6x5_m1.25-Z18-36-90_m1.5-Z20-30-80_b30x50",
  "variant": {
    "legacy_name": "D_PA6CF_30_v2",
    "description": "D16T+PA6-CF i=30 (6x5) шире: как v1 но b1=30, b2=50.",
    "i1": 6,
    "i2": 5,
    "n_sat_1": 3,
    "n_sat_2": 4,
    "m1": 1.25,
    "z_s1": 18,
    "z_p1": 36,
    "z_r1": 90,
    "b1": 30,
    "x_s1": 0.0,
    "x_p1": 0.0,
    "m2": 1.5,
    "z_s2": 20,
    "z_p2": 30,
    "z_r2": 80,
    "b2": 50,
    "x_s2": 0.0,
    "x_p2": 0.0,
    "mat_s1": "PA6_CF",
    "mat_p1": "PA6_CF",
    "mat_r1": "PA6_CF",
    "mat_s2": "D16T",
    "mat_p2": "PA6_CF",
    "mat_r2": "PA6_CF"
  },
  "i_total": 30,
  "t_out": 80.19000000000001,
  "n_out": 5.0,
  "T_in_2": 17.819999999999997,
  "s1": {
    "name": "__s1_internal__",
    "SF": [
      4.3322640766235905,
      4.763281704042276
    ],
    "SH": [
      0.9611541934540757,
      0.9611541934540757
    ],
    "SigmaF": [
      8.309742749582592,
      7.557814598588453
    ],
    "SigmaH": 36.41455266841356,
    "SH_pess": 0.9611541934540757,
    "mats": [
      "PA6_CF",
      "PA6_CF"
    ]
  },
  "s2": {
    "name": "__s2_internal__",
    "SF": [
      21.002458060987262,
      3.080201682181391
    ],
    "SH": [
      2.8005096845619377,
      2.8005096845619377
    ],
    "SigmaF": [
      12.379503353607848,
      11.68754637342607
    ],
    "SigmaH": 60.70323589207362,
    "SH_pess": 0.5765755232921637,
    "mats": [
      "D16T",
      "PA6_CF"
    ]
  },
  "pr1": {
    "name": "__pr1_internal__",
    "force_n": 97.77777777777777,
    "d_planet": 45.0,
    "d_ring": 112.5,
    "sigma_p": 11.677274074074074,
    "sigma_r": 8.794817777777778,
    "sigma_lim_p": 18,
    "sigma_lim_r": 18,
    "sf_p": 3.0829112832015593,
    "sf_r": 4.093319601340991,
    "sigma_h": 20.807688940310754,
    "sigma_h_lim_p": 35,
    "sigma_h_lim_r": 35,
    "sh_p": 1.6820705125110973,
    "sh_r": 1.6820705125110973,
    "r_eq": 12.825755374712577
  },
  "pr2": {
    "name": "__pr2_internal__",
    "force_n": 296.99999999999994,
    "d_planet": 45.0,
    "d_ring": 120.0,
    "sigma_p": 18.45558,
    "sigma_r": 13.455584999999997,
    "sigma_lim_p": 18,
    "sigma_lim_r": 18,
    "sf_p": 1.9506295656923271,
    "sf_r": 2.6754689595435655,
    "sigma_h": 28.669624104551716,
    "sigma_h_lim_p": 35,
    "sigma_h_lim_r": 35,
    "sh_p": 1.2208042865285857,
    "sh_r": 1.2208042865285857,
    "r_eq": 12.312725159724073
  }
}