{
  "filename": "i30_6x5_m1.25-Z18-36-90_m1.5-Z24-36-96_b35x55",
  "variant": {
    "legacy_name": "N_R30_M",
    "description": "PA6 i=30 (6x5) средний: m1=1.25 Z18-36-90 b1=35, m2=1.5 Z24-36-96 b2=55. Ø=156 Lax=120.",
    "i1": 6,
    "i2": 5,
    "n_sat_1": 3,
    "n_sat_2": 4,
    "m1": 1.25,
    "z_s1": 18,
    "z_p1": 36,
    "z_r1": 90,
    "b1": 35,
    "x_s1": 0.0,
    "x_p1": 0.0,
    "m2": 1.5,
    "z_s2": 24,
    "z_p2": 36,
    "z_r2": 96,
    "b2": 55,
    "x_s2": 0.0,
    "x_p2": 0.0,
    "mat_s1": "PA6_PRINT",
    "mat_p1": "PA6_PRINT",
    "mat_r1": "PA6_PRINT",
    "mat_s2": "PA6_PRINT",
    "mat_p2": "PA6_PRINT",
    "mat_r2": "PA6_PRINT"
  },
  "i_total": 30,
  "t_out": 80.19000000000001,
  "n_out": 5.0,
  "T_in_2": 17.819999999999997,
  "s1": {
    "name": "__s1_internal__",
    "SF": [
      4.492718301683723,
      4.93969954493273
    ],
    "SH": [
      1.5436522597248687,
      1.5436522597248687
    ],
    "SigmaF": [
      7.122636642499364,
      6.478126798790104
    ],
    "SigmaH": 16.195357369188738,
    "SH_pess": 1.5436522597248687,
    "mats": [
      "PA6_PRINT",
      "PA6_PRINT"
    ]
  },
  "s2": {
    "name": "__s2_internal__",
    "SF": [
      3.5767559282584878,
      3.733129267524852
    ],
    "SH": [
      1.4706662121706844,
      1.4706662121706844
    ],
    "SigmaF": [
      8.946654633932685,
      8.571897115477256
    ],
    "SigmaH": 16.99909863510111,
    "SH_pess": 1.4706662121706844,
    "mats": [
      "PA6_PRINT",
      "PA6_PRINT"
    ]
  },
  "pr1": {
    "name": "__pr1_internal__",
    "force_n": 97.77777777777777,
    "d_planet": 45.0,
    "d_ring": 112.5,
    "sigma_p": 10.009092063492066,
    "sigma_r": 7.538415238095238,
    "sigma_lim_p": 16,
    "sigma_lim_r": 16,
    "sf_p": 3.1970931825793936,
    "sf_r": 4.244924031020288,
    "sigma_h": 9.254211124981259,
    "sigma_h_lim_p": 25,
    "sigma_h_lim_r": 25,
    "sh_p": 2.7014728389450515,
    "sh_r": 2.7014728389450515,
    "r_eq": 12.825755374712577
  },
  "pr2": {
    "name": "__pr2_internal__",
    "force_n": 247.49999999999994,
    "d_planet": 54.0,
    "d_ring": 144.0,
    "sigma_p": 13.435499999999998,
    "sigma_r": 10.074284999999998,
    "sigma_lim_p": 16,
    "sigma_lim_r": 16,
    "sf_p": 2.381749841836925,
    "sf_r": 3.1764040822748223,
    "sigma_h": 10.942923455873887,
    "sigma_h_lim_p": 25,
    "sigma_h_lim_r": 25,
    "sh_p": 2.2845814558431026,
    "sh_r": 2.2845814558431026,
    "r_eq": 14.775270191668891
  }
}