{
  "filename": "i30_6x5_m1.25-Z18-36-90_m1.5-Z24-36-96_b40x70",
  "variant": {
    "legacy_name": "N_R30_W",
    "description": "PA6 i=30 (6x5) широкий: m1=1.25 Z18-36-90 b1=40, m2=1.5 Z24-36-96 b2=70. Ø=156 Lax=140.",
    "i1": 6,
    "i2": 5,
    "n_sat_1": 3,
    "n_sat_2": 4,
    "m1": 1.25,
    "z_s1": 18,
    "z_p1": 36,
    "z_r1": 90,
    "b1": 40,
    "x_s1": 0.0,
    "x_p1": 0.0,
    "m2": 1.5,
    "z_s2": 24,
    "z_p2": 36,
    "z_r2": 96,
    "b2": 70,
    "x_s2": 0.0,
    "x_p2": 0.0,
    "mat_s1": "PA6_PRINT",
    "mat_p1": "PA6_PRINT",
    "mat_r1": "PA6_PRINT",
    "mat_s2": "PA6_PRINT",
    "mat_p2": "PA6_PRINT",
    "mat_r2": "PA6_PRINT"
  },
  "i_total": 30,
  "t_out": 80.19000000000001,
  "n_out": 5.0,
  "T_in_2": 17.819999999999997,
  "s1": {
    "name": "__s1_internal__",
    "SF": [
      5.134535201924256,
      5.64537090849455
    ],
    "SH": [
      1.6502336800599549,
      1.6502336800599549
    ],
    "SigmaF": [
      6.232307062186943,
      5.6683609489413405
    ],
    "SigmaH": 15.149369632967206,
    "SH_pess": 1.6502336800599549,
    "mats": [
      "PA6_PRINT",
      "PA6_PRINT"
    ]
  },
  "s2": {
    "name": "__s2_internal__",
    "SF": [
      4.552234817783529,
      4.751255431395265
    ],
    "SH": [
      1.6591352486567037,
      1.6591352486567037
    ],
    "SigmaF": [
      7.029514355232825,
      6.73506201930356
    ],
    "SigmaH": 15.06809045268667,
    "SH_pess": 1.659135248656704,
    "mats": [
      "PA6_PRINT",
      "PA6_PRINT"
    ]
  },
  "pr1": {
    "name": "__pr1_internal__",
    "force_n": 97.77777777777777,
    "d_planet": 45.0,
    "d_ring": 112.5,
    "sigma_p": 8.757955555555556,
    "sigma_r": 6.596113333333333,
    "sigma_lim_p": 16,
    "sigma_lim_r": 16,
    "sf_p": 3.653820780090736,
    "sf_r": 4.851341749737472,
    "sigma_h": 8.656521853637928,
    "sigma_h_lim_p": 25,
    "sigma_h_lim_r": 25,
    "sh_p": 2.8879959437165494,
    "sh_r": 2.8879959437165494,
    "r_eq": 12.825755374712577
  },
  "pr2": {
    "name": "__pr2_internal__",
    "force_n": 247.49999999999994,
    "d_planet": 54.0,
    "d_ring": 144.0,
    "sigma_p": 10.556464285714284,
    "sigma_r": 7.91550964285714,
    "sigma_lim_p": 16,
    "sigma_lim_r": 16,
    "sf_p": 3.031317980519723,
    "sf_r": 4.042696104713411,
    "sigma_h": 9.699864915746668,
    "sigma_h_lim_p": 25,
    "sigma_h_lim_r": 25,
    "sh_p": 2.5773554804268706,
    "sh_r": 2.5773554804268706,
    "r_eq": 14.775270191668891
  }
}