{
  "filename": "i30_6x5_m1.5-Z18-36-90_m1.5-Z24-36-96",
  "variant": {
    "legacy_name": "N_B_R30_C",
    "description": "PA6 i=30 (6x5) ст.2 компактнее m=1.5: m1=1.5 Z18-36-90 b1=25, m2=1.5 Z24-36-96 b2=38. Ø=156 Lax=93.",
    "i1": 6,
    "i2": 5,
    "n_sat_1": 3,
    "n_sat_2": 4,
    "m1": 1.5,
    "z_s1": 18,
    "z_p1": 36,
    "z_r1": 90,
    "b1": 25,
    "x_s1": 0.0,
    "x_p1": 0.0,
    "m2": 1.5,
    "z_s2": 24,
    "z_p2": 36,
    "z_r2": 96,
    "b2": 38,
    "x_s2": 0.3,
    "x_p2": -0.3,
    "mat_s1": "PA6_PRINT",
    "mat_p1": "PA6_PRINT",
    "mat_r1": "PA6_PRINT",
    "mat_s2": "PA6_PRINT",
    "mat_p2": "PA6_PRINT",
    "mat_r2": "PA6_PRINT"
  },
  "i_total": 30,
  "t_out": 80.19000000000001,
  "n_out": 5.0,
  "T_in_2": 17.819999999999997,
  "s1": {
    "name": "__s1_internal__",
    "SF": [
      4.621081681731831,
      5.080833817645095
    ],
    "SH": [
      1.5655491301533142,
      1.5655491301533142
    ],
    "SigmaF": [
      6.9247856246521575,
      6.298178832157044
    ],
    "SigmaH": 15.968837718655147,
    "SH_pess": 1.565549130153314,
    "mats": [
      "PA6_PRINT",
      "PA6_PRINT"
    ]
  },
  "s2": {
    "name": "__s2_internal__",
    "SF": [
      2.5734970579409597,
      2.442623168014923
    ],
    "SH": [
      1.2140181897206048,
      1.2140181897206048
    ],
    "SigmaF": [
      12.434442037249896,
      13.100669976042942
    ],
    "SigmaH": 20.592772177287987,
    "SH_pess": 1.2140181897206048,
    "mats": [
      "PA6_PRINT",
      "PA6_PRINT"
    ]
  },
  "pr1": {
    "name": "__pr1_internal__",
    "force_n": 81.48148148148148,
    "d_planet": 54.0,
    "d_ring": 135.0,
    "sigma_p": 9.731061728395062,
    "sigma_r": 7.3290148148148155,
    "sigma_lim_p": 16,
    "sigma_lim_r": 16,
    "sf_p": 3.288438702081663,
    "sf_r": 4.366207574763724,
    "sigma_h": 9.124775224172861,
    "sigma_h_lim_p": 25,
    "sigma_h_lim_r": 25,
    "sh_p": 2.7397935166415226,
    "sh_r": 2.7397935166415226,
    "r_eq": 15.390906449655096
  },
  "pr2": {
    "name": "__pr2_internal__",
    "force_n": 247.49999999999994,
    "d_planet": 54.0,
    "d_ring": 144.0,
    "sigma_p": 20.462171052631575,
    "sigma_r": 14.581201973684205,
    "sigma_lim_p": 16,
    "sigma_lim_r": 16,
    "sf_p": 1.5638614259303918,
    "sf_r": 2.194606456844423,
    "sigma_h": 13.165061973249818,
    "sigma_h_lim_p": 25,
    "sigma_h_lim_r": 25,
    "sh_p": 1.8989656145028162,
    "sh_r": 1.8989656145028162,
    "r_eq": 14.775270191668891
  }
}