{
  "filename": "i30_6x5_m1.25-Z24-48-120_m1.75-Z24-36-96",
  "variant": {
    "legacy_name": "N_B_R30_H175",
    "description": "PA6 i=30 (6x5) большое солнце ст.1 + m2=1.75: m1=1.25 Z24-48-120 b1=28, m2=1.75 Z24-36-96 b2=40. Ø=178.5 Lax=98.",
    "i1": 6,
    "i2": 5,
    "n_sat_1": 3,
    "n_sat_2": 4,
    "m1": 1.25,
    "z_s1": 24,
    "z_p1": 48,
    "z_r1": 120,
    "b1": 28,
    "x_s1": 0.0,
    "x_p1": 0.0,
    "m2": 1.75,
    "z_s2": 24,
    "z_p2": 36,
    "z_r2": 96,
    "b2": 40,
    "x_s2": 0.0,
    "x_p2": 0.0,
    "mat_s1": "PA6_PRINT",
    "mat_p1": "PA6_PRINT",
    "mat_r1": "PA6_PRINT",
    "mat_s2": "PA6_PRINT",
    "mat_p2": "PA6_PRINT",
    "mat_r2": "PA6_PRINT"
  },
  "i_total": 30,
  "t_out": 80.19000000000001,
  "n_out": 5.0,
  "T_in_2": 17.819999999999997,
  "s1": {
    "name": "__s1_internal__",
    "SF": [
      5.176195200509843,
      5.487592015298873
    ],
    "SH": [
      1.8659182904272487,
      1.8659182904272487
    ],
    "SigmaF": [
      6.182147071433487,
      5.831337298907629
    ],
    "SigmaH": 13.398228705007027,
    "SH_pess": 1.8659182904272487,
    "mats": [
      "PA6_PRINT",
      "PA6_PRINT"
    ]
  },
  "s2": {
    "name": "__s2_internal__",
    "SF": [
      3.5406270804983015,
      3.6954208910852073
    ],
    "SH": [
      1.4632197531223168,
      1.4632197531223168
    ],
    "SigmaF": [
      9.037947028156486,
      8.659365453390288
    ],
    "SigmaH": 17.085608601615252,
    "SH_pess": 1.4632197531223168,
    "mats": [
      "PA6_PRINT",
      "PA6_PRINT"
    ]
  },
  "pr1": {
    "name": "__pr1_internal__",
    "force_n": 73.33333333333333,
    "d_planet": 60.0,
    "d_ring": 150.0,
    "sigma_p": 8.898685714285712,
    "sigma_r": 6.945714285714285,
    "sigma_lim_p": 16,
    "sigma_lim_r": 16,
    "sf_p": 3.5960366538878947,
    "sf_r": 4.60715754833402,
    "sigma_h": 7.759891932597337,
    "sigma_h_lim_p": 25,
    "sigma_h_lim_r": 25,
    "sh_p": 3.2216943505335873,
    "sh_r": 3.2216943505335873,
    "r_eq": 17.101007166283434
  },
  "pr2": {
    "name": "__pr2_internal__",
    "force_n": 212.1428571428571,
    "d_planet": 63.0,
    "d_ring": 168.0,
    "sigma_p": 13.572596938775511,
    "sigma_r": 10.177083826530609,
    "sigma_lim_p": 16,
    "sigma_lim_r": 16,
    "sf_p": 2.3576917626264504,
    "sf_r": 3.144319192554875,
    "sigma_h": 10.998612993422649,
    "sigma_h_lim_p": 25,
    "sigma_h_lim_r": 25,
    "sh_p": 2.2730138804729663,
    "sh_r": 2.2730138804729663,
    "r_eq": 17.2378152236137
  }
}