{
  "filename": "i30_6x5_m1.25-Z18-36-90_m1.25-Z24-48-120",
  "variant": {
    "legacy_name": "Y_R30",
    "description": "i=30 (6x5): m1=1.25 Z18-36-90 + m2=1.25 Z24-48-120. T_out~104, Ø157.5 Lax105.",
    "i1": 6,
    "i2": 5,
    "n_sat_1": 3,
    "n_sat_2": 4,
    "m1": 1.25,
    "z_s1": 18,
    "z_p1": 36,
    "z_r1": 90,
    "b1": 30,
    "x_s1": 0.0,
    "x_p1": 0.0,
    "m2": 1.25,
    "z_s2": 24,
    "z_p2": 48,
    "z_r2": 120,
    "b2": 45,
    "x_s2": 0.0,
    "x_p2": 0.0,
    "mat_s1": "POM_C",
    "mat_p1": "POM_C",
    "mat_r1": "PETG",
    "mat_s2": "POM_C",
    "mat_p2": "POM_C",
    "mat_r2": "PETG"
  },
  "i_total": 30,
  "t_out": 80.19000000000001,
  "n_out": 5.0,
  "T_in_2": 17.819999999999997,
  "s1": {
    "name": "__s1_internal__",
    "SF": [
      6.2577147773451856,
      6.880295794727733
    ],
    "SH": [
      1.4460157908307452,
      1.4460157908307452
    ],
    "SigmaF": [
      8.309742749582592,
      7.557814598588453
    ],
    "SigmaH": 24.20443830692352,
    "SH_pess": 1.4460157908307452,
    "mats": [
      "POM_C",
      "POM_C"
    ]
  },
  "s2": {
    "name": "__s2_internal__",
    "SF": [
      3.337824286043054,
      3.5386258035161386
    ],
    "SH": [
      1.1892942217072788,
      1.1892942217072788
    ],
    "SigmaF": [
      15.579010620012387,
      14.694969993247224
    ],
    "SigmaH": 29.429218910822687,
    "SH_pess": 1.1892942217072788,
    "mats": [
      "POM_C",
      "POM_C"
    ]
  },
  "pr1": {
    "name": "__pr1_internal__",
    "force_n": 97.77777777777777,
    "d_planet": 45.0,
    "d_ring": 112.5,
    "sigma_p": 11.677274074074074,
    "sigma_r": 8.794817777777778,
    "sigma_lim_p": 26,
    "sigma_lim_r": 12,
    "sf_p": 4.453094075735585,
    "sf_r": 2.7288797342273274,
    "sigma_h": 12.532259384731812,
    "sigma_h_lim_p": 35,
    "sigma_h_lim_r": 22,
    "sh_p": 2.792792498584962,
    "sh_r": 1.7554695705391192,
    "r_eq": 12.825755374712577
  },
  "pr2": {
    "name": "__pr2_internal__",
    "force_n": 296.99999999999994,
    "d_planet": 60.0,
    "d_ring": 150.0,
    "sigma_p": 22.424687999999996,
    "sigma_r": 17.503199999999996,
    "sigma_lim_p": 26,
    "sigma_lim_r": 12,
    "sf_p": 2.3188728422888207,
    "sf_r": 1.3711778417660774,
    "sigma_h": 15.444452613427709,
    "sigma_h_lim_p": 35,
    "sigma_h_lim_r": 22,
    "sh_p": 2.2661858517128874,
    "sh_r": 1.4244596782195291,
    "r_eq": 17.101007166283434
  }
}