{
  "filename": "i30_6x5_m1.25-Z18-36-90_m1.25-Z24-36-96",
  "variant": {
    "legacy_name": "N_R30_S",
    "description": "PA6 i=30 (6x5) компакт: m1=1.25 Z18-36-90 b1=30, m2=1.25 Z24-36-96 b2=50. Ø=130 Lax=110.",
    "i1": 6,
    "i2": 5,
    "n_sat_1": 3,
    "n_sat_2": 4,
    "m1": 1.25,
    "z_s1": 18,
    "z_p1": 36,
    "z_r1": 90,
    "b1": 30,
    "x_s1": 0.0,
    "x_p1": 0.0,
    "m2": 1.25,
    "z_s2": 24,
    "z_p2": 36,
    "z_r2": 96,
    "b2": 50,
    "x_s2": 0.0,
    "x_p2": 0.0,
    "mat_s1": "PA6_PRINT",
    "mat_p1": "PA6_PRINT",
    "mat_r1": "PA6_PRINT",
    "mat_s2": "PA6_PRINT",
    "mat_p2": "PA6_PRINT",
    "mat_r2": "PA6_PRINT"
  },
  "i_total": 30,
  "t_out": 80.19000000000001,
  "n_out": 5.0,
  "T_in_2": 17.819999999999997,
  "s1": {
    "name": "__s1_internal__",
    "SF": [
      3.8509014014431915,
      4.234028181370912
    ],
    "SH": [
      1.4291442891126025,
      1.4291442891126025
    ],
    "SigmaF": [
      8.309742749582592,
      7.557814598588453
    ],
    "SigmaH": 17.492985271293517,
    "SH_pess": 1.4291442891126025,
    "mats": [
      "PA6_PRINT",
      "PA6_PRINT"
    ]
  },
  "s2": {
    "name": "__s2_internal__",
    "SF": [
      2.2580529850116697,
      2.356773527477811
    ],
    "SH": [
      1.1685210121435574,
      1.1685210121435574
    ],
    "SigmaF": [
      14.171500940149384,
      13.57788503091597
    ],
    "SigmaH": 21.394566071293422,
    "SH_pess": 1.1685210121435574,
    "mats": [
      "PA6_PRINT",
      "PA6_PRINT"
    ]
  },
  "pr1": {
    "name": "__pr1_internal__",
    "force_n": 97.77777777777777,
    "d_planet": 45.0,
    "d_ring": 112.5,
    "sigma_p": 11.677274074074074,
    "sigma_r": 8.794817777777778,
    "sigma_lim_p": 16,
    "sigma_lim_r": 16,
    "sf_p": 2.7403655850680524,
    "sf_r": 3.6385063123031034,
    "sigma_h": 9.995690444887472,
    "sigma_h_lim_p": 25,
    "sigma_h_lim_r": 25,
    "sh_p": 2.5010778532849454,
    "sh_r": 2.5010778532849454,
    "r_eq": 12.825755374712577
  },
  "pr2": {
    "name": "__pr2_internal__",
    "force_n": 296.99999999999994,
    "d_planet": 45.0,
    "d_ring": 120.0,
    "sigma_p": 21.281831999999998,
    "sigma_r": 15.957667439999996,
    "sigma_lim_p": 16,
    "sigma_lim_r": 16,
    "sf_p": 1.5036299506546242,
    "sf_r": 2.005305607496731,
    "sigma_h": 13.772441934443073,
    "sigma_h_lim_p": 25,
    "sigma_h_lim_r": 25,
    "sh_p": 1.815219125192191,
    "sh_r": 1.815219125192191,
    "r_eq": 12.312725159724073
  }
}