{
  "filename": "i30_6x5_m1.25-Z24-48-120_m1.5-Z24-36-96",
  "variant": {
    "legacy_name": "N_R30_H",
    "description": "PA6 i=30 (6x5) большое солнце ст.1: m1=1.25 Z24-48-120 b1=35, m2=1.5 Z24-36-96 b2=55. Ø=157.5 Lax=120.",
    "i1": 6,
    "i2": 5,
    "n_sat_1": 3,
    "n_sat_2": 4,
    "m1": 1.25,
    "z_s1": 24,
    "z_p1": 48,
    "z_r1": 120,
    "b1": 35,
    "x_s1": 0.0,
    "x_p1": 0.0,
    "m2": 1.5,
    "z_s2": 24,
    "z_p2": 36,
    "z_r2": 96,
    "b2": 55,
    "x_s2": 0.0,
    "x_p2": 0.0,
    "mat_s1": "PA6_PRINT",
    "mat_p1": "PA6_PRINT",
    "mat_r1": "PA6_PRINT",
    "mat_s2": "PA6_PRINT",
    "mat_p2": "PA6_PRINT",
    "mat_r2": "PA6_PRINT"
  },
  "i_total": 30,
  "t_out": 80.19000000000001,
  "n_out": 5.0,
  "T_in_2": 17.819999999999997,
  "s1": {
    "name": "__s1_internal__",
    "SF": [
      6.4702440006373045,
      6.859490019123592
    ],
    "SH": [
      2.0861600689277617,
      2.0861600689277617
    ],
    "SigmaF": [
      4.94571765714679,
      4.665069839126103
    ],
    "SigmaH": 11.983740064993874,
    "SH_pess": 2.0861600689277617,
    "mats": [
      "PA6_PRINT",
      "PA6_PRINT"
    ]
  },
  "s2": {
    "name": "__s2_internal__",
    "SF": [
      3.5767559282584878,
      3.733129267524852
    ],
    "SH": [
      1.4706662121706844,
      1.4706662121706844
    ],
    "SigmaF": [
      8.946654633932685,
      8.571897115477256
    ],
    "SigmaH": 16.99909863510111,
    "SH_pess": 1.4706662121706844,
    "mats": [
      "PA6_PRINT",
      "PA6_PRINT"
    ]
  },
  "pr1": {
    "name": "__pr1_internal__",
    "force_n": 73.33333333333333,
    "d_planet": 60.0,
    "d_ring": 150.0,
    "sigma_p": 7.118948571428572,
    "sigma_r": 5.556571428571429,
    "sigma_lim_p": 16,
    "sigma_lim_r": 16,
    "sf_p": 4.495045817359867,
    "sf_r": 5.758946935417523,
    "sigma_h": 6.940658343735945,
    "sigma_h_lim_p": 25,
    "sigma_h_lim_r": 25,
    "sh_p": 3.6019637852600686,
    "sh_r": 3.6019637852600686,
    "r_eq": 17.101007166283434
  },
  "pr2": {
    "name": "__pr2_internal__",
    "force_n": 247.49999999999994,
    "d_planet": 54.0,
    "d_ring": 144.0,
    "sigma_p": 13.435499999999998,
    "sigma_r": 10.074284999999998,
    "sigma_lim_p": 16,
    "sigma_lim_r": 16,
    "sf_p": 2.381749841836925,
    "sf_r": 3.1764040822748223,
    "sigma_h": 10.942923455873887,
    "sigma_h_lim_p": 25,
    "sigma_h_lim_r": 25,
    "sh_p": 2.2845814558431026,
    "sh_r": 2.2845814558431026,
    "r_eq": 14.775270191668891
  }
}