{
  "filename": "i32_8x4_m1.25-Z18-54-126_m2-Z24-24-72_b30x40",
  "variant": {
    "legacy_name": "C_R32_D",
    "description": "PA6_CF i=32 (8x4) широкий: m1=1.25 Z18-54-126 b1=30, m2=2.0 Z24-24-72 b2=40. Ø=165 Lax=100.",
    "i1": 8,
    "i2": 4,
    "n_sat_1": 3,
    "n_sat_2": 4,
    "m1": 1.25,
    "z_s1": 18,
    "z_p1": 54,
    "z_r1": 126,
    "b1": 30,
    "x_s1": 0.0,
    "x_p1": 0.0,
    "m2": 2.0,
    "z_s2": 24,
    "z_p2": 24,
    "z_r2": 72,
    "b2": 40,
    "x_s2": 0.0,
    "x_p2": 0.0,
    "mat_s1": "PA6_CF",
    "mat_p1": "PA6_CF",
    "mat_r1": "PA6_CF",
    "mat_s2": "PA6_CF",
    "mat_p2": "PA6_CF",
    "mat_r2": "PA6_CF"
  },
  "i_total": 32,
  "t_out": 85.536,
  "n_out": 4.6875,
  "T_in_2": 23.759999999999998,
  "s1": {
    "name": "__s1_internal__",
    "SF": [
      4.397596402768442,
      4.930430284040429
    ],
    "SH": [
      1.0275875127011471,
      1.0275875127011471
    ],
    "SigmaF": [
      8.186290123699559,
      7.301593963620236
    ],
    "SigmaH": 34.060359402381174,
    "SH_pess": 1.0275875127011471,
    "mats": [
      "PA6_CF",
      "PA6_CF"
    ]
  },
  "s2": {
    "name": "__s2_internal__",
    "SF": [
      3.8320038770816933,
      3.8320038770816933
    ],
    "SH": [
      0.8806836971290894,
      0.8806836971290894
    ],
    "SigmaF": [
      9.394562519967025,
      9.394562519967025
    ],
    "SigmaH": 39.74185069406337,
    "SH_pess": 0.8806836971290894,
    "mats": [
      "PA6_CF",
      "PA6_CF"
    ]
  },
  "pr1": {
    "name": "__pr1_internal__",
    "force_n": 97.77777777777777,
    "d_planet": 67.5,
    "d_ring": 157.5,
    "sigma_p": 10.901048888888889,
    "sigma_r": 8.617624888888887,
    "sigma_lim_p": 18,
    "sigma_lim_r": 18,
    "sf_p": 3.3024345057927147,
    "sf_r": 4.177485149813902,
    "sigma_h": 16.57996341039351,
    "sigma_h_lim_p": 35,
    "sigma_h_lim_r": 35,
    "sh_p": 2.110981739444581,
    "sh_r": 2.110981739444581,
    "r_eq": 20.200564715172305
  },
  "pr2": {
    "name": "__pr2_internal__",
    "force_n": 247.49999999999997,
    "d_planet": 48.0,
    "d_ring": 144.0,
    "sigma_p": 15.202687499999998,
    "sigma_r": 10.655756718749998,
    "sigma_lim_p": 18,
    "sigma_lim_r": 18,
    "sf_p": 2.3680023680023683,
    "sf_r": 3.3784555100299882,
    "sigma_h": 29.260812572311995,
    "sigma_h_lim_p": 35,
    "sigma_h_lim_r": 35,
    "sh_p": 1.1961390311190025,
    "sh_r": 1.1961390311190025,
    "r_eq": 12.312725159724073
  }
}