{
  "filename": "i32_8x4_m1.25-Z18-54-126_m1.5-Z22-22-66_b20x32",
  "variant": {
    "legacy_name": "N6_32_COMP",
    "description": "PA6_PRINT i=32 (8x4) компакт. m1=1.25 Z18-54-126, m2=1.5 Z22-22-66. Ø158, Lax82.",
    "i1": 8,
    "i2": 4,
    "n_sat_1": 3,
    "n_sat_2": 4,
    "m1": 1.25,
    "z_s1": 18,
    "z_p1": 54,
    "z_r1": 126,
    "b1": 20,
    "x_s1": 0.0,
    "x_p1": 0.0,
    "m2": 1.5,
    "z_s2": 22,
    "z_p2": 22,
    "z_r2": 66,
    "b2": 32,
    "x_s2": 0.0,
    "x_p2": 0.0,
    "mat_s1": "PA6_PRINT",
    "mat_p1": "PA6_PRINT",
    "mat_r1": "PA6_PRINT",
    "mat_s2": "PA6_PRINT",
    "mat_p2": "PA6_PRINT",
    "mat_r2": "PA6_PRINT"
  },
  "i_total": 32,
  "t_out": 95.90400000000001,
  "n_out": 4.6875,
  "T_in_2": 26.64,
  "s1": {
    "name": "__s1_internal__",
    "SF": [
      2.3242551558175535,
      2.6058730630363818
    ],
    "SH": [
      1.178181799661158,
      1.178181799661158
    ],
    "SigmaF": [
      13.767851571676538,
      12.279953484270402
    ],
    "SigmaH": 21.219136136027508,
    "SH_pess": 1.178181799661158,
    "mats": [
      "PA6_PRINT",
      "PA6_PRINT"
    ]
  },
  "s2": {
    "name": "__s2_internal__",
    "SF": [
      1.2256919334411471,
      1.2256919334411471
    ],
    "SH": [
      0.757120468192033,
      0.757120468192033
    ],
    "SigmaF": [
      26.107702210423753,
      26.107702210423753
    ],
    "SigmaH": 33.01984433164089,
    "SH_pess": 0.757120468192033,
    "mats": [
      "PA6_PRINT",
      "PA6_PRINT"
    ]
  },
  "pr1": {
    "name": "__pr1_internal__",
    "force_n": 109.62962962962963,
    "d_planet": 67.5,
    "d_ring": 157.5,
    "sigma_p": 18.333582222222226,
    "sigma_r": 14.493278222222223,
    "sigma_lim_p": 16,
    "sigma_lim_r": 16,
    "sf_p": 1.7454308499084614,
    "sf_r": 2.2079200791809206,
    "sigma_h": 10.329089501941645,
    "sigma_h_lim_p": 25,
    "sigma_h_lim_r": 25,
    "sh_p": 2.420348859916505,
    "sh_r": 2.420348859916505,
    "r_eq": 20.200564715172305
  },
  "pr2": {
    "name": "__pr2_internal__",
    "force_n": 403.6363636363636,
    "d_planet": 33.0,
    "d_ring": 99.0,
    "sigma_p": 42.30613636363636,
    "sigma_r": 29.25600511363636,
    "sigma_lim_p": 16,
    "sigma_lim_r": 16,
    "sf_p": 0.7563914540658727,
    "sf_r": 1.0937925350951163,
    "sigma_h": 24.20480173429498,
    "sigma_h_lim_p": 25,
    "sigma_h_lim_r": 25,
    "sh_p": 1.0328529138323133,
    "sh_r": 1.0328529138323133,
    "r_eq": 8.464998547310302
  }
}