{
  "filename": "i32_8x4_m1.25-Z18-54-126_m2-Z24-24-72_b25x32",
  "variant": {
    "legacy_name": "C_R32_B",
    "description": "PA6_CF i=32 (8x4) компакт: m1=1.25 Z18-54-126 b1=25, m2=2.0 Z24-24-72 b2=32. Ø=165 Lax=87.",
    "i1": 8,
    "i2": 4,
    "n_sat_1": 3,
    "n_sat_2": 4,
    "m1": 1.25,
    "z_s1": 18,
    "z_p1": 54,
    "z_r1": 126,
    "b1": 25,
    "x_s1": 0.0,
    "x_p1": 0.0,
    "m2": 2.0,
    "z_s2": 24,
    "z_p2": 24,
    "z_r2": 72,
    "b2": 32,
    "x_s2": 0.0,
    "x_p2": 0.0,
    "mat_s1": "PA6_CF",
    "mat_p1": "PA6_CF",
    "mat_r1": "PA6_CF",
    "mat_s2": "PA6_CF",
    "mat_p2": "PA6_CF",
    "mat_r2": "PA6_CF"
  },
  "i_total": 32,
  "t_out": 85.536,
  "n_out": 4.6875,
  "T_in_2": 23.759999999999998,
  "s1": {
    "name": "__s1_internal__",
    "SF": [
      3.664663668973701,
      4.108691903367024
    ],
    "SH": [
      0.9380547675284077,
      0.9380547675284077
    ],
    "SigmaF": [
      9.823548148439471,
      8.761912756344282
    ],
    "SigmaH": 37.3112543228347,
    "SH_pess": 0.9380547675284078,
    "mats": [
      "PA6_CF",
      "PA6_CF"
    ]
  },
  "s2": {
    "name": "__s2_internal__",
    "SF": [
      3.0656031016653547,
      3.0656031016653547
    ],
    "SH": [
      0.7877074453825921,
      0.7877074453825921
    ],
    "SigmaF": [
      11.74320314995878,
      11.74320314995878
    ],
    "SigmaH": 44.43273985178645,
    "SH_pess": 0.7877074453825921,
    "mats": [
      "PA6_CF",
      "PA6_CF"
    ]
  },
  "pr1": {
    "name": "__pr1_internal__",
    "force_n": 97.77777777777777,
    "d_planet": 67.5,
    "d_ring": 157.5,
    "sigma_p": 13.08125866666667,
    "sigma_r": 10.341149866666665,
    "sigma_lim_p": 18,
    "sigma_lim_r": 18,
    "sf_p": 2.7520287548272617,
    "sf_r": 3.4812376248449177,
    "sigma_h": 18.162439924965618,
    "sigma_h_lim_p": 35,
    "sigma_h_lim_r": 35,
    "sh_p": 1.927053861958817,
    "sh_r": 1.927053861958817,
    "r_eq": 20.200564715172305
  },
  "pr2": {
    "name": "__pr2_internal__",
    "force_n": 247.49999999999997,
    "d_planet": 48.0,
    "d_ring": 144.0,
    "sigma_p": 19.003359375000002,
    "sigma_r": 13.319695898437498,
    "sigma_lim_p": 18,
    "sigma_lim_r": 18,
    "sf_p": 1.894401894401894,
    "sf_r": 2.7027644080239908,
    "sigma_h": 32.71458299428505,
    "sigma_h_lim_p": 35,
    "sigma_h_lim_r": 35,
    "sh_p": 1.0698592736491304,
    "sh_r": 1.0698592736491304,
    "r_eq": 12.312725159724073
  }
}