{
  "filename": "i32_8x4_m1.25-Z18-54-126_m2.5-Z20-20-60_b25x40",
  "variant": {
    "legacy_name": "D_R32_B",
    "description": "D16T+PETG i=32 (8x4) шире: m1=1.25 Z18-54-126 b1=25, m2=2.5 Z20-20-60 b2=40. Ø=165 Lax=95.",
    "i1": 8,
    "i2": 4,
    "n_sat_1": 3,
    "n_sat_2": 4,
    "m1": 1.25,
    "z_s1": 18,
    "z_p1": 54,
    "z_r1": 126,
    "b1": 25,
    "x_s1": 0.0,
    "x_p1": 0.0,
    "m2": 2.5,
    "z_s2": 20,
    "z_p2": 20,
    "z_r2": 60,
    "b2": 40,
    "x_s2": 0.0,
    "x_p2": 0.0,
    "mat_s1": "D16T",
    "mat_p1": "D16T",
    "mat_r1": "PETG",
    "mat_s2": "D16T",
    "mat_p2": "D16T",
    "mat_r2": "PETG"
  },
  "i_total": 32,
  "t_out": 85.536,
  "n_out": 4.6875,
  "T_in_2": 23.759999999999998,
  "s1": {
    "name": "__s1_internal__",
    "SF": [
      26.467015387032287,
      29.673885968761844
    ],
    "SH": [
      1.4100128837656982,
      1.4100128837656982
    ],
    "SigmaF": [
      9.823548148439471,
      8.761912756344282
    ],
    "SigmaH": 120.5662742215403,
    "SH_pess": 1.4100128837656982,
    "mats": [
      "D16T",
      "D16T"
    ]
  },
  "s2": {
    "name": "__s2_internal__",
    "SF": [
      34.310126907844406,
      34.310126907844406
    ],
    "SH": [
      1.366157861511831,
      1.366157861511831
    ],
    "SigmaF": [
      7.577937577973679,
      7.577937577973679
    ],
    "SigmaH": 124.43657119673779,
    "SH_pess": 1.366157861511831,
    "mats": [
      "D16T",
      "D16T"
    ]
  },
  "pr1": {
    "name": "__pr1_internal__",
    "force_n": 97.77777777777777,
    "d_planet": 67.5,
    "d_ring": 157.5,
    "sigma_p": 13.08125866666667,
    "sigma_r": 10.341149866666665,
    "sigma_lim_p": 130,
    "sigma_lim_r": 12,
    "sf_p": 19.875763229308,
    "sf_r": 2.3208250832299453,
    "sigma_h": 14.042394454592065,
    "sigma_h_lim_p": 170,
    "sigma_h_lim_r": 22,
    "sh_p": 12.106197454409747,
    "sh_r": 1.566684376453026,
    "r_eq": 20.200564715172305
  },
  "pr2": {
    "name": "__pr2_internal__",
    "force_n": 237.59999999999997,
    "d_planet": 50.0,
    "d_ring": 150.0,
    "sigma_p": 12.27798,
    "sigma_r": 8.3490264,
    "sigma_lim_p": 130,
    "sigma_lim_r": 12,
    "sf_p": 21.176121805052624,
    "sf_r": 2.8745866703691343,
    "sigma_h": 21.71823824022624,
    "sigma_h_lim_p": 170,
    "sigma_h_lim_r": 22,
    "sh_p": 7.827522569723368,
    "sh_r": 1.012973509023024,
    "r_eq": 12.825755374712575
  }
}