{
  "filename": "i32_8x4_m1.25-Z18-54-126_m1.5-Z22-22-66_b25x40",
  "variant": {
    "legacy_name": "N6_32_MID",
    "description": "PA6_PRINT i=32 (8x4) средняя. m1=1.25 Z18-54-126, m2=1.5 Z22-22-66. Ø158, Lax95.",
    "i1": 8,
    "i2": 4,
    "n_sat_1": 3,
    "n_sat_2": 4,
    "m1": 1.25,
    "z_s1": 18,
    "z_p1": 54,
    "z_r1": 126,
    "b1": 25,
    "x_s1": 0.0,
    "x_p1": 0.0,
    "m2": 1.5,
    "z_s2": 22,
    "z_p2": 22,
    "z_r2": 66,
    "b2": 40,
    "x_s2": 0.0,
    "x_p2": 0.0,
    "mat_s1": "PA6_PRINT",
    "mat_p1": "PA6_PRINT",
    "mat_r1": "PA6_PRINT",
    "mat_s2": "PA6_PRINT",
    "mat_p2": "PA6_PRINT",
    "mat_r2": "PA6_PRINT"
  },
  "i_total": 32,
  "t_out": 95.90400000000001,
  "n_out": 4.6875,
  "T_in_2": 26.64,
  "s1": {
    "name": "__s1_internal__",
    "SF": [
      2.905318944771942,
      3.2573413287954773
    ],
    "SH": [
      1.3172472969476938,
      1.3172472969476938
    ],
    "SigmaF": [
      11.01428125734123,
      9.82396278741632
    ],
    "SigmaH": 18.978972329591894,
    "SH_pess": 1.317247296947694,
    "mats": [
      "PA6_PRINT",
      "PA6_PRINT"
    ]
  },
  "s2": {
    "name": "__s2_internal__",
    "SF": [
      1.5321149168014334,
      1.5321149168014334
    ],
    "SH": [
      0.8464864170169265,
      0.8464864170169265
    ],
    "SigmaF": [
      20.886161768339008,
      20.886161768339008
    ],
    "SigmaH": 29.53384661280406,
    "SH_pess": 0.8464864170169265,
    "mats": [
      "PA6_PRINT",
      "PA6_PRINT"
    ]
  },
  "pr1": {
    "name": "__pr1_internal__",
    "force_n": 109.62962962962963,
    "d_planet": 67.5,
    "d_ring": 157.5,
    "sigma_p": 14.666865777777781,
    "sigma_r": 11.594622577777779,
    "sigma_lim_p": 16,
    "sigma_lim_r": 16,
    "sf_p": 2.181788562385577,
    "sf_r": 2.7599000989761504,
    "sigma_h": 9.238618508808385,
    "sigma_h_lim_p": 25,
    "sigma_h_lim_r": 25,
    "sh_p": 2.706032290018711,
    "sh_r": 2.706032290018711,
    "r_eq": 20.200564715172305
  },
  "pr2": {
    "name": "__pr2_internal__",
    "force_n": 403.6363636363636,
    "d_planet": 33.0,
    "d_ring": 99.0,
    "sigma_p": 33.84490909090909,
    "sigma_r": 23.40480409090909,
    "sigma_lim_p": 16,
    "sigma_lim_r": 16,
    "sf_p": 0.9454893175823408,
    "sf_r": 1.3672406688688954,
    "sigma_h": 21.64943282391535,
    "sigma_h_lim_p": 25,
    "sigma_h_lim_r": 25,
    "sh_p": 1.1547646630438926,
    "sh_r": 1.1547646630438926,
    "r_eq": 8.464998547310302
  }
}