{
  "filename": "i32_8x4_m1.25-Z18-54-126_m2-Z24-24-72_b22x28",
  "variant": {
    "legacy_name": "C_R32_A",
    "description": "PA6_CF i=32 (8x4) ультра-компакт: m1=1.25 Z18-54-126 b1=22, m2=2.0 Z24-24-72 b2=28. Ø=165 Lax=80.",
    "i1": 8,
    "i2": 4,
    "n_sat_1": 3,
    "n_sat_2": 4,
    "m1": 1.25,
    "z_s1": 18,
    "z_p1": 54,
    "z_r1": 126,
    "b1": 22,
    "x_s1": 0.0,
    "x_p1": 0.0,
    "m2": 2.0,
    "z_s2": 24,
    "z_p2": 24,
    "z_r2": 72,
    "b2": 28,
    "x_s2": 0.0,
    "x_p2": 0.0,
    "mat_s1": "PA6_CF",
    "mat_p1": "PA6_CF",
    "mat_r1": "PA6_CF",
    "mat_s2": "PA6_CF",
    "mat_p2": "PA6_CF",
    "mat_r2": "PA6_CF"
  },
  "i_total": 32,
  "t_out": 85.536,
  "n_out": 4.6875,
  "T_in_2": 23.759999999999998,
  "s1": {
    "name": "__s1_internal__",
    "SF": [
      3.224904028696857,
      3.6156488749629814
    ],
    "SH": [
      0.8799733730385495,
      0.8799733730385495
    ],
    "SigmaF": [
      11.163122895953945,
      9.956719041300321
    ],
    "SigmaH": 39.773930748773616,
    "SH_pess": 0.8799733730385495,
    "mats": [
      "PA6_CF",
      "PA6_CF"
    ]
  },
  "s2": {
    "name": "__s2_internal__",
    "SF": [
      2.682402713957185,
      2.682402713957185
    ],
    "SH": [
      0.7368328454081516,
      0.7368328454081516
    ],
    "SigmaF": [
      13.420803599952892,
      13.420803599952892
    ],
    "SigmaH": 47.50059693744048,
    "SH_pess": 0.7368328454081516,
    "mats": [
      "PA6_CF",
      "PA6_CF"
    ]
  },
  "pr1": {
    "name": "__pr1_internal__",
    "force_n": 97.77777777777777,
    "d_planet": 67.5,
    "d_ring": 157.5,
    "sigma_p": 14.86506666666667,
    "sigma_r": 11.751306666666666,
    "sigma_lim_p": 18,
    "sigma_lim_r": 18,
    "sf_p": 2.42178530424799,
    "sf_r": 3.0634891098635273,
    "sigma_h": 19.361226013842046,
    "sigma_h_lim_p": 35,
    "sigma_h_lim_r": 35,
    "sh_p": 1.8077367608320478,
    "sh_r": 1.8077367608320478,
    "r_eq": 20.200564715172305
  },
  "pr2": {
    "name": "__pr2_internal__",
    "force_n": 247.49999999999997,
    "d_planet": 48.0,
    "d_ring": 144.0,
    "sigma_p": 21.718125,
    "sigma_r": 15.222509598214284,
    "sigma_lim_p": 18,
    "sigma_lim_r": 18,
    "sf_p": 1.6576016576016575,
    "sf_r": 2.364918857020992,
    "sigma_h": 34.97336031879881,
    "sigma_h_lim_p": 35,
    "sigma_h_lim_r": 35,
    "sh_p": 1.000761713514468,
    "sh_r": 1.000761713514468,
    "r_eq": 12.312725159724073
  }
}