{
  "filename": "i32_8x4_m1.25-Z18-54-126_m2-Z24-24-72_b28x35",
  "variant": {
    "legacy_name": "C_R32_C",
    "description": "PA6_CF i=32 (8x4) средний: m1=1.25 Z18-54-126 b1=28, m2=2.0 Z24-24-72 b2=35. Ø=165 Lax=93.",
    "i1": 8,
    "i2": 4,
    "n_sat_1": 3,
    "n_sat_2": 4,
    "m1": 1.25,
    "z_s1": 18,
    "z_p1": 54,
    "z_r1": 126,
    "b1": 28,
    "x_s1": 0.0,
    "x_p1": 0.0,
    "m2": 2.0,
    "z_s2": 24,
    "z_p2": 24,
    "z_r2": 72,
    "b2": 35,
    "x_s2": 0.0,
    "x_p2": 0.0,
    "mat_s1": "PA6_CF",
    "mat_p1": "PA6_CF",
    "mat_r1": "PA6_CF",
    "mat_s2": "PA6_CF",
    "mat_p2": "PA6_CF",
    "mat_r2": "PA6_CF"
  },
  "i_total": 32,
  "t_out": 85.536,
  "n_out": 4.6875,
  "T_in_2": 23.759999999999998,
  "s1": {
    "name": "__s1_internal__",
    "SF": [
      4.104423309250546,
      4.601734931771068
    ],
    "SH": [
      0.9927438524154698,
      0.9927438524154698
    ],
    "SigmaF": [
      8.771025132535241,
      7.823136389593108
    ],
    "SigmaH": 35.25582144360867,
    "SH_pess": 0.9927438524154697,
    "mats": [
      "PA6_CF",
      "PA6_CF"
    ]
  },
  "s2": {
    "name": "__s2_internal__",
    "SF": [
      3.3530033924464813,
      3.3530033924464813
    ],
    "SH": [
      0.8238041651936104,
      0.8238041651936104
    ],
    "SigmaF": [
      10.736642879962314,
      10.736642879962314
    ],
    "SigmaH": 42.48582548957409,
    "SH_pess": 0.8238041651936104,
    "mats": [
      "PA6_CF",
      "PA6_CF"
    ]
  },
  "pr1": {
    "name": "__pr1_internal__",
    "force_n": 97.77777777777777,
    "d_planet": 67.5,
    "d_ring": 157.5,
    "sigma_p": 11.679695238095238,
    "sigma_r": 9.233169523809522,
    "sigma_lim_p": 18,
    "sigma_lim_r": 18,
    "sf_p": 3.0822722054065337,
    "sf_r": 3.898986139826308,
    "sigma_h": 17.161892587003447,
    "sigma_h_lim_p": 35,
    "sigma_h_lim_r": 35,
    "sh_p": 2.0394021127078488,
    "sh_r": 2.0394021127078488,
    "r_eq": 20.200564715172305
  },
  "pr2": {
    "name": "__pr2_internal__",
    "force_n": 247.49999999999997,
    "d_planet": 48.0,
    "d_ring": 144.0,
    "sigma_p": 17.3745,
    "sigma_r": 12.17800767857143,
    "sigma_lim_p": 18,
    "sigma_lim_r": 18,
    "sf_p": 2.0720020720020718,
    "sf_r": 2.956148571276239,
    "sigma_h": 31.28112442977114,
    "sigma_h_lim_p": 35,
    "sigma_h_lim_r": 35,
    "sh_p": 1.1188856103487603,
    "sh_r": 1.1188856103487603,
    "r_eq": 12.312725159724073
  }
}