{
  "filename": "i32_8x4_m1.25-Z18-54-126_m2-Z24-24-72_b25x40",
  "variant": {
    "legacy_name": "D_R32_D",
    "description": "D16T+PETG i=32 (8x4) m2=2.0 шире: m1=1.25 Z18-54-126 b1=25, m2=2.0 Z24-24-72 b2=40. Ø=156 Lax=95.",
    "i1": 8,
    "i2": 4,
    "n_sat_1": 3,
    "n_sat_2": 4,
    "m1": 1.25,
    "z_s1": 18,
    "z_p1": 54,
    "z_r1": 126,
    "b1": 25,
    "x_s1": 0.0,
    "x_p1": 0.0,
    "m2": 2.0,
    "z_s2": 24,
    "z_p2": 24,
    "z_r2": 72,
    "b2": 40,
    "x_s2": 0.0,
    "x_p2": 0.0,
    "mat_s1": "D16T",
    "mat_p1": "D16T",
    "mat_r1": "PETG",
    "mat_s2": "D16T",
    "mat_p2": "D16T",
    "mat_r2": "PETG"
  },
  "i_total": 32,
  "t_out": 85.536,
  "n_out": 4.6875,
  "T_in_2": 23.759999999999998,
  "s1": {
    "name": "__s1_internal__",
    "SF": [
      26.467015387032287,
      29.673885968761844
    ],
    "SH": [
      1.4100128837656982,
      1.4100128837656982
    ],
    "SigmaF": [
      9.823548148439471,
      8.761912756344282
    ],
    "SigmaH": 120.5662742215403,
    "SH_pess": 1.4100128837656982,
    "mats": [
      "D16T",
      "D16T"
    ]
  },
  "s2": {
    "name": "__s2_internal__",
    "SF": [
      27.675583556701117,
      27.675583556701117
    ],
    "SH": [
      1.3237770356908494,
      1.3237770356908494
    ],
    "SigmaF": [
      9.394562519967025,
      9.394562519967025
    ],
    "SigmaH": 128.42041780191545,
    "SH_pess": 1.3237770356908494,
    "mats": [
      "D16T",
      "D16T"
    ]
  },
  "pr1": {
    "name": "__pr1_internal__",
    "force_n": 97.77777777777777,
    "d_planet": 67.5,
    "d_ring": 157.5,
    "sigma_p": 13.08125866666667,
    "sigma_r": 10.341149866666665,
    "sigma_lim_p": 130,
    "sigma_lim_r": 12,
    "sf_p": 19.875763229308,
    "sf_r": 2.3208250832299453,
    "sigma_h": 14.042394454592065,
    "sigma_h_lim_p": 170,
    "sigma_h_lim_r": 22,
    "sh_p": 12.106197454409747,
    "sh_r": 1.566684376453026,
    "r_eq": 20.200564715172305
  },
  "pr2": {
    "name": "__pr2_internal__",
    "force_n": 247.49999999999997,
    "d_planet": 48.0,
    "d_ring": 144.0,
    "sigma_p": 15.202687499999998,
    "sigma_r": 10.655756718749998,
    "sigma_lim_p": 130,
    "sigma_lim_r": 12,
    "sf_p": 17.10223932446155,
    "sf_r": 2.2523036733533255,
    "sigma_h": 22.623164833569,
    "sigma_h_lim_p": 170,
    "sigma_h_lim_r": 22,
    "sh_p": 7.514421666934433,
    "sh_r": 0.972454568662103,
    "r_eq": 12.312725159724073
  }
}