{
  "filename": "i32_8x4_m1.25-Z18-54-126_m2.5-Z22-22-66_b28x38",
  "variant": {
    "legacy_name": "Y_R32_H",
    "description": "POM i=32 (8x4) Ø180 средний: m1=1.25 Z18-54-126 b1=28, m2=2.5 Z22-22-66 b2=38. Ø=180 Lax=96.",
    "i1": 8,
    "i2": 4,
    "n_sat_1": 3,
    "n_sat_2": 4,
    "m1": 1.25,
    "z_s1": 18,
    "z_p1": 54,
    "z_r1": 126,
    "b1": 28,
    "x_s1": 0.0,
    "x_p1": 0.0,
    "m2": 2.5,
    "z_s2": 22,
    "z_p2": 22,
    "z_r2": 66,
    "b2": 38,
    "x_s2": 0.0,
    "x_p2": 0.0,
    "mat_s1": "POM_C",
    "mat_p1": "POM_C",
    "mat_r1": "PETG",
    "mat_s2": "POM_C",
    "mat_p2": "POM_C",
    "mat_r2": "PETG"
  },
  "i_total": 32,
  "t_out": 85.536,
  "n_out": 4.6875,
  "T_in_2": 23.759999999999998,
  "s1": {
    "name": "__s1_internal__",
    "SF": [
      5.928611446695233,
      6.646950457002654
    ],
    "SH": [
      1.4935410952993007,
      1.4935410952993007
    ],
    "SigmaF": [
      8.771025132535241,
      7.823136389593108
    ],
    "SigmaH": 23.43423968055336,
    "SH_pess": 1.4935410952993007,
    "mats": [
      "POM_C",
      "POM_C"
    ]
  },
  "s2": {
    "name": "__s2_internal__",
    "SF": [
      7.366371119869681,
      7.366371119869681
    ],
    "SH": [
      1.4732328543102287,
      1.4732328543102287
    ],
    "SigmaF": [
      7.059106737065934,
      7.059106737065934
    ],
    "SigmaH": 23.75727631759006,
    "SH_pess": 1.4732328543102287,
    "mats": [
      "POM_C",
      "POM_C"
    ]
  },
  "pr1": {
    "name": "__pr1_internal__",
    "force_n": 97.77777777777777,
    "d_planet": 67.5,
    "d_ring": 157.5,
    "sigma_p": 11.679695238095238,
    "sigma_r": 9.233169523809522,
    "sigma_lim_p": 26,
    "sigma_lim_r": 12,
    "sf_p": 4.452170963364993,
    "sf_r": 2.5993240932175388,
    "sigma_h": 10.336433327613037,
    "sigma_h_lim_p": 35,
    "sigma_h_lim_r": 22,
    "sh_p": 3.3860809517824704,
    "sh_r": 2.12839374112041,
    "r_eq": 20.200564715172305
  },
  "pr2": {
    "name": "__pr2_internal__",
    "force_n": 215.99999999999997,
    "d_planet": 55.0,
    "d_ring": 165.0,
    "sigma_p": 11.438905263157892,
    "sigma_r": 7.910357684210524,
    "sigma_lim_p": 26,
    "sigma_lim_r": 12,
    "sf_p": 4.545889558809456,
    "sf_r": 3.0339968125468233,
    "sigma_h": 15.780060202235134,
    "sigma_h_lim_p": 35,
    "sigma_h_lim_r": 22,
    "sh_p": 2.2179890033019327,
    "sh_r": 1.3941645163612149,
    "r_eq": 14.108330912183833
  }
}