{
  "filename": "i32_8x4_m1.25-Z18-54-126_m1.5-Z22-22-66",
  "variant": {
    "legacy_name": "HI_i32_8x4_D",
    "description": "i=32 (8×4) усиленная ст.2. b1=25 b2=50. T_out~96Nm.",
    "i1": 8,
    "i2": 4,
    "n_sat_1": 3,
    "n_sat_2": 4,
    "m1": 1.25,
    "z_s1": 18,
    "z_p1": 54,
    "z_r1": 126,
    "b1": 25,
    "x_s1": 0.0,
    "x_p1": 0.0,
    "m2": 1.5,
    "z_s2": 22,
    "z_p2": 22,
    "z_r2": 66,
    "b2": 50,
    "x_s2": 0.0,
    "x_p2": 0.0,
    "mat_s1": "PA6_CF",
    "mat_p1": "PA6_CF",
    "mat_r1": "PA6_CF",
    "mat_s2": "PA6_CF",
    "mat_p2": "PA6_CF",
    "mat_r2": "PA6_CF"
  },
  "i_total": 32,
  "t_out": 95.90400000000001,
  "n_out": 4.6875,
  "T_in_2": 26.64,
  "s1": {
    "name": "__s1_internal__",
    "SF": [
      3.2684838128684346,
      3.6645089948949123
    ],
    "SH": [
      0.8858991866128977,
      0.8858991866128977
    ],
    "SigmaF": [
      11.01428125734123,
      9.82396278741632
    ],
    "SigmaH": 39.507881403319985,
    "SH_pess": 0.8858991866128977,
    "mats": [
      "PA6_CF",
      "PA6_CF"
    ]
  },
  "s2": {
    "name": "__s2_internal__",
    "SF": [
      2.154536601752016,
      2.154536601752016
    ],
    "SH": [
      0.6364905895930756,
      0.6364905895930756
    ],
    "SigmaF": [
      16.708929414671204,
      16.708929414671204
    ],
    "SigmaH": 54.98902980227309,
    "SH_pess": 0.6364905895930756,
    "mats": [
      "PA6_CF",
      "PA6_CF"
    ]
  },
  "pr1": {
    "name": "__pr1_internal__",
    "force_n": 109.62962962962963,
    "d_planet": 67.5,
    "d_ring": 157.5,
    "sigma_p": 14.666865777777781,
    "sigma_r": 11.594622577777779,
    "sigma_lim_p": 18,
    "sigma_lim_r": 18,
    "sf_p": 2.454512132683774,
    "sf_r": 3.104887611348169,
    "sigma_h": 19.23171803182492,
    "sigma_h_lim_p": 35,
    "sigma_h_lim_r": 35,
    "sh_p": 1.8199102098981228,
    "sh_r": 1.8199102098981228,
    "r_eq": 20.200564715172305
  },
  "pr2": {
    "name": "__pr2_internal__",
    "force_n": 403.6363636363636,
    "d_planet": 33.0,
    "d_ring": 99.0,
    "sigma_p": 27.075927272727277,
    "sigma_r": 18.723843272727272,
    "sigma_lim_p": 18,
    "sigma_lim_r": 18,
    "sf_p": 1.3295943528501666,
    "sf_r": 1.9226821905968838,
    "sigma_h": 40.30905023528059,
    "sigma_h_lim_p": 35,
    "sigma_h_lim_r": 35,
    "sh_p": 0.8682913587819088,
    "sh_r": 0.8682913587819088,
    "r_eq": 8.464998547310302
  }
}