{
  "filename": "i32_8x4_m1.25-Z18-54-126_m2-Z24-24-72",
  "variant": {
    "legacy_name": "HI_i32_8x4_F1",
    "description": "РЕКОМЕНДУЕТСЯ i=32 (8×4). Компактная. m1=1.25 Z18-54-126 b1=25, m2=2.0 Z24-24-72 b2=40. T_out~86Nm, Lax~95, SH~1.2+",
    "i1": 8,
    "i2": 4,
    "n_sat_1": 3,
    "n_sat_2": 4,
    "m1": 1.25,
    "z_s1": 18,
    "z_p1": 54,
    "z_r1": 126,
    "b1": 25,
    "x_s1": 0.0,
    "x_p1": 0.0,
    "m2": 2.0,
    "z_s2": 24,
    "z_p2": 24,
    "z_r2": 72,
    "b2": 40,
    "x_s2": 0.0,
    "x_p2": 0.0,
    "mat_s1": "PA6_CF",
    "mat_p1": "PA6_CF",
    "mat_r1": "PA6_CF",
    "mat_s2": "PA6_CF",
    "mat_p2": "PA6_CF",
    "mat_r2": "PA6_CF"
  },
  "i_total": 32,
  "t_out": 95.90400000000001,
  "n_out": 4.6875,
  "T_in_2": 26.64,
  "s1": {
    "name": "__s1_internal__",
    "SF": [
      3.2684838128684346,
      3.6645089948949123
    ],
    "SH": [
      0.8858991866128977,
      0.8858991866128977
    ],
    "SigmaF": [
      11.01428125734123,
      9.82396278741632
    ],
    "SigmaH": 39.507881403319985,
    "SH_pess": 0.8858991866128977,
    "mats": [
      "PA6_CF",
      "PA6_CF"
    ]
  },
  "s2": {
    "name": "__s2_internal__",
    "SF": [
      3.4177331876674555,
      3.4177331876674555
    ],
    "SH": [
      0.831717931571914,
      0.831717931571914
    ],
    "SigmaF": [
      10.53329737087212,
      10.53329737087212
    ],
    "SigmaH": 42.08157437925065,
    "SH_pess": 0.831717931571914,
    "mats": [
      "PA6_CF",
      "PA6_CF"
    ]
  },
  "pr1": {
    "name": "__pr1_internal__",
    "force_n": 109.62962962962963,
    "d_planet": 67.5,
    "d_ring": 157.5,
    "sigma_p": 14.666865777777781,
    "sigma_r": 11.594622577777779,
    "sigma_lim_p": 18,
    "sigma_lim_r": 18,
    "sf_p": 2.454512132683774,
    "sf_r": 3.104887611348169,
    "sigma_h": 19.23171803182492,
    "sigma_h_lim_p": 35,
    "sigma_h_lim_r": 35,
    "sh_p": 1.8199102098981228,
    "sh_r": 1.8199102098981228,
    "r_eq": 20.200564715172305
  },
  "pr2": {
    "name": "__pr2_internal__",
    "force_n": 277.5,
    "d_planet": 48.0,
    "d_ring": 144.0,
    "sigma_p": 17.045437500000002,
    "sigma_r": 11.94736359375,
    "sigma_lim_p": 18,
    "sigma_lim_r": 18,
    "sf_p": 2.112002112002112,
    "sf_r": 3.0132170765132322,
    "sigma_h": 30.983485649373574,
    "sigma_h_lim_p": 35,
    "sigma_h_lim_r": 35,
    "sh_p": 1.1296340378251675,
    "sh_r": 1.1296340378251675,
    "r_eq": 12.312725159724073
  }
}