{
  "filename": "i32_8x4_m1.25-Z18-54-126_m2.5-Z22-22-66",
  "variant": {
    "legacy_name": "HI_i32_8x4_PRIME",
    "description": "ПРЕМИУМ i=32 (8×4). m1=1.25 Z18-54-126 b1=30, m2=2.5 Z22-22-66 b2=38. T_out~86Nm, Lax~98, SH_pess~1.39",
    "i1": 8,
    "i2": 4,
    "n_sat_1": 3,
    "n_sat_2": 4,
    "m1": 1.25,
    "z_s1": 18,
    "z_p1": 54,
    "z_r1": 126,
    "b1": 30,
    "x_s1": 0.0,
    "x_p1": 0.0,
    "m2": 2.5,
    "z_s2": 22,
    "z_p2": 22,
    "z_r2": 66,
    "b2": 38,
    "x_s2": 0.0,
    "x_p2": 0.0,
    "mat_s1": "PA6_CF",
    "mat_p1": "PA6_CF",
    "mat_r1": "PA6_CF",
    "mat_s2": "PA6_CF",
    "mat_p2": "PA6_CF",
    "mat_r2": "PA6_CF"
  },
  "i_total": 32,
  "t_out": 95.90400000000001,
  "n_out": 4.6875,
  "T_in_2": 26.64,
  "s1": {
    "name": "__s1_internal__",
    "SF": [
      3.922180575442122,
      4.397410793873895
    ],
    "SH": [
      0.9704539363667256,
      0.9704539363667256
    ],
    "SigmaF": [
      9.178567714451024,
      8.186635656180266
    ],
    "SigmaH": 36.06559640639535,
    "SH_pess": 0.9704539363667255,
    "mats": [
      "PA6_CF",
      "PA6_CF"
    ]
  },
  "s2": {
    "name": "__s2_internal__",
    "SF": [
      4.548466159254253,
      4.548466159254253
    ],
    "SH": [
      0.9247993861836123,
      0.9247993861836123
    ],
    "SigmaF": [
      7.914756038528472,
      7.914756038528472
    ],
    "SigmaH": 37.84604588075602,
    "SH_pess": 0.9247993861836123,
    "mats": [
      "PA6_CF",
      "PA6_CF"
    ]
  },
  "pr1": {
    "name": "__pr1_internal__",
    "force_n": 109.62962962962963,
    "d_planet": 67.5,
    "d_ring": 157.5,
    "sigma_p": 12.22238814814815,
    "sigma_r": 9.662185481481483,
    "sigma_lim_p": 18,
    "sigma_lim_r": 18,
    "sf_p": 2.945414559220529,
    "sf_r": 3.725865133617803,
    "sigma_h": 17.55607630934894,
    "sigma_h_lim_p": 35,
    "sigma_h_lim_r": 35,
    "sh_p": 1.9936117491903271,
    "sh_r": 1.9936117491903271,
    "r_eq": 20.200564715172305
  },
  "pr2": {
    "name": "__pr2_internal__",
    "force_n": 242.1818181818182,
    "d_planet": 55.0,
    "d_ring": 165.0,
    "sigma_p": 12.825439234449762,
    "sigma_r": 8.869188918660285,
    "sigma_lim_p": 18,
    "sigma_lim_r": 18,
    "sf_p": 2.8069214115725742,
    "sf_r": 4.058995735704533,
    "sigma_h": 27.74259102405672,
    "sigma_h_lim_p": 35,
    "sigma_h_lim_r": 35,
    "sh_p": 1.2615980954933188,
    "sh_r": 1.2615980954933188,
    "r_eq": 14.108330912183833
  }
}