{
  "filename": "i32_8x4_m1.5-Z18-54-126_m2-Z24-24-72_b25x60",
  "variant": {
    "legacy_name": "Z_PETG_32B",
    "description": "Z_PETG_32 с большей шириной ст.2: b2=60. Ø180/156, Lax115.",
    "i1": 8,
    "i2": 4,
    "n_sat_1": 3,
    "n_sat_2": 4,
    "m1": 1.5,
    "z_s1": 18,
    "z_p1": 54,
    "z_r1": 126,
    "b1": 25,
    "x_s1": 0.0,
    "x_p1": 0.0,
    "m2": 2.0,
    "z_s2": 24,
    "z_p2": 24,
    "z_r2": 72,
    "b2": 60,
    "x_s2": 0.0,
    "x_p2": 0.0,
    "mat_s1": "PETG",
    "mat_p1": "PETG",
    "mat_r1": "PETG",
    "mat_s2": "PETG",
    "mat_p2": "PETG",
    "mat_r2": "PETG"
  },
  "i_total": 32,
  "t_out": 95.90400000000001,
  "n_out": 4.6875,
  "T_in_2": 26.64,
  "s1": {
    "name": "__s1_internal__",
    "SF": [
      3.1377444603536984,
      3.51792863509911
    ],
    "SH": [
      1.2046527210675797,
      1.2046527210675797
    ],
    "SigmaF": [
      7.648806428709185,
      6.822196380150233
    ],
    "SigmaH": 18.2625246390539,
    "SH_pess": 1.2046527210675797,
    "mats": [
      "PETG",
      "PETG"
    ]
  },
  "s2": {
    "name": "__s2_internal__",
    "SF": [
      3.417733187667455,
      3.417733187667455
    ],
    "SH": [
      1.1542981811239954,
      1.1542981811239954
    ],
    "SigmaF": [
      7.022198247248081,
      7.022198247248081
    ],
    "SigmaH": 19.059200092109258,
    "SH_pess": 1.1542981811239954,
    "mats": [
      "PETG",
      "PETG"
    ]
  },
  "pr1": {
    "name": "__pr1_internal__",
    "force_n": 91.35802469135803,
    "d_planet": 81.0,
    "d_ring": 189.0,
    "sigma_p": 10.185323456790124,
    "sigma_r": 8.0518212345679,
    "sigma_lim_p": 12,
    "sigma_lim_r": 12,
    "sf_p": 2.356331647376423,
    "sf_r": 2.980692106894243,
    "sigma_h": 8.889864805001299,
    "sigma_h_lim_p": 22,
    "sigma_h_lim_r": 22,
    "sh_p": 2.474728298187746,
    "sh_r": 2.474728298187746,
    "r_eq": 24.240677658206767
  },
  "pr2": {
    "name": "__pr2_internal__",
    "force_n": 277.5,
    "d_planet": 48.0,
    "d_ring": 144.0,
    "sigma_p": 11.363625,
    "sigma_r": 7.9649090624999985,
    "sigma_lim_p": 12,
    "sigma_lim_r": 12,
    "sf_p": 2.112002112002112,
    "sf_r": 3.0132170765132327,
    "sigma_h": 14.032755695413742,
    "sigma_h_lim_p": 22,
    "sigma_h_lim_r": 22,
    "sh_p": 1.5677604939128351,
    "sh_r": 1.5677604939128351,
    "r_eq": 12.312725159724073
  }
}