{
  "filename": "i32_8x4_m1.25-Z18-54-126_m2-Z18-18-54_b30x40",
  "variant": {
    "legacy_name": "N_R32_D",
    "description": "PA6 i=32 (8x4) ст.2 Z18 шире: m1=1.25 Z18-54-126 b1=30, m2=2.0 Z18-18-54 b2=40. Ø=165 Lax=100.",
    "i1": 8,
    "i2": 4,
    "n_sat_1": 3,
    "n_sat_2": 4,
    "m1": 1.25,
    "z_s1": 18,
    "z_p1": 54,
    "z_r1": 126,
    "b1": 30,
    "x_s1": 0.0,
    "x_p1": 0.0,
    "m2": 2.0,
    "z_s2": 18,
    "z_p2": 18,
    "z_r2": 54,
    "b2": 40,
    "x_s2": 0.0,
    "x_p2": 0.0,
    "mat_s1": "PA6_PRINT",
    "mat_p1": "PA6_PRINT",
    "mat_r1": "PA6_PRINT",
    "mat_s2": "PA6_PRINT",
    "mat_p2": "PA6_PRINT",
    "mat_r2": "PA6_PRINT"
  },
  "i_total": 32,
  "t_out": 85.536,
  "n_out": 4.6875,
  "T_in_2": 23.759999999999998,
  "s1": {
    "name": "__s1_internal__",
    "SF": [
      3.9089745802386147,
      4.382604696924826
    ],
    "SH": [
      1.527924276189965,
      1.527924276189965
    ],
    "SigmaF": [
      8.186290123699559,
      7.301593963620236
    ],
    "SigmaH": 16.362067407123114,
    "SH_pess": 1.527924276189965,
    "mats": [
      "PA6_PRINT",
      "PA6_PRINT"
    ]
  },
  "s2": {
    "name": "__s2_internal__",
    "SF": [
      2.3527592386924647,
      2.3527592386924647
    ],
    "SH": [
      0.9676728021664505,
      0.9676728021664505
    ],
    "SigmaF": [
      13.60105168167732,
      13.60105168167732
    ],
    "SigmaH": 25.83517894068053,
    "SH_pess": 0.9676728021664505,
    "mats": [
      "PA6_PRINT",
      "PA6_PRINT"
    ]
  },
  "pr1": {
    "name": "__pr1_internal__",
    "force_n": 97.77777777777777,
    "d_planet": 67.5,
    "d_ring": 157.5,
    "sigma_p": 10.901048888888889,
    "sigma_r": 8.617624888888887,
    "sigma_lim_p": 16,
    "sigma_lim_r": 16,
    "sf_p": 2.935497338482413,
    "sf_r": 3.7133201331679127,
    "sigma_h": 7.964756793186627,
    "sigma_h_lim_p": 25,
    "sigma_h_lim_r": 25,
    "sh_p": 3.1388277946397567,
    "sh_r": 3.1388277946397567,
    "r_eq": 20.200564715172305
  },
  "pr2": {
    "name": "__pr2_internal__",
    "force_n": 329.99999999999994,
    "d_planet": 36.0,
    "d_ring": 108.0,
    "sigma_p": 22.120312499999997,
    "sigma_r": 14.658929999999998,
    "sigma_lim_p": 16,
    "sigma_lim_r": 16,
    "sf_p": 1.4466341739069013,
    "sf_r": 2.182969698334053,
    "sigma_h": 18.74191958416401,
    "sigma_h_lim_p": 25,
    "sigma_h_lim_r": 25,
    "sh_p": 1.3339081884186377,
    "sh_r": 1.3339081884186377,
    "r_eq": 9.234543869793056
  }
}