{
  "filename": "i32_8x4_m1.25-Z18-54-126_m2-Z24-24-72_b22x35",
  "variant": {
    "legacy_name": "D_R32_C",
    "description": "D16T+PETG i=32 (8x4) m2=2.0: m1=1.25 Z18-54-126 b1=22, m2=2.0 Z24-24-72 b2=35. Ø=156 Lax=87.",
    "i1": 8,
    "i2": 4,
    "n_sat_1": 3,
    "n_sat_2": 4,
    "m1": 1.25,
    "z_s1": 18,
    "z_p1": 54,
    "z_r1": 126,
    "b1": 22,
    "x_s1": 0.0,
    "x_p1": 0.0,
    "m2": 2.0,
    "z_s2": 24,
    "z_p2": 24,
    "z_r2": 72,
    "b2": 35,
    "x_s2": 0.0,
    "x_p2": 0.0,
    "mat_s1": "D16T",
    "mat_p1": "D16T",
    "mat_r1": "PETG",
    "mat_s2": "D16T",
    "mat_p2": "D16T",
    "mat_r2": "PETG"
  },
  "i_total": 32,
  "t_out": 85.536,
  "n_out": 4.6875,
  "T_in_2": 23.759999999999998,
  "s1": {
    "name": "__s1_internal__",
    "SF": [
      23.29097354058841,
      26.11301965251042
    ],
    "SH": [
      1.3227093303137425,
      1.3227093303137425
    ],
    "SigmaF": [
      11.163122895953945,
      9.956719041300321
    ],
    "SigmaH": 128.5240801617968,
    "SH_pess": 1.3227093303137425,
    "mats": [
      "D16T",
      "D16T"
    ]
  },
  "s2": {
    "name": "__s2_internal__",
    "SF": [
      24.216135612113476,
      24.216135612113476
    ],
    "SH": [
      1.2382800310085942,
      1.2382800310085942
    ],
    "SigmaF": [
      10.736642879962314,
      10.736642879962314
    ],
    "SigmaH": 137.28720139460935,
    "SH_pess": 1.2382800310085942,
    "mats": [
      "D16T",
      "D16T"
    ]
  },
  "pr1": {
    "name": "__pr1_internal__",
    "force_n": 97.77777777777777,
    "d_planet": 67.5,
    "d_ring": 157.5,
    "sigma_p": 14.86506666666667,
    "sigma_r": 11.751306666666666,
    "sigma_lim_p": 130,
    "sigma_lim_r": 12,
    "sf_p": 17.49067164179104,
    "sf_r": 2.0423260732423514,
    "sigma_h": 14.9692427853354,
    "sigma_h_lim_p": 170,
    "sigma_h_lim_r": 22,
    "sh_p": 11.356619866339551,
    "sh_r": 1.469680217996883,
    "r_eq": 20.200564715172305
  },
  "pr2": {
    "name": "__pr2_internal__",
    "force_n": 247.49999999999997,
    "d_planet": 48.0,
    "d_ring": 144.0,
    "sigma_p": 17.3745,
    "sigma_r": 12.17800767857143,
    "sigma_lim_p": 130,
    "sigma_lim_r": 12,
    "sf_p": 14.964459408903853,
    "sf_r": 1.9707657141841595,
    "sigma_h": 24.185180517636546,
    "sigma_h_lim_p": 170,
    "sigma_h_lim_r": 22,
    "sh_p": 7.029097834354843,
    "sh_r": 0.9096479550341562,
    "r_eq": 12.312725159724073
  }
}