{
  "filename": "i32_4x8_m2-Z18-27-72_m2-Z20-30-80",
  "variant": {
    "legacy_name": "D16T_U32_compact",
    "description": "U=32 (4x8), m=2.0, Z ст.2 подобраны под 4 сат: (Z_s+Z_r)=100 делится на 4.",
    "i1": 4,
    "i2": 8,
    "n_sat_1": 3,
    "n_sat_2": 4,
    "m1": 2.0,
    "z_s1": 18,
    "z_p1": 27,
    "z_r1": 72,
    "b1": 22,
    "x_s1": 0.0,
    "x_p1": 0.0,
    "m2": 2.0,
    "z_s2": 20,
    "z_p2": 30,
    "z_r2": 80,
    "b2": 30,
    "x_s2": 0.0,
    "x_p2": 0.0,
    "mat_s1": "D16T",
    "mat_p1": "PA6_CF",
    "mat_r1": "PA6_CF",
    "mat_s2": "D16T",
    "mat_p2": "PA6_CF",
    "mat_r2": "PA6_CF"
  },
  "i_total": 32,
  "t_out": 95.90400000000001,
  "n_out": 4.6875,
  "T_in_2": 13.32,
  "s1": {
    "name": "__s1_internal__",
    "SF": [
      51.72024881976521,
      7.6621077218319815
    ],
    "SH": [
      4.214361647887287,
      4.214361647887287
    ],
    "SigmaF": [
      5.027044647562473,
      4.698446081281736
    ],
    "SigmaH": 40.338256230388566,
    "SH_pess": 0.8676626922120885,
    "mats": [
      "D16T",
      "PA6_CF"
    ]
  },
  "s2": {
    "name": "__s2_internal__",
    "SF": [
      29.97107528703049,
      4.395531049166946
    ],
    "SH": [
      3.3454394824918636,
      3.3454394824918636
    ],
    "SigmaF": [
      8.675030759157009,
      8.190136663196322
    ],
    "SigmaH": 50.81544618866483,
    "SH_pess": 0.6887669522777367,
    "mats": [
      "D16T",
      "PA6_CF"
    ]
  },
  "pr1": {
    "name": "__pr1_internal__",
    "force_n": 68.51851851851852,
    "d_planet": 54.0,
    "d_ring": 144.0,
    "sigma_p": 7.409343434343436,
    "sigma_r": 5.363575126262626,
    "sigma_lim_p": 18,
    "sigma_lim_r": 18,
    "sf_p": 4.858730104631743,
    "sf_r": 6.711941037933225,
    "sigma_h": 18.950941676262715,
    "sigma_h_lim_p": 35,
    "sigma_h_lim_r": 35,
    "sh_p": 1.8468739230958517,
    "sh_r": 1.8468739230958517,
    "r_eq": 14.775270191668891
  },
  "pr2": {
    "name": "__pr2_internal__",
    "force_n": 166.5,
    "d_planet": 60.0,
    "d_ring": 160.0,
    "sigma_p": 12.932887500000001,
    "sigma_r": 9.429103125,
    "sigma_lim_p": 18,
    "sigma_lim_r": 18,
    "sf_p": 2.783601109960942,
    "sf_r": 3.8179665152405473,
    "sigma_h": 23.999704785496068,
    "sigma_h_lim_p": 35,
    "sigma_h_lim_r": 35,
    "sh_p": 1.4583512719353042,
    "sh_r": 1.4583512719353042,
    "r_eq": 16.4169668796321
  }
}