{
  "filename": "i32_8x4_m1.25-Z18-54-126_m1.5-Z22-22-66_b28x40",
  "variant": {
    "legacy_name": "D_PA6CF_32_v2",
    "description": "D16T+PA6-CF i=32 (8x4) шире: как v1 но b1=28, b2=40.",
    "i1": 8,
    "i2": 4,
    "n_sat_1": 3,
    "n_sat_2": 4,
    "m1": 1.25,
    "z_s1": 18,
    "z_p1": 54,
    "z_r1": 126,
    "b1": 28,
    "x_s1": 0.0,
    "x_p1": 0.0,
    "m2": 1.5,
    "z_s2": 22,
    "z_p2": 22,
    "z_r2": 66,
    "b2": 40,
    "x_s2": 0.0,
    "x_p2": 0.0,
    "mat_s1": "PA6_CF",
    "mat_p1": "PA6_CF",
    "mat_r1": "PA6_CF",
    "mat_s2": "D16T",
    "mat_p2": "PA6_CF",
    "mat_r2": "PA6_CF"
  },
  "i_total": 32,
  "t_out": 85.536,
  "n_out": 4.6875,
  "T_in_2": 23.759999999999998,
  "s1": {
    "name": "__s1_internal__",
    "SF": [
      4.104423309250546,
      4.601734931771068
    ],
    "SH": [
      0.9927438524154698,
      0.9927438524154698
    ],
    "SigmaF": [
      8.771025132535241,
      7.823136389593108
    ],
    "SigmaH": 35.25582144360867,
    "SH_pess": 0.9927438524154697,
    "mats": [
      "PA6_CF",
      "PA6_CF"
    ]
  },
  "s2": {
    "name": "__s2_internal__",
    "SF": [
      13.957334753437307,
      1.9325540427836272
    ],
    "SH": [
      2.1672369209180697,
      2.1672369209180697
    ],
    "SigmaF": [
      18.628198333923972,
      18.628198333923972
    ],
    "SigmaH": 78.4408932679062,
    "SH_pess": 0.4461958366596026,
    "mats": [
      "D16T",
      "PA6_CF"
    ]
  },
  "pr1": {
    "name": "__pr1_internal__",
    "force_n": 97.77777777777777,
    "d_planet": 67.5,
    "d_ring": 157.5,
    "sigma_p": 11.679695238095238,
    "sigma_r": 9.233169523809522,
    "sigma_lim_p": 18,
    "sigma_lim_r": 18,
    "sf_p": 3.0822722054065337,
    "sf_r": 3.898986139826308,
    "sigma_h": 17.161892587003447,
    "sigma_h_lim_p": 35,
    "sigma_h_lim_r": 35,
    "sh_p": 2.0394021127078488,
    "sh_r": 2.0394021127078488,
    "r_eq": 20.200564715172305
  },
  "pr2": {
    "name": "__pr2_internal__",
    "force_n": 359.99999999999994,
    "d_planet": 33.0,
    "d_ring": 99.0,
    "sigma_p": 30.186,
    "sigma_r": 20.874554999999994,
    "sigma_lim_p": 18,
    "sigma_lim_r": 18,
    "sf_p": 1.1926058437686344,
    "sf_r": 1.7245876618687206,
    "sigma_h": 42.561181923362895,
    "sigma_h_lim_p": 35,
    "sigma_h_lim_r": 35,
    "sh_p": 0.8223455838943144,
    "sh_r": 0.8223455838943144,
    "r_eq": 8.464998547310302
  }
}