{
  "filename": "i32_8x4_m1.25-Z18-54-126_m1.5-Z22-22-66_b22x35",
  "variant": {
    "legacy_name": "D_PA6CF_32_v1",
    "description": "D16T+PA6-CF i=32 (8x4). m1=1.25 Z18-54-126, m2=1.5 Z22-22-66. Компакт по Ø.",
    "i1": 8,
    "i2": 4,
    "n_sat_1": 3,
    "n_sat_2": 4,
    "m1": 1.25,
    "z_s1": 18,
    "z_p1": 54,
    "z_r1": 126,
    "b1": 22,
    "x_s1": 0.0,
    "x_p1": 0.0,
    "m2": 1.5,
    "z_s2": 22,
    "z_p2": 22,
    "z_r2": 66,
    "b2": 35,
    "x_s2": 0.0,
    "x_p2": 0.0,
    "mat_s1": "PA6_CF",
    "mat_p1": "PA6_CF",
    "mat_r1": "PA6_CF",
    "mat_s2": "D16T",
    "mat_p2": "PA6_CF",
    "mat_r2": "PA6_CF"
  },
  "i_total": 32,
  "t_out": 85.536,
  "n_out": 4.6875,
  "T_in_2": 23.759999999999998,
  "s1": {
    "name": "__s1_internal__",
    "SF": [
      3.224904028696857,
      3.6156488749629814
    ],
    "SH": [
      0.8799733730385495,
      0.8799733730385495
    ],
    "SigmaF": [
      11.163122895953945,
      9.956719041300321
    ],
    "SigmaH": 39.773930748773616,
    "SH_pess": 0.8799733730385495,
    "mats": [
      "PA6_CF",
      "PA6_CF"
    ]
  },
  "s2": {
    "name": "__s2_internal__",
    "SF": [
      12.212667909257643,
      1.6909847874356736
    ],
    "SH": [
      2.0272645085105774,
      2.0272645085105774
    ],
    "SigmaF": [
      21.289369524484542,
      21.289369524484542
    ],
    "SigmaH": 83.85684220600216,
    "SH_pess": 0.41737798704629536,
    "mats": [
      "D16T",
      "PA6_CF"
    ]
  },
  "pr1": {
    "name": "__pr1_internal__",
    "force_n": 97.77777777777777,
    "d_planet": 67.5,
    "d_ring": 157.5,
    "sigma_p": 14.86506666666667,
    "sigma_r": 11.751306666666666,
    "sigma_lim_p": 18,
    "sigma_lim_r": 18,
    "sf_p": 2.42178530424799,
    "sf_r": 3.0634891098635273,
    "sigma_h": 19.361226013842046,
    "sigma_h_lim_p": 35,
    "sigma_h_lim_r": 35,
    "sh_p": 1.8077367608320478,
    "sh_r": 1.8077367608320478,
    "r_eq": 20.200564715172305
  },
  "pr2": {
    "name": "__pr2_internal__",
    "force_n": 359.99999999999994,
    "d_planet": 33.0,
    "d_ring": 99.0,
    "sigma_p": 34.498285714285714,
    "sigma_r": 23.85663428571428,
    "sigma_lim_p": 18,
    "sigma_lim_r": 18,
    "sf_p": 1.0435301132975552,
    "sf_r": 1.5090142041351304,
    "sigma_h": 45.49981735239438,
    "sigma_h_lim_p": 35,
    "sigma_h_lim_r": 35,
    "sh_p": 0.7692338571147728,
    "sh_r": 0.7692338571147728,
    "r_eq": 8.464998547310302
  }
}