{
  "filename": "i32_8x4_m1.25-Z18-54-126_m2-Z24-24-72_b25x36",
  "variant": {
    "legacy_name": "Y_R32_E",
    "description": "POM i=32 (8x4) m2=2.0 компакт Ø: m1=1.25 Z18-54-126 b1=25, m2=2.0 Z24-24-72 b2=36. Ø=165 Lax=91.",
    "i1": 8,
    "i2": 4,
    "n_sat_1": 3,
    "n_sat_2": 4,
    "m1": 1.25,
    "z_s1": 18,
    "z_p1": 54,
    "z_r1": 126,
    "b1": 25,
    "x_s1": 0.0,
    "x_p1": 0.0,
    "m2": 2.0,
    "z_s2": 24,
    "z_p2": 24,
    "z_r2": 72,
    "b2": 36,
    "x_s2": 0.0,
    "x_p2": 0.0,
    "mat_s1": "POM_C",
    "mat_p1": "POM_C",
    "mat_r1": "PETG",
    "mat_s2": "POM_C",
    "mat_p2": "POM_C",
    "mat_r2": "PETG"
  },
  "i_total": 32,
  "t_out": 85.536,
  "n_out": 4.6875,
  "T_in_2": 23.759999999999998,
  "s1": {
    "name": "__s1_internal__",
    "SF": [
      5.293403077406457,
      5.934777193752368
    ],
    "SH": [
      1.4112636825060605,
      1.4112636825060605
    ],
    "SigmaF": [
      9.823548148439471,
      8.761912756344282
    ],
    "SigmaH": 24.800468143450363,
    "SH_pess": 1.4112636825060605,
    "mats": [
      "POM_C",
      "POM_C"
    ]
  },
  "s2": {
    "name": "__s2_internal__",
    "SF": [
      4.981605040206202,
      4.981605040206202
    ],
    "SH": [
      1.256959203249061,
      1.256959203249061
    ],
    "SigmaF": [
      10.43840279996336,
      10.43840279996336
    ],
    "SigmaH": 27.844976916935703,
    "SH_pess": 1.256959203249061,
    "mats": [
      "POM_C",
      "POM_C"
    ]
  },
  "pr1": {
    "name": "__pr1_internal__",
    "force_n": 97.77777777777777,
    "d_planet": 67.5,
    "d_ring": 157.5,
    "sigma_p": 13.08125866666667,
    "sigma_r": 10.341149866666665,
    "sigma_lim_p": 26,
    "sigma_lim_r": 12,
    "sf_p": 3.9751526458615998,
    "sf_r": 2.3208250832299453,
    "sigma_h": 10.939052811305567,
    "sigma_h_lim_p": 35,
    "sigma_h_lim_r": 22,
    "sh_p": 3.1995457562676104,
    "sh_r": 2.011143046796784,
    "r_eq": 20.200564715172305
  },
  "pr2": {
    "name": "__pr2_internal__",
    "force_n": 247.49999999999997,
    "d_planet": 48.0,
    "d_ring": 144.0,
    "sigma_p": 16.891875,
    "sigma_r": 11.839729687499998,
    "sigma_lim_p": 26,
    "sigma_lim_r": 12,
    "sf_p": 3.0784030784030785,
    "sf_r": 2.027073306017993,
    "sigma_h": 18.57678932051856,
    "sigma_h_lim_p": 35,
    "sigma_h_lim_r": 22,
    "sh_p": 1.8840715365890253,
    "sh_r": 1.18427353728453,
    "r_eq": 12.312725159724073
  }
}