{
  "filename": "i32_8x4_m1.25-Z18-54-126_m2.5-Z20-20-60_b30x38",
  "variant": {
    "legacy_name": "Y_R32_D",
    "description": "POM i=32 (8x4) широкий: m1=1.25 Z18-54-126 b1=30, m2=2.5 Z20-20-60 b2=38. Ø=165 Lax=98.",
    "i1": 8,
    "i2": 4,
    "n_sat_1": 3,
    "n_sat_2": 4,
    "m1": 1.25,
    "z_s1": 18,
    "z_p1": 54,
    "z_r1": 126,
    "b1": 30,
    "x_s1": 0.0,
    "x_p1": 0.0,
    "m2": 2.5,
    "z_s2": 20,
    "z_p2": 20,
    "z_r2": 60,
    "b2": 38,
    "x_s2": 0.0,
    "x_p2": 0.0,
    "mat_s1": "POM_C",
    "mat_p1": "POM_C",
    "mat_r1": "PETG",
    "mat_s2": "POM_C",
    "mat_p2": "POM_C",
    "mat_r2": "PETG"
  },
  "i_total": 32,
  "t_out": 85.536,
  "n_out": 4.6875,
  "T_in_2": 23.759999999999998,
  "s1": {
    "name": "__s1_internal__",
    "SF": [
      6.352083692887749,
      7.121732632502842
    ],
    "SH": [
      1.5459619069927566,
      1.5459619069927566
    ],
    "SigmaF": [
      8.186290123699559,
      7.301593963620236
    ],
    "SigmaH": 22.639626398093384,
    "SH_pess": 1.5459619069927566,
    "mats": [
      "POM_C",
      "POM_C"
    ]
  },
  "s2": {
    "name": "__s2_internal__",
    "SF": [
      6.518924112490437,
      6.518924112490437
    ],
    "SH": [
      1.3327471816727439,
      1.3327471816727439
    ],
    "SigmaF": [
      7.976776397867032,
      7.976776397867032
    ],
    "SigmaH": 26.261544936130466,
    "SH_pess": 1.3327471816727439,
    "mats": [
      "POM_C",
      "POM_C"
    ]
  },
  "pr1": {
    "name": "__pr1_internal__",
    "force_n": 97.77777777777777,
    "d_planet": 67.5,
    "d_ring": 157.5,
    "sigma_p": 10.901048888888889,
    "sigma_r": 8.617624888888887,
    "sigma_lim_p": 26,
    "sigma_lim_r": 12,
    "sf_p": 4.770183175033921,
    "sf_r": 2.7849900998759343,
    "sigma_h": 9.985943304153938,
    "sigma_h_lim_p": 35,
    "sigma_h_lim_r": 22,
    "sh_p": 3.5049267689553925,
    "sh_r": 2.2030968262005324,
    "r_eq": 20.200564715172305
  },
  "pr2": {
    "name": "__pr2_internal__",
    "force_n": 237.59999999999997,
    "d_planet": 50.0,
    "d_ring": 150.0,
    "sigma_p": 12.924189473684205,
    "sigma_r": 8.788448842105261,
    "sigma_lim_p": 26,
    "sigma_lim_r": 12,
    "sf_p": 4.02346314296,
    "sf_r": 2.7308573368506783,
    "sigma_h": 17.35806622245865,
    "sigma_h_lim_p": 35,
    "sigma_h_lim_r": 22,
    "sh_p": 2.016353639365393,
    "sh_r": 1.2674222876011043,
    "r_eq": 12.825755374712575
  }
}