{
  "filename": "i32_8x4_m1.25-Z18-54-126_m2.5-Z22-22-66_b25x35",
  "variant": {
    "legacy_name": "Y_R32_G",
    "description": "POM i=32 (8x4) Ø180 компакт: m1=1.25 Z18-54-126 b1=25, m2=2.5 Z22-22-66 b2=35. Ø=180 Lax=90.",
    "i1": 8,
    "i2": 4,
    "n_sat_1": 3,
    "n_sat_2": 4,
    "m1": 1.25,
    "z_s1": 18,
    "z_p1": 54,
    "z_r1": 126,
    "b1": 25,
    "x_s1": 0.0,
    "x_p1": 0.0,
    "m2": 2.5,
    "z_s2": 22,
    "z_p2": 22,
    "z_r2": 66,
    "b2": 35,
    "x_s2": 0.0,
    "x_p2": 0.0,
    "mat_s1": "POM_C",
    "mat_p1": "POM_C",
    "mat_r1": "PETG",
    "mat_s2": "POM_C",
    "mat_p2": "POM_C",
    "mat_r2": "PETG"
  },
  "i_total": 32,
  "t_out": 85.536,
  "n_out": 4.6875,
  "T_in_2": 23.759999999999998,
  "s1": {
    "name": "__s1_internal__",
    "SF": [
      5.293403077406457,
      5.934777193752368
    ],
    "SH": [
      1.4112636825060605,
      1.4112636825060605
    ],
    "SigmaF": [
      9.823548148439471,
      8.761912756344282
    ],
    "SigmaH": 24.800468143450363,
    "SH_pess": 1.4112636825060605,
    "mats": [
      "POM_C",
      "POM_C"
    ]
  },
  "s2": {
    "name": "__s2_internal__",
    "SF": [
      6.784815505143128,
      6.784815505143128
    ],
    "SH": [
      1.4138834771618354,
      1.4138834771618354
    ],
    "SigmaF": [
      7.664173028814442,
      7.664173028814442
    ],
    "SigmaH": 24.754515181305738,
    "SH_pess": 1.4138834771618354,
    "mats": [
      "POM_C",
      "POM_C"
    ]
  },
  "pr1": {
    "name": "__pr1_internal__",
    "force_n": 97.77777777777777,
    "d_planet": 67.5,
    "d_ring": 157.5,
    "sigma_p": 13.08125866666667,
    "sigma_r": 10.341149866666665,
    "sigma_lim_p": 26,
    "sigma_lim_r": 12,
    "sf_p": 3.9751526458615998,
    "sf_r": 2.3208250832299453,
    "sigma_h": 10.939052811305567,
    "sigma_h_lim_p": 35,
    "sigma_h_lim_r": 22,
    "sh_p": 3.1995457562676104,
    "sh_r": 2.011143046796784,
    "r_eq": 20.200564715172305
  },
  "pr2": {
    "name": "__pr2_internal__",
    "force_n": 215.99999999999997,
    "d_planet": 55.0,
    "d_ring": 165.0,
    "sigma_p": 12.419382857142857,
    "sigma_r": 8.58838834285714,
    "sigma_lim_p": 26,
    "sigma_lim_r": 12,
    "sf_p": 4.187003541008709,
    "sf_r": 2.79447074839839,
    "sigma_h": 16.44244628955738,
    "sigma_h_lim_p": 35,
    "sigma_h_lim_r": 22,
    "sh_p": 2.128637027826483,
    "sh_r": 1.338000417490932,
    "r_eq": 14.108330912183833
  }
}