{
  "filename": "i32_8x4_m1.25-Z18-54-126_m2.5-Z20-20-60_b22x28",
  "variant": {
    "legacy_name": "Y_R32_A",
    "description": "POM i=32 (8x4) ультра-компакт: m1=1.25 Z18-54-126 b1=22, m2=2.5 Z20-20-60 b2=28. Ø=165 Lax=80.",
    "i1": 8,
    "i2": 4,
    "n_sat_1": 3,
    "n_sat_2": 4,
    "m1": 1.25,
    "z_s1": 18,
    "z_p1": 54,
    "z_r1": 126,
    "b1": 22,
    "x_s1": 0.0,
    "x_p1": 0.0,
    "m2": 2.5,
    "z_s2": 20,
    "z_p2": 20,
    "z_r2": 60,
    "b2": 28,
    "x_s2": 0.0,
    "x_p2": 0.0,
    "mat_s1": "POM_C",
    "mat_p1": "POM_C",
    "mat_r1": "PETG",
    "mat_s2": "POM_C",
    "mat_p2": "POM_C",
    "mat_r2": "PETG"
  },
  "i_total": 32,
  "t_out": 85.536,
  "n_out": 4.6875,
  "T_in_2": 23.759999999999998,
  "s1": {
    "name": "__s1_internal__",
    "SF": [
      4.658194708117682,
      5.222603930502085
    ],
    "SH": [
      1.323882683538575,
      1.323882683538575
    ],
    "SigmaF": [
      11.163122895953945,
      9.956719041300321
    ],
    "SigmaH": 26.437387870690564,
    "SH_pess": 1.323882683538575,
    "mats": [
      "POM_C",
      "POM_C"
    ]
  },
  "s2": {
    "name": "__s2_internal__",
    "SF": [
      4.803417767098217,
      4.803417767098217
    ],
    "SH": [
      1.1440236173397864,
      1.1440236173397864
    ],
    "SigmaF": [
      10.82562511139097,
      10.82562511139097
    ],
    "SigmaH": 30.593774000388184,
    "SH_pess": 1.1440236173397864,
    "mats": [
      "POM_C",
      "POM_C"
    ]
  },
  "pr1": {
    "name": "__pr1_internal__",
    "force_n": 97.77777777777777,
    "d_planet": 67.5,
    "d_ring": 157.5,
    "sigma_p": 14.86506666666667,
    "sigma_r": 11.751306666666666,
    "sigma_lim_p": 26,
    "sigma_lim_r": 12,
    "sf_p": 3.498134328358208,
    "sf_r": 2.0423260732423514,
    "sigma_h": 11.661069478111006,
    "sigma_h_lim_p": 35,
    "sigma_h_lim_r": 22,
    "sh_p": 3.0014399678947545,
    "sh_r": 1.8866194083909886,
    "r_eq": 20.200564715172305
  },
  "pr2": {
    "name": "__pr2_internal__",
    "force_n": 237.59999999999997,
    "d_planet": 50.0,
    "d_ring": 150.0,
    "sigma_p": 17.539971428571427,
    "sigma_r": 11.92718057142857,
    "sigma_lim_p": 26,
    "sigma_lim_r": 12,
    "sf_p": 2.9646570527073677,
    "sf_r": 2.012210669258394,
    "sigma_h": 20.221535190911723,
    "sigma_h_lim_p": 35,
    "sigma_h_lim_r": 22,
    "sh_p": 1.7308280340520459,
    "sh_r": 1.0879490499755717,
    "r_eq": 12.825755374712575
  }
}