{
  "filename": "i32_8x4_m1.25-Z18-54-126_m2-Z24-24-72_b28x40",
  "variant": {
    "legacy_name": "Y_R32_F",
    "description": "POM i=32 (8x4) m2=2.0 широкий: m1=1.25 Z18-54-126 b1=28, m2=2.0 Z24-24-72 b2=40. Ø=165 Lax=98.",
    "i1": 8,
    "i2": 4,
    "n_sat_1": 3,
    "n_sat_2": 4,
    "m1": 1.25,
    "z_s1": 18,
    "z_p1": 54,
    "z_r1": 126,
    "b1": 28,
    "x_s1": 0.0,
    "x_p1": 0.0,
    "m2": 2.0,
    "z_s2": 24,
    "z_p2": 24,
    "z_r2": 72,
    "b2": 40,
    "x_s2": 0.0,
    "x_p2": 0.0,
    "mat_s1": "POM_C",
    "mat_p1": "POM_C",
    "mat_r1": "PETG",
    "mat_s2": "POM_C",
    "mat_p2": "POM_C",
    "mat_r2": "PETG"
  },
  "i_total": 32,
  "t_out": 85.536,
  "n_out": 4.6875,
  "T_in_2": 23.759999999999998,
  "s1": {
    "name": "__s1_internal__",
    "SF": [
      5.928611446695233,
      6.646950457002654
    ],
    "SH": [
      1.4935410952993007,
      1.4935410952993007
    ],
    "SigmaF": [
      8.771025132535241,
      7.823136389593108
    ],
    "SigmaH": 23.43423968055336,
    "SH_pess": 1.4935410952993007,
    "mats": [
      "POM_C",
      "POM_C"
    ]
  },
  "s2": {
    "name": "__s2_internal__",
    "SF": [
      5.5351167113402235,
      5.5351167113402235
    ],
    "SH": [
      1.3249513360591838,
      1.3249513360591838
    ],
    "SigmaF": [
      9.394562519967025,
      9.394562519967025
    ],
    "SigmaH": 26.41606453569899,
    "SH_pess": 1.3249513360591838,
    "mats": [
      "POM_C",
      "POM_C"
    ]
  },
  "pr1": {
    "name": "__pr1_internal__",
    "force_n": 97.77777777777777,
    "d_planet": 67.5,
    "d_ring": 157.5,
    "sigma_p": 11.679695238095238,
    "sigma_r": 9.233169523809522,
    "sigma_lim_p": 26,
    "sigma_lim_r": 12,
    "sf_p": 4.452170963364993,
    "sf_r": 2.5993240932175388,
    "sigma_h": 10.336433327613037,
    "sigma_h_lim_p": 35,
    "sigma_h_lim_r": 22,
    "sh_p": 3.3860809517824704,
    "sh_r": 2.12839374112041,
    "r_eq": 20.200564715172305
  },
  "pr2": {
    "name": "__pr2_internal__",
    "force_n": 247.49999999999997,
    "d_planet": 48.0,
    "d_ring": 144.0,
    "sigma_p": 15.202687499999998,
    "sigma_r": 10.655756718749998,
    "sigma_lim_p": 26,
    "sigma_lim_r": 12,
    "sf_p": 3.42044786489231,
    "sf_r": 2.2523036733533255,
    "sigma_h": 17.623489759779112,
    "sigma_h_lim_p": 35,
    "sigma_h_lim_r": 22,
    "sh_p": 1.9859857767715285,
    "sh_r": 1.248333916827818,
    "r_eq": 12.312725159724073
  }
}