{
  "filename": "i32_8x4_m1.5-Z18-54-126_m2-Z24-24-72_b25x45",
  "variant": {
    "legacy_name": "Z_PETG_32",
    "description": "i=32 (8x4) минимальный > 32, PETG. m1=1.5 Z18-54-126 b1=25, m2=2.0 Z24-24-72 b2=45. Ø180/156, Lax100.",
    "i1": 8,
    "i2": 4,
    "n_sat_1": 3,
    "n_sat_2": 4,
    "m1": 1.5,
    "z_s1": 18,
    "z_p1": 54,
    "z_r1": 126,
    "b1": 25,
    "x_s1": 0.0,
    "x_p1": 0.0,
    "m2": 2.0,
    "z_s2": 24,
    "z_p2": 24,
    "z_r2": 72,
    "b2": 45,
    "x_s2": 0.0,
    "x_p2": 0.0,
    "mat_s1": "PETG",
    "mat_p1": "PETG",
    "mat_r1": "PETG",
    "mat_s2": "PETG",
    "mat_p2": "PETG",
    "mat_r2": "PETG"
  },
  "i_total": 32,
  "t_out": 95.90400000000001,
  "n_out": 4.6875,
  "T_in_2": 26.64,
  "s1": {
    "name": "__s1_internal__",
    "SF": [
      3.1377444603536984,
      3.51792863509911
    ],
    "SH": [
      1.2046527210675797,
      1.2046527210675797
    ],
    "SigmaF": [
      7.648806428709185,
      6.822196380150233
    ],
    "SigmaH": 18.2625246390539,
    "SH_pess": 1.2046527210675797,
    "mats": [
      "PETG",
      "PETG"
    ]
  },
  "s2": {
    "name": "__s2_internal__",
    "SF": [
      2.5632998907505917,
      2.5632998907505917
    ],
    "SH": [
      0.9996515483955514,
      0.9996515483955514
    ],
    "SigmaF": [
      9.362930996330773,
      9.362930996330773
    ],
    "SigmaH": 22.007668607436436,
    "SH_pess": 0.9996515483955514,
    "mats": [
      "PETG",
      "PETG"
    ]
  },
  "pr1": {
    "name": "__pr1_internal__",
    "force_n": 91.35802469135803,
    "d_planet": 81.0,
    "d_ring": 189.0,
    "sigma_p": 10.185323456790124,
    "sigma_r": 8.0518212345679,
    "sigma_lim_p": 12,
    "sigma_lim_r": 12,
    "sf_p": 2.356331647376423,
    "sf_r": 2.980692106894243,
    "sigma_h": 8.889864805001299,
    "sigma_h_lim_p": 22,
    "sigma_h_lim_r": 22,
    "sh_p": 2.474728298187746,
    "sh_r": 2.474728298187746,
    "r_eq": 24.240677658206767
  },
  "pr2": {
    "name": "__pr2_internal__",
    "force_n": 277.5,
    "d_planet": 48.0,
    "d_ring": 144.0,
    "sigma_p": 15.151500000000002,
    "sigma_r": 10.61987875,
    "sigma_lim_p": 12,
    "sigma_lim_r": 12,
    "sf_p": 1.5840015840015838,
    "sf_r": 2.259912807384924,
    "sigma_h": 16.203630556438757,
    "sigma_h_lim_p": 22,
    "sigma_h_lim_r": 22,
    "sh_p": 1.357720414778154,
    "sh_r": 1.357720414778154,
    "r_eq": 12.312725159724073
  }
}