{
  "filename": "i32_8x4_m1.25-Z18-54-126_m2-Z18-18-54_b28x35",
  "variant": {
    "legacy_name": "N_R32_C",
    "description": "PA6 i=32 (8x4) ст.2 Z18: m1=1.25 Z18-54-126 b1=28, m2=2.0 Z18-18-54 b2=35. Ø=165 Lax=93.",
    "i1": 8,
    "i2": 4,
    "n_sat_1": 3,
    "n_sat_2": 4,
    "m1": 1.25,
    "z_s1": 18,
    "z_p1": 54,
    "z_r1": 126,
    "b1": 28,
    "x_s1": 0.0,
    "x_p1": 0.0,
    "m2": 2.0,
    "z_s2": 18,
    "z_p2": 18,
    "z_r2": 54,
    "b2": 35,
    "x_s2": 0.0,
    "x_p2": 0.0,
    "mat_s1": "PA6_PRINT",
    "mat_p1": "PA6_PRINT",
    "mat_r1": "PA6_PRINT",
    "mat_s2": "PA6_PRINT",
    "mat_p2": "PA6_PRINT",
    "mat_r2": "PA6_PRINT"
  },
  "i_total": 32,
  "t_out": 85.536,
  "n_out": 4.6875,
  "T_in_2": 23.759999999999998,
  "s1": {
    "name": "__s1_internal__",
    "SF": [
      3.6483762748893738,
      4.090431050463172
    ],
    "SH": [
      1.4761150883945056,
      1.4761150883945056
    ],
    "SigmaF": [
      8.771025132535241,
      7.823136389593108
    ],
    "SigmaH": 16.936348795940575,
    "SH_pess": 1.4761150883945056,
    "mats": [
      "PA6_PRINT",
      "PA6_PRINT"
    ]
  },
  "s2": {
    "name": "__s2_internal__",
    "SF": [
      2.0586643338559063,
      2.0586643338559063
    ],
    "SH": [
      0.9051750220515845,
      0.9051750220515845
    ],
    "SigmaF": [
      15.544059064774082,
      15.544059064774082
    ],
    "SigmaH": 27.61896803486397,
    "SH_pess": 0.9051750220515845,
    "mats": [
      "PA6_PRINT",
      "PA6_PRINT"
    ]
  },
  "pr1": {
    "name": "__pr1_internal__",
    "force_n": 97.77777777777777,
    "d_planet": 67.5,
    "d_ring": 157.5,
    "sigma_p": 11.679695238095238,
    "sigma_r": 9.233169523809522,
    "sigma_lim_p": 16,
    "sigma_lim_r": 16,
    "sf_p": 2.739797515916919,
    "sf_r": 3.465765457623385,
    "sigma_h": 8.244306527274219,
    "sigma_h_lim_p": 25,
    "sigma_h_lim_r": 25,
    "sh_p": 3.032395740902376,
    "sh_r": 3.032395740902376,
    "r_eq": 20.200564715172305
  },
  "pr2": {
    "name": "__pr2_internal__",
    "force_n": 329.99999999999994,
    "d_planet": 36.0,
    "d_ring": 108.0,
    "sigma_p": 25.28035714285714,
    "sigma_r": 16.753062857142858,
    "sigma_lim_p": 16,
    "sigma_lim_r": 16,
    "sf_p": 1.2658049021685387,
    "sf_r": 1.9100984860422963,
    "sigma_h": 20.035954815545846,
    "sigma_h_lim_p": 25,
    "sigma_h_lim_r": 25,
    "sh_p": 1.2477568566187105,
    "sh_r": 1.2477568566187105,
    "r_eq": 9.234543869793056
  }
}