{
  "filename": "i32_4x8_m2-Z18-27-72_m2-Z18-27-72",
  "variant": {
    "legacy_name": "D16T_U32_compact",
    "description": "U=32 (4x8), D16T солнце, m=2.0 обе ступени для минимизации сетки.",
    "i1": 4,
    "i2": 8,
    "n_sat_1": 3,
    "n_sat_2": 4,
    "m1": 2.0,
    "z_s1": 18,
    "z_p1": 27,
    "z_r1": 72,
    "b1": 20,
    "x_s1": 0.0,
    "x_p1": 0.0,
    "m2": 2.0,
    "z_s2": 18,
    "z_p2": 27,
    "z_r2": 72,
    "b2": 30,
    "x_s2": 0.0,
    "x_p2": 0.0,
    "mat_s1": "D16T",
    "mat_p1": "PA6_CF",
    "mat_r1": "PA6_CF",
    "mat_s2": "D16T",
    "mat_p2": "PA6_CF",
    "mat_r2": "PA6_CF"
  },
  "i_total": 32,
  "t_out": 95.90400000000001,
  "n_out": 4.6875,
  "T_in_2": 13.32,
  "s1": {
    "name": "__s1_internal__",
    "SF": [
      47.01840801796836,
      6.96555247439271
    ],
    "SH": [
      4.018236168811935,
      4.018236168811935
    ],
    "SigmaF": [
      5.529749112318721,
      5.168290689409909
    ],
    "SigmaH": 42.307120054186264,
    "SH_pess": 0.8272839171083396,
    "mats": [
      "D16T",
      "PA6_CF"
    ]
  },
  "s2": {
    "name": "__s2_internal__",
    "SF": [
      26.12133778776021,
      3.8697513746626178
    ],
    "SH": [
      2.995016407703936,
      2.995016407703936
    ],
    "SigmaF": [
      9.953548402173695,
      9.302923240937835
    ],
    "SigmaH": 56.76095782404304,
    "SH_pess": 0.6166210251155163,
    "mats": [
      "D16T",
      "PA6_CF"
    ]
  },
  "pr1": {
    "name": "__pr1_internal__",
    "force_n": 68.51851851851852,
    "d_planet": 54.0,
    "d_ring": 144.0,
    "sigma_p": 8.150277777777779,
    "sigma_r": 5.899932638888888,
    "sigma_lim_p": 18,
    "sigma_lim_r": 18,
    "sf_p": 4.417027367847039,
    "sf_r": 6.101764579939296,
    "sigma_h": 19.87591531122082,
    "sigma_h_lim_p": 35,
    "sigma_h_lim_r": 35,
    "sh_p": 1.760925192725136,
    "sh_r": 1.760925192725136,
    "r_eq": 14.775270191668891
  },
  "pr2": {
    "name": "__pr2_internal__",
    "force_n": 185.0,
    "d_planet": 54.0,
    "d_ring": 144.0,
    "sigma_p": 14.670500000000002,
    "sigma_r": 10.61987875,
    "sigma_lim_p": 18,
    "sigma_lim_r": 18,
    "sf_p": 2.4539040932483553,
    "sf_r": 3.3898692110773863,
    "sigma_h": 26.666338650551182,
    "sigma_h_lim_p": 35,
    "sigma_h_lim_r": 35,
    "sh_p": 1.3125161447417741,
    "sh_r": 1.3125161447417741,
    "r_eq": 14.775270191668891
  }
}