{
  "filename": "i32_8x4_m1.25-Z18-54-126_m2.5-Z22-22-66_b30x40",
  "variant": {
    "legacy_name": "Y_R32_I",
    "description": "POM i=32 (8x4) Ø180 широкий: m1=1.25 Z18-54-126 b1=30, m2=2.5 Z22-22-66 b2=40. Ø=180 Lax=100.",
    "i1": 8,
    "i2": 4,
    "n_sat_1": 3,
    "n_sat_2": 4,
    "m1": 1.25,
    "z_s1": 18,
    "z_p1": 54,
    "z_r1": 126,
    "b1": 30,
    "x_s1": 0.0,
    "x_p1": 0.0,
    "m2": 2.5,
    "z_s2": 22,
    "z_p2": 22,
    "z_r2": 66,
    "b2": 40,
    "x_s2": 0.0,
    "x_p2": 0.0,
    "mat_s1": "POM_C",
    "mat_p1": "POM_C",
    "mat_r1": "PETG",
    "mat_s2": "POM_C",
    "mat_p2": "POM_C",
    "mat_r2": "PETG"
  },
  "i_total": 32,
  "t_out": 85.536,
  "n_out": 4.6875,
  "T_in_2": 23.759999999999998,
  "s1": {
    "name": "__s1_internal__",
    "SF": [
      6.352083692887749,
      7.121732632502842
    ],
    "SH": [
      1.5459619069927566,
      1.5459619069927566
    ],
    "SigmaF": [
      8.186290123699559,
      7.301593963620236
    ],
    "SigmaH": 22.639626398093384,
    "SH_pess": 1.5459619069927566,
    "mats": [
      "POM_C",
      "POM_C"
    ]
  },
  "s2": {
    "name": "__s2_internal__",
    "SF": [
      7.754074863020719,
      7.754074863020719
    ],
    "SH": [
      1.5115050161029162,
      1.5115050161029162
    ],
    "SigmaF": [
      6.706151400212637,
      6.706151400212637
    ],
    "SigmaH": 23.155728646035072,
    "SH_pess": 1.5115050161029162,
    "mats": [
      "POM_C",
      "POM_C"
    ]
  },
  "pr1": {
    "name": "__pr1_internal__",
    "force_n": 97.77777777777777,
    "d_planet": 67.5,
    "d_ring": 157.5,
    "sigma_p": 10.901048888888889,
    "sigma_r": 8.617624888888887,
    "sigma_lim_p": 26,
    "sigma_lim_r": 12,
    "sf_p": 4.770183175033921,
    "sf_r": 2.7849900998759343,
    "sigma_h": 9.985943304153938,
    "sigma_h_lim_p": 35,
    "sigma_h_lim_r": 22,
    "sh_p": 3.5049267689553925,
    "sh_r": 2.2030968262005324,
    "r_eq": 20.200564715172305
  },
  "pr2": {
    "name": "__pr2_internal__",
    "force_n": 215.99999999999997,
    "d_planet": 55.0,
    "d_ring": 165.0,
    "sigma_p": 10.866959999999999,
    "sigma_r": 7.514839799999997,
    "sigma_lim_p": 26,
    "sigma_lim_r": 12,
    "sf_p": 4.785146904009953,
    "sf_r": 3.193680855312446,
    "sigma_h": 15.38050015398904,
    "sigma_h_lim_p": 35,
    "sigma_h_lim_r": 22,
    "sh_p": 2.2756087025507106,
    "sh_r": 1.430382613031875,
    "r_eq": 14.108330912183833
  }
}