{
  "filename": "i35_7x5_m1.25-Z18-45-108_m1.5-Z20-30-80_b28x42",
  "variant": {
    "legacy_name": "D_PA6_35_v2",
    "description": "D16T+PA6 i=35 (7x5) шире: как v1 но b1=28, b2=42.",
    "i1": 7,
    "i2": 5,
    "n_sat_1": 3,
    "n_sat_2": 4,
    "m1": 1.25,
    "z_s1": 18,
    "z_p1": 45,
    "z_r1": 108,
    "b1": 28,
    "x_s1": 0.0,
    "x_p1": 0.0,
    "m2": 1.5,
    "z_s2": 20,
    "z_p2": 30,
    "z_r2": 80,
    "b2": 42,
    "x_s2": 0.0,
    "x_p2": 0.0,
    "mat_s1": "PA6_PRINT",
    "mat_p1": "PA6_PRINT",
    "mat_r1": "PA6_PRINT",
    "mat_s2": "D16T",
    "mat_p2": "PA6_PRINT",
    "mat_r2": "PA6_PRINT"
  },
  "i_total": 35,
  "t_out": 93.555,
  "n_out": 4.285714285714286,
  "T_in_2": 20.79,
  "s1": {
    "name": "__s1_internal__",
    "SF": [
      3.6255244120431014,
      4.038134991048846
    ],
    "SH": [
      1.435680150133676,
      1.435680150133676
    ],
    "SigmaF": [
      8.826309345402244,
      7.924450289783025
    ],
    "SigmaH": 17.41334934363497,
    "SH_pess": 1.4356801501336762,
    "mats": [
      "PA6_PRINT",
      "PA6_PRINT"
    ]
  },
  "s2": {
    "name": "__s2_internal__",
    "SF": [
      15.121769803910826,
      1.97132907659609
    ],
    "SH": [
      4.777509713223002,
      4.777509713223002
    ],
    "SigmaF": [
      17.19375465778868,
      16.2327032964251
    ],
    "SigmaH": 35.58339180964525,
    "SH_pess": 0.702574957826912,
    "mats": [
      "D16T",
      "PA6_PRINT"
    ]
  },
  "pr1": {
    "name": "__pr1_internal__",
    "force_n": 97.77777777777777,
    "d_planet": 56.25,
    "d_ring": 135.0,
    "sigma_p": 12.012,
    "sigma_r": 9.316518095238095,
    "sigma_lim_p": 16,
    "sigma_lim_r": 16,
    "sf_p": 2.664002664002664,
    "sf_r": 3.4347596036287418,
    "sigma_h": 9.124775224172863,
    "sigma_h_lim_p": 25,
    "sigma_h_lim_r": 25,
    "sh_p": 2.739793516641522,
    "sh_r": 2.739793516641522,
    "r_eq": 16.49025691034474
  },
  "pr2": {
    "name": "__pr2_internal__",
    "force_n": 346.5,
    "d_planet": 45.0,
    "d_ring": 120.0,
    "sigma_p": 25.63275,
    "sigma_r": 18.688312499999995,
    "sigma_lim_p": 16,
    "sigma_lim_r": 16,
    "sf_p": 1.2484029220430892,
    "sf_r": 1.712300134107882,
    "sigma_h": 16.230978475571117,
    "sigma_h_lim_p": 25,
    "sigma_h_lim_r": 25,
    "sh_p": 1.5402645033154927,
    "sh_r": 1.5402645033154927,
    "r_eq": 12.312725159724073
  }
}