{
  "filename": "i35_7x5_m1.25-Z18-45-108_m1.5-Z20-30-80_b22x35",
  "variant": {
    "legacy_name": "D_PA6_35_v1",
    "description": "D16T+PA6 i=35 (7x5). m1=1.25 Z18-45-108, m2=1.5 Z20-30-80. Компакт по Ø.",
    "i1": 7,
    "i2": 5,
    "n_sat_1": 3,
    "n_sat_2": 4,
    "m1": 1.25,
    "z_s1": 18,
    "z_p1": 45,
    "z_r1": 108,
    "b1": 22,
    "x_s1": 0.0,
    "x_p1": 0.0,
    "m2": 1.5,
    "z_s2": 20,
    "z_p2": 30,
    "z_r2": 80,
    "b2": 35,
    "x_s2": 0.0,
    "x_p2": 0.0,
    "mat_s1": "PA6_PRINT",
    "mat_p1": "PA6_PRINT",
    "mat_r1": "PA6_PRINT",
    "mat_s2": "D16T",
    "mat_p2": "PA6_PRINT",
    "mat_r2": "PA6_PRINT"
  },
  "i_total": 35,
  "t_out": 93.555,
  "n_out": 4.285714285714286,
  "T_in_2": 20.79,
  "s1": {
    "name": "__s1_internal__",
    "SF": [
      2.8486263237481504,
      3.1728203501098076
    ],
    "SH": [
      1.2725944373704337,
      1.2725944373704337
    ],
    "SigmaF": [
      11.23348462142104,
      10.085664005178396
    ],
    "SigmaH": 19.64490749437628,
    "SH_pess": 1.2725944373704337,
    "mats": [
      "PA6_PRINT",
      "PA6_PRINT"
    ]
  },
  "s2": {
    "name": "__s2_internal__",
    "SF": [
      12.601474836592356,
      1.6427742304967416
    ],
    "SH": [
      4.361249731053792,
      4.361249731053792
    ],
    "SigmaF": [
      20.632505589346415,
      19.47924395571012
    ],
    "SigmaH": 38.97965273337456,
    "SH_pess": 0.6413602545667341,
    "mats": [
      "D16T",
      "PA6_PRINT"
    ]
  },
  "pr1": {
    "name": "__pr1_internal__",
    "force_n": 97.77777777777777,
    "d_planet": 56.25,
    "d_ring": 135.0,
    "sigma_p": 15.288000000000004,
    "sigma_r": 11.857386666666667,
    "sigma_lim_p": 16,
    "sigma_lim_r": 16,
    "sf_p": 2.093144950287807,
    "sf_r": 2.69873968856544,
    "sigma_h": 10.294134784091664,
    "sigma_h_lim_p": 25,
    "sigma_h_lim_r": 25,
    "sh_p": 2.42856738563735,
    "sh_r": 2.42856738563735,
    "r_eq": 16.49025691034474
  },
  "pr2": {
    "name": "__pr2_internal__",
    "force_n": 346.5,
    "d_planet": 45.0,
    "d_ring": 120.0,
    "sigma_p": 30.7593,
    "sigma_r": 22.425974999999998,
    "sigma_lim_p": 16,
    "sigma_lim_r": 16,
    "sf_p": 1.0403357683692411,
    "sf_r": 1.4269167784232348,
    "sigma_h": 17.780146082902228,
    "sigma_h_lim_p": 25,
    "sigma_h_lim_r": 25,
    "sh_p": 1.4060626883173102,
    "sh_r": 1.4060626883173102,
    "r_eq": 12.312725159724073
  }
}