{
  "filename": "i35_5x7_m2-Z18-27-72_m2-Z18-27-72",
  "variant": {
    "legacy_name": "D16T_U35_balance",
    "description": "U=35 (5x7), m=2.0 для стабильности. Баланс: b1=25, b2=35.",
    "i1": 5,
    "i2": 7,
    "n_sat_1": 3,
    "n_sat_2": 4,
    "m1": 2.0,
    "z_s1": 18,
    "z_p1": 27,
    "z_r1": 72,
    "b1": 25,
    "x_s1": 0.0,
    "x_p1": 0.0,
    "m2": 2.0,
    "z_s2": 18,
    "z_p2": 27,
    "z_r2": 72,
    "b2": 35,
    "x_s2": 0.0,
    "x_p2": 0.0,
    "mat_s1": "D16T",
    "mat_p1": "PA6_CF",
    "mat_r1": "PA6_CF",
    "mat_s2": "D16T",
    "mat_p2": "PA6_CF",
    "mat_r2": "PA6_CF"
  },
  "i_total": 35,
  "t_out": 104.89500000000001,
  "n_out": 4.285714285714286,
  "T_in_2": 16.650000000000002,
  "s1": {
    "name": "__s1_internal__",
    "SF": [
      58.77301002246046,
      8.706940592990886
    ],
    "SH": [
      4.492524611555903,
      4.492524611555903
    ],
    "SigmaF": [
      4.423799289854976,
      4.134632551527928
    ],
    "SigmaH": 37.84063854936203,
    "SH_pess": 0.9249315376732742,
    "mats": [
      "D16T",
      "PA6_CF"
    ]
  },
  "s2": {
    "name": "__s2_internal__",
    "SF": [
      24.379915268576188,
      3.6117679496851083
    ],
    "SH": [
      2.8934607416704425,
      2.8934607416704425
    ],
    "SigmaF": [
      10.664516145186106,
      9.967417758147684
    ],
    "SigmaH": 58.75317316448406,
    "SH_pess": 0.5957125056380322,
    "mats": [
      "D16T",
      "PA6_CF"
    ]
  },
  "pr1": {
    "name": "__pr1_internal__",
    "force_n": 68.51851851851852,
    "d_planet": 54.0,
    "d_ring": 144.0,
    "sigma_p": 6.520222222222222,
    "sigma_r": 4.719946111111111,
    "sigma_lim_p": 18,
    "sigma_lim_r": 18,
    "sf_p": 5.5212842098088,
    "sf_r": 7.62720572492412,
    "sigma_h": 17.777559100367455,
    "sigma_h_lim_p": 35,
    "sigma_h_lim_r": 35,
    "sh_p": 1.9687742171126612,
    "sh_r": 1.9687742171126612,
    "r_eq": 14.775270191668891
  },
  "pr2": {
    "name": "__pr2_internal__",
    "force_n": 231.25000000000006,
    "d_planet": 54.0,
    "d_ring": 144.0,
    "sigma_p": 15.718392857142858,
    "sigma_r": 11.378441517857143,
    "sigma_lim_p": 18,
    "sigma_lim_r": 18,
    "sf_p": 2.2903104870317983,
    "sf_r": 3.163877930338894,
    "sigma_h": 27.602282844757863,
    "sigma_h_lim_p": 35,
    "sigma_h_lim_r": 35,
    "sh_p": 1.2680110625939436,
    "sh_r": 1.2680110625939436,
    "r_eq": 14.775270191668891
  }
}