{
  "filename": "i35_7x5_m1.25-Z18-45-108_m2-Z20-30-80_b22x37",
  "variant": {
    "legacy_name": "Y_R35_A",
    "description": "POM i=35 (7x5) минимум b: m1=1.25 Z18-45-108 b1=22, m2=2.0 Z20-30-80 b2=37. Ø2=172(+2!) Lax=89.",
    "i1": 7,
    "i2": 5,
    "n_sat_1": 3,
    "n_sat_2": 4,
    "m1": 1.25,
    "z_s1": 18,
    "z_p1": 45,
    "z_r1": 108,
    "b1": 22,
    "x_s1": 0.0,
    "x_p1": 0.0,
    "m2": 2.0,
    "z_s2": 20,
    "z_p2": 30,
    "z_r2": 80,
    "b2": 37,
    "x_s2": 0.0,
    "x_p2": 0.0,
    "mat_s1": "POM_C",
    "mat_p1": "POM_C",
    "mat_r1": "PETG",
    "mat_s2": "POM_C",
    "mat_p2": "POM_C",
    "mat_r2": "PETG"
  },
  "i_total": 35,
  "t_out": 93.555,
  "n_out": 4.285714285714286,
  "T_in_2": 20.79,
  "s1": {
    "name": "__s1_internal__",
    "SF": [
      4.629017776090745,
      5.155833068928437
    ],
    "SH": [
      1.287617818424509,
      1.287617818424509
    ],
    "SigmaF": [
      11.23348462142104,
      10.085664005178396
    ],
    "SigmaH": 27.181978611343666,
    "SH_pess": 1.287617818424509,
    "mats": [
      "POM_C",
      "POM_C"
    ]
  },
  "s2": {
    "name": "__s2_internal__",
    "SF": [
      4.736554351277893,
      5.0169803483741635
    ],
    "SH": [
      1.2444364778049035,
      1.2444364778049035
    ],
    "SigmaF": [
      10.978444697033979,
      10.36480041562281
    ],
    "SigmaH": 28.125180050762804,
    "SH_pess": 1.2444364778049035,
    "mats": [
      "POM_C",
      "POM_C"
    ]
  },
  "pr1": {
    "name": "__pr1_internal__",
    "force_n": 97.77777777777777,
    "d_planet": 56.25,
    "d_ring": 135.0,
    "sigma_p": 15.288000000000004,
    "sigma_r": 11.857386666666667,
    "sigma_lim_p": 26,
    "sigma_lim_r": 12,
    "sf_p": 3.4013605442176864,
    "sf_r": 2.0240547664240798,
    "sigma_h": 12.906438826505621,
    "sigma_h_lim_p": 35,
    "sigma_h_lim_r": 22,
    "sh_p": 2.7118247310885946,
    "sh_r": 1.7045755452556879,
    "r_eq": 16.49025691034474
  },
  "pr2": {
    "name": "__pr2_internal__",
    "force_n": 259.875,
    "d_planet": 60.0,
    "d_ring": 160.0,
    "sigma_p": 16.366857263513516,
    "sigma_r": 11.932740076013513,
    "sigma_lim_p": 26,
    "sigma_lim_r": 12,
    "sf_p": 3.177152410067333,
    "sf_r": 2.0112731733965594,
    "sigma_h": 16.260965386687435,
    "sigma_h_lim_p": 35,
    "sigma_h_lim_r": 22,
    "sh_p": 2.152393733563561,
    "sh_r": 1.3529332039542383,
    "r_eq": 16.4169668796321
  }
}