{
  "filename": "i35_7x5_m1.5-Z18-45-108_m2-Z20-30-80_b25x50",
  "variant": {
    "legacy_name": "Z_PETG_35C",
    "description": "i=35 (7x5) компакт, PETG. m1=1.5 Z18-45-108 b1=25, m2=2.0 Z20-30-80 b2=50. Ø120/128, Lax105.",
    "i1": 7,
    "i2": 5,
    "n_sat_1": 3,
    "n_sat_2": 4,
    "m1": 1.5,
    "z_s1": 18,
    "z_p1": 45,
    "z_r1": 108,
    "b1": 25,
    "x_s1": 0.0,
    "x_p1": 0.0,
    "m2": 2.0,
    "z_s2": 20,
    "z_p2": 30,
    "z_r2": 80,
    "b2": 50,
    "x_s2": 0.0,
    "x_p2": 0.0,
    "mat_s1": "PETG",
    "mat_p1": "PETG",
    "mat_r1": "PETG",
    "mat_s2": "PETG",
    "mat_p2": "PETG",
    "mat_r2": "PETG"
  },
  "i_total": 35,
  "t_out": 104.89500000000001,
  "n_out": 4.285714285714286,
  "T_in_2": 23.310000000000002,
  "s1": {
    "name": "__s1_internal__",
    "SF": [
      3.118090975994597,
      3.4729520048499225
    ],
    "SH": [
      1.1716538995088304,
      1.1716538995088304
    ],
    "SigmaF": [
      7.697017240603305,
      6.910547559103719
    ],
    "SigmaH": 18.77687601195424,
    "SH_pess": 1.1716538995088304,
    "mats": [
      "PETG",
      "PETG"
    ]
  },
  "s2": {
    "name": "__s2_internal__",
    "SF": [
      2.6348198054532292,
      2.790813364550441
    ],
    "SH": [
      1.0290330595260988,
      1.0290330595260988
    ],
    "SigmaF": [
      9.108782297114862,
      8.59964349635614
    ],
    "SigmaH": 21.37929369356867,
    "SH_pess": 1.0290330595260988,
    "mats": [
      "PETG",
      "PETG"
    ]
  },
  "pr1": {
    "name": "__pr1_internal__",
    "force_n": 91.35802469135803,
    "d_planet": 67.5,
    "d_ring": 162.0,
    "sigma_p": 10.475111111111111,
    "sigma_r": 8.124505679012346,
    "sigma_lim_p": 12,
    "sigma_lim_r": 12,
    "sf_p": 2.291145148288005,
    "sf_r": 2.95402587532163,
    "sigma_h": 9.839277306170457,
    "sigma_h_lim_p": 22,
    "sigma_h_lim_r": 22,
    "sh_p": 2.235936574955891,
    "sh_r": 2.235936574955891,
    "r_eq": 19.78830829241369
  },
  "pr2": {
    "name": "__pr2_internal__",
    "force_n": 291.37500000000006,
    "d_planet": 60.0,
    "d_ring": 160.0,
    "sigma_p": 13.579531875000004,
    "sigma_r": 9.900558281250001,
    "sigma_lim_p": 12,
    "sigma_lim_r": 12,
    "sf_p": 1.7673657841021853,
    "sf_r": 2.4241057239622514,
    "sigma_h": 13.64139764191238,
    "sigma_h_lim_p": 22,
    "sigma_h_lim_r": 22,
    "sh_p": 1.6127379743264951,
    "sh_r": 1.6127379743264951,
    "r_eq": 16.4169668796321
  }
}