{
  "filename": "i35_7x5_m1.25-Z18-45-108_m1.5-Z20-30-80_b25x40",
  "variant": {
    "legacy_name": "N6_35_MID",
    "description": "PA6_PRINT i=35 (7x5) средняя. m1=1.25 Z18-45-108, m2=1.5 Z20-30-80. Ø162, Lax95.",
    "i1": 7,
    "i2": 5,
    "n_sat_1": 3,
    "n_sat_2": 4,
    "m1": 1.25,
    "z_s1": 18,
    "z_p1": 45,
    "z_r1": 108,
    "b1": 25,
    "x_s1": 0.0,
    "x_p1": 0.0,
    "m2": 1.5,
    "z_s2": 20,
    "z_p2": 30,
    "z_r2": 80,
    "b2": 40,
    "x_s2": 0.0,
    "x_p2": 0.0,
    "mat_s1": "PA6_PRINT",
    "mat_p1": "PA6_PRINT",
    "mat_r1": "PA6_PRINT",
    "mat_s2": "PA6_PRINT",
    "mat_p2": "PA6_PRINT",
    "mat_r2": "PA6_PRINT"
  },
  "i_total": 35,
  "t_out": 104.89500000000001,
  "n_out": 4.285714285714286,
  "T_in_2": 23.310000000000002,
  "s1": {
    "name": "__s1_internal__",
    "SF": [
      2.8871212740690706,
      3.215696300786966
    ],
    "SH": [
      1.2811641937092768,
      1.2811641937092768
    ],
    "SigmaF": [
      11.083704826468763,
      9.951188485109354
    ],
    "SigmaH": 19.513501956075608,
    "SH_pess": 1.2811641937092768,
    "mats": [
      "PA6_PRINT",
      "PA6_PRINT"
    ]
  },
  "s2": {
    "name": "__s2_internal__",
    "SF": [
      1.5808918832719365,
      1.6744880187302695
    ],
    "SH": [
      0.9057790686912381,
      0.9057790686912381
    ],
    "SigmaF": [
      20.24173843803304,
      19.110318880791368
    ],
    "SigmaH": 27.60054947628956,
    "SH_pess": 0.905779068691238,
    "mats": [
      "PA6_PRINT",
      "PA6_PRINT"
    ]
  },
  "pr1": {
    "name": "__pr1_internal__",
    "force_n": 109.62962962962963,
    "d_planet": 56.25,
    "d_ring": 135.0,
    "sigma_p": 15.084160000000002,
    "sigma_r": 11.69928817777778,
    "sigma_lim_p": 16,
    "sigma_lim_r": 16,
    "sf_p": 2.121430692859264,
    "sf_r": 2.735209143816324,
    "sigma_h": 10.225276922428,
    "sigma_h_lim_p": 25,
    "sigma_h_lim_r": 25,
    "sh_p": 2.4449215595487,
    "sh_r": 2.4449215595487,
    "r_eq": 16.49025691034474
  },
  "pr2": {
    "name": "__pr2_internal__",
    "force_n": 388.50000000000006,
    "d_planet": 45.0,
    "d_ring": 120.0,
    "sigma_p": 30.176737500000005,
    "sigma_r": 22.001240624999998,
    "sigma_lim_p": 16,
    "sigma_lim_r": 16,
    "sf_p": 1.0604194704613112,
    "sf_r": 1.4544634343773513,
    "sigma_h": 17.61096862870659,
    "sigma_h_lim_p": 25,
    "sigma_h_lim_r": 25,
    "sh_p": 1.4195698446279092,
    "sh_r": 1.4195698446279092,
    "r_eq": 12.312725159724073
  }
}