{
  "filename": "i35_7x5_m1.25-Z18-45-108_m2-Z20-30-80_b28x35",
  "variant": {
    "legacy_name": "N_R35_M2_35",
    "description": "PA6 i=35 (7x5) m2=2.0: m1=1.25 Z18-45-108 b1=28, m2=2.0 Z20-30-80 b2=35. Ø=172 Lax=93.",
    "i1": 7,
    "i2": 5,
    "n_sat_1": 3,
    "n_sat_2": 4,
    "m1": 1.25,
    "z_s1": 18,
    "z_p1": 45,
    "z_r1": 108,
    "b1": 28,
    "x_s1": 0.0,
    "x_p1": 0.0,
    "m2": 2.0,
    "z_s2": 20,
    "z_p2": 30,
    "z_r2": 80,
    "b2": 35,
    "x_s2": 0.0,
    "x_p2": 0.0,
    "mat_s1": "PA6_PRINT",
    "mat_p1": "PA6_PRINT",
    "mat_r1": "PA6_PRINT",
    "mat_s2": "PA6_PRINT",
    "mat_p2": "PA6_PRINT",
    "mat_r2": "PA6_PRINT"
  },
  "i_total": 35,
  "t_out": 93.555,
  "n_out": 4.285714285714286,
  "T_in_2": 20.79,
  "s1": {
    "name": "__s1_internal__",
    "SF": [
      3.6255244120431014,
      4.038134991048846
    ],
    "SH": [
      1.435680150133676,
      1.435680150133676
    ],
    "SigmaF": [
      8.826309345402244,
      7.924450289783025
    ],
    "SigmaH": 17.41334934363497,
    "SH_pess": 1.4356801501336762,
    "mats": [
      "PA6_PRINT",
      "PA6_PRINT"
    ]
  },
  "s2": {
    "name": "__s2_internal__",
    "SF": [
      2.757245776211663,
      2.9204875208830887
    ],
    "SH": [
      1.1962141509887003,
      1.1962141509887003
    ],
    "SigmaF": [
      11.60578439400735,
      10.957074725086972
    ],
    "SigmaH": 20.899267893910874,
    "SH_pess": 1.1962141509887003,
    "mats": [
      "PA6_PRINT",
      "PA6_PRINT"
    ]
  },
  "pr1": {
    "name": "__pr1_internal__",
    "force_n": 97.77777777777777,
    "d_planet": 56.25,
    "d_ring": 135.0,
    "sigma_p": 12.012,
    "sigma_r": 9.316518095238095,
    "sigma_lim_p": 16,
    "sigma_lim_r": 16,
    "sf_p": 2.664002664002664,
    "sf_r": 3.4347596036287418,
    "sigma_h": 9.124775224172863,
    "sigma_h_lim_p": 25,
    "sigma_h_lim_r": 25,
    "sh_p": 2.739793516641522,
    "sh_r": 2.739793516641522,
    "r_eq": 16.49025691034474
  },
  "pr2": {
    "name": "__pr2_internal__",
    "force_n": 259.875,
    "d_planet": 60.0,
    "d_ring": 160.0,
    "sigma_p": 17.30210625,
    "sigma_r": 12.6146109375,
    "sigma_lim_p": 16,
    "sigma_lim_r": 16,
    "sf_p": 1.8494858104342065,
    "sf_r": 2.536740939419084,
    "sigma_h": 13.33510956217667,
    "sigma_h_lim_p": 25,
    "sigma_h_lim_r": 25,
    "sh_p": 1.8747502510897471,
    "sh_r": 1.8747502510897471,
    "r_eq": 16.4169668796321
  }
}