{
  "filename": "i35_7x5_m1.25-Z18-45-108_m1.75-Z20-30-80_b25x40",
  "variant": {
    "legacy_name": "D_R35_B",
    "description": "D16T+PETG i=35 (7x5) шире: m1=1.25 Z18-45-108 b1=25, m2=1.75 Z20-30-80 b2=40. Ø=150.5 Lax=95.",
    "i1": 7,
    "i2": 5,
    "n_sat_1": 3,
    "n_sat_2": 4,
    "m1": 1.25,
    "z_s1": 18,
    "z_p1": 45,
    "z_r1": 108,
    "b1": 25,
    "x_s1": 0.0,
    "x_p1": 0.0,
    "m2": 1.75,
    "z_s2": 20,
    "z_p2": 30,
    "z_r2": 80,
    "b2": 40,
    "x_s2": 0.0,
    "x_p2": 0.0,
    "mat_s1": "D16T",
    "mat_p1": "D16T",
    "mat_r1": "PETG",
    "mat_s2": "D16T",
    "mat_p2": "D16T",
    "mat_r2": "PETG"
  },
  "i_total": 35,
  "t_out": 93.555,
  "n_out": 4.285714285714286,
  "T_in_2": 20.79,
  "s1": {
    "name": "__s1_internal__",
    "SF": [
      26.30123736415196,
      29.29450607345703
    ],
    "SH": [
      1.3713886705520446,
      1.3713886705520446
    ],
    "SigmaF": [
      9.885466466850515,
      8.875384324556988
    ],
    "SigmaH": 123.96193993025149,
    "SH_pess": 1.3713886705520446,
    "mats": [
      "D16T",
      "D16T"
    ]
  },
  "s2": {
    "name": "__s2_internal__",
    "SF": [
      19.602294190254813,
      20.762840968778224
    ],
    "SH": [
      1.131162072808387,
      1.131162072808387
    ],
    "SigmaF": [
      13.263753593151243,
      12.5223711143851
    ],
    "SigmaH": 150.2879243271774,
    "SH_pess": 1.131162072808387,
    "mats": [
      "D16T",
      "D16T"
    ]
  },
  "pr1": {
    "name": "__pr1_internal__",
    "force_n": 97.77777777777777,
    "d_planet": 56.25,
    "d_ring": 135.0,
    "sigma_p": 13.45344,
    "sigma_r": 10.434500266666667,
    "sigma_lim_p": 130,
    "sigma_lim_r": 12,
    "sf_p": 19.32591218305504,
    "sf_r": 2.300062234572818,
    "sigma_h": 15.542082597660087,
    "sigma_h_lim_p": 170,
    "sigma_h_lim_r": 22,
    "sh_p": 10.93804507419064,
    "sh_r": 1.4155117154834946,
    "r_eq": 16.49025691034474
  },
  "pr2": {
    "name": "__pr2_internal__",
    "force_n": 297.0,
    "d_planet": 52.5,
    "d_ring": 140.0,
    "sigma_p": 19.773835714285717,
    "sigma_r": 14.416698214285713,
    "sigma_lim_p": 130,
    "sigma_lim_r": 12,
    "sf_p": 13.148688183555686,
    "sf_r": 1.6647362414937739,
    "sigma_h": 22.94407681741847,
    "sigma_h_lim_p": 170,
    "sigma_h_lim_r": 22,
    "sh_p": 7.40931968423942,
    "sh_r": 0.9588531356074543,
    "r_eq": 14.364846019678087
  }
}