{
  "filename": "i35_7x5_m1.25-Z18-45-108_m1.5-Z20-30-80",
  "variant": {
    "legacy_name": "HI_i35_7x5_C",
    "description": "i=35 (7×5) усиленная ст.2. b1=25 b2=50. T_out~105Nm.",
    "i1": 7,
    "i2": 5,
    "n_sat_1": 3,
    "n_sat_2": 4,
    "m1": 1.25,
    "z_s1": 18,
    "z_p1": 45,
    "z_r1": 108,
    "b1": 25,
    "x_s1": 0.0,
    "x_p1": 0.0,
    "m2": 1.5,
    "z_s2": 20,
    "z_p2": 30,
    "z_r2": 80,
    "b2": 50,
    "x_s2": 0.0,
    "x_p2": 0.0,
    "mat_s1": "PA6_CF",
    "mat_p1": "PA6_CF",
    "mat_r1": "PA6_CF",
    "mat_s2": "PA6_CF",
    "mat_p2": "PA6_CF",
    "mat_r2": "PA6_CF"
  },
  "i_total": 35,
  "t_out": 104.89500000000001,
  "n_out": 4.285714285714286,
  "T_in_2": 23.310000000000002,
  "s1": {
    "name": "__s1_internal__",
    "SF": [
      3.2480114333277044,
      3.6176583383853367
    ],
    "SH": [
      0.8616319196513679,
      0.8616319196513679
    ],
    "SigmaF": [
      11.083704826468763,
      9.951188485109354
    ],
    "SigmaH": 40.62059355247847,
    "SH_pess": 0.8616319196513679,
    "mats": [
      "PA6_CF",
      "PA6_CF"
    ]
  },
  "s2": {
    "name": "__s2_internal__",
    "SF": [
      2.223129210851161,
      2.354748776339441
    ],
    "SH": [
      0.6810739568675498,
      0.6810739568675498
    ],
    "SigmaF": [
      16.19339075042643,
      15.288255104633098
    ],
    "SigmaH": 51.389426430243816,
    "SH_pess": 0.6810739568675498,
    "mats": [
      "PA6_CF",
      "PA6_CF"
    ]
  },
  "pr1": {
    "name": "__pr1_internal__",
    "force_n": 109.62962962962963,
    "d_planet": 56.25,
    "d_ring": 135.0,
    "sigma_p": 15.084160000000002,
    "sigma_r": 11.69928817777778,
    "sigma_lim_p": 18,
    "sigma_lim_r": 18,
    "sf_p": 2.386609529466672,
    "sf_r": 3.0771102867933644,
    "sigma_h": 21.285611304544066,
    "sigma_h_lim_p": 35,
    "sigma_h_lim_r": 35,
    "sh_p": 1.6443032572209086,
    "sh_r": 1.6443032572209086,
    "r_eq": 16.49025691034474
  },
  "pr2": {
    "name": "__pr2_internal__",
    "force_n": 388.50000000000006,
    "d_planet": 45.0,
    "d_ring": 120.0,
    "sigma_p": 24.14139,
    "sigma_r": 17.6009925,
    "sigma_lim_p": 18,
    "sigma_lim_r": 18,
    "sf_p": 1.491214880336219,
    "sf_r": 2.04533920459315,
    "sigma_h": 32.78983911127242,
    "sigma_h_lim_p": 35,
    "sigma_h_lim_r": 35,
    "sh_p": 1.0674038344996872,
    "sh_r": 1.0674038344996872,
    "r_eq": 12.312725159724073
  }
}