{
  "filename": "i35_7x5_m1.25-Z18-45-108_m1.75-Z20-30-80_b22x35",
  "variant": {
    "legacy_name": "D_R35_A",
    "description": "D16T+PETG i=35 (7x5): m1=1.25 Z18-45-108 b1=22, m2=1.75 Z20-30-80 b2=35. Ø=150.5 Lax=87.",
    "i1": 7,
    "i2": 5,
    "n_sat_1": 3,
    "n_sat_2": 4,
    "m1": 1.25,
    "z_s1": 18,
    "z_p1": 45,
    "z_r1": 108,
    "b1": 22,
    "x_s1": 0.0,
    "x_p1": 0.0,
    "m2": 1.75,
    "z_s2": 20,
    "z_p2": 30,
    "z_r2": 80,
    "b2": 35,
    "x_s2": 0.0,
    "x_p2": 0.0,
    "mat_s1": "D16T",
    "mat_p1": "D16T",
    "mat_r1": "PETG",
    "mat_s2": "D16T",
    "mat_p2": "D16T",
    "mat_r2": "PETG"
  },
  "i_total": 35,
  "t_out": 93.555,
  "n_out": 4.285714285714286,
  "T_in_2": 20.79,
  "s1": {
    "name": "__s1_internal__",
    "SF": [
      23.145088880453724,
      25.779165344642184
    ],
    "SH": [
      1.286476606640122,
      1.286476606640122
    ],
    "SigmaF": [
      11.23348462142104,
      10.085664005178396
    ],
    "SigmaH": 132.14387196980385,
    "SH_pess": 1.286476606640122,
    "mats": [
      "D16T",
      "D16T"
    ]
  },
  "s2": {
    "name": "__s2_internal__",
    "SF": [
      17.15200741647296,
      18.167485847680947
    ],
    "SH": [
      1.058105231340506,
      1.058105231340506
    ],
    "SigmaF": [
      15.158575535029993,
      14.31128127358297
    ],
    "SigmaH": 160.66454920048756,
    "SH_pess": 1.058105231340506,
    "mats": [
      "D16T",
      "D16T"
    ]
  },
  "pr1": {
    "name": "__pr1_internal__",
    "force_n": 97.77777777777777,
    "d_planet": 56.25,
    "d_ring": 135.0,
    "sigma_p": 15.288000000000004,
    "sigma_r": 11.857386666666667,
    "sigma_lim_p": 130,
    "sigma_lim_r": 12,
    "sf_p": 17.00680272108843,
    "sf_r": 2.0240547664240798,
    "sigma_h": 16.567915717395987,
    "sigma_h_lim_p": 170,
    "sigma_h_lim_r": 22,
    "sh_p": 10.260795799528562,
    "sh_r": 1.3278676917036965,
    "r_eq": 16.49025691034474
  },
  "pr2": {
    "name": "__pr2_internal__",
    "force_n": 297.0,
    "d_planet": 52.5,
    "d_ring": 140.0,
    "sigma_p": 22.598669387755102,
    "sigma_r": 16.47622653061224,
    "sigma_lim_p": 130,
    "sigma_lim_r": 12,
    "sf_p": 11.505102160611226,
    "sf_r": 1.4566442113070524,
    "sigma_h": 24.528249859029305,
    "sigma_h_lim_p": 170,
    "sigma_h_lim_r": 22,
    "sh_p": 6.930783931875997,
    "sh_r": 0.8969249794192466,
    "r_eq": 14.364846019678087
  }
}