{
  "filename": "i35_7x5_m1.5-Z18-45-108_m2-Z20-30-80_b40x70",
  "variant": {
    "legacy_name": "Z_PETG_35W",
    "description": "Z_PETG_35C широкая: b1=40 b2=70. Запас SH. Ø120/128, Lax140.",
    "i1": 7,
    "i2": 5,
    "n_sat_1": 3,
    "n_sat_2": 4,
    "m1": 1.5,
    "z_s1": 18,
    "z_p1": 45,
    "z_r1": 108,
    "b1": 40,
    "x_s1": 0.0,
    "x_p1": 0.0,
    "m2": 2.0,
    "z_s2": 20,
    "z_p2": 30,
    "z_r2": 80,
    "b2": 70,
    "x_s2": 0.0,
    "x_p2": 0.0,
    "mat_s1": "PETG",
    "mat_p1": "PETG",
    "mat_r1": "PETG",
    "mat_s2": "PETG",
    "mat_p2": "PETG",
    "mat_r2": "PETG"
  },
  "i_total": 35,
  "t_out": 104.89500000000001,
  "n_out": 4.285714285714286,
  "T_in_2": 23.310000000000002,
  "s1": {
    "name": "__s1_internal__",
    "SF": [
      4.988945561591355,
      5.556723207759878
    ],
    "SH": [
      1.4820379807463766,
      1.4820379807463766
    ],
    "SigmaF": [
      4.810635775377066,
      4.3190922244398235
    ],
    "SigmaH": 14.844423885088606,
    "SH_pess": 1.4820379807463766,
    "mats": [
      "PETG",
      "PETG"
    ]
  },
  "s2": {
    "name": "__s2_internal__",
    "SF": [
      3.6887477276345213,
      3.907138710370618
    ],
    "SH": [
      1.2175683359206995,
      1.2175683359206995
    ],
    "SigmaF": [
      6.506273069367758,
      6.142602497397243
    ],
    "SigmaH": 18.068801028210103,
    "SH_pess": 1.2175683359206995,
    "mats": [
      "PETG",
      "PETG"
    ]
  },
  "pr1": {
    "name": "__pr1_internal__",
    "force_n": 91.35802469135803,
    "d_planet": 67.5,
    "d_ring": 162.0,
    "sigma_p": 6.546944444444446,
    "sigma_r": 5.077816049382716,
    "sigma_lim_p": 12,
    "sigma_lim_r": 12,
    "sf_p": 3.665832237260808,
    "sf_r": 4.7264414005146085,
    "sigma_h": 7.778631704376137,
    "sigma_h_lim_p": 22,
    "sigma_h_lim_r": 22,
    "sh_p": 2.8282609122145663,
    "sh_r": 2.8282609122145663,
    "r_eq": 19.78830829241369
  },
  "pr2": {
    "name": "__pr2_internal__",
    "force_n": 291.37500000000006,
    "d_planet": 60.0,
    "d_ring": 160.0,
    "sigma_p": 9.699665625000002,
    "sigma_r": 7.07182734375,
    "sigma_lim_p": 12,
    "sigma_lim_r": 12,
    "sf_p": 2.4743120977430597,
    "sf_r": 3.3937480135471527,
    "sigma_h": 11.529085257505802,
    "sigma_h_lim_p": 22,
    "sigma_h_lim_r": 22,
    "sh_p": 1.908217305070001,
    "sh_r": 1.908217305070001,
    "r_eq": 16.4169668796321
  }
}