{
  "filename": "i35_7x5_m1.25-Z18-45-108_m1.5-Z20-30-80_b20x32",
  "variant": {
    "legacy_name": "N6_35_COMP",
    "description": "PA6_PRINT i=35 (7x5) компакт. m1=1.25 Z18-45-108, m2=1.5 Z20-30-80. Ø162, Lax82.",
    "i1": 7,
    "i2": 5,
    "n_sat_1": 3,
    "n_sat_2": 4,
    "m1": 1.25,
    "z_s1": 18,
    "z_p1": 45,
    "z_r1": 108,
    "b1": 20,
    "x_s1": 0.0,
    "x_p1": 0.0,
    "m2": 1.5,
    "z_s2": 20,
    "z_p2": 30,
    "z_r2": 80,
    "b2": 32,
    "x_s2": 0.0,
    "x_p2": 0.0,
    "mat_s1": "PA6_PRINT",
    "mat_p1": "PA6_PRINT",
    "mat_r1": "PA6_PRINT",
    "mat_s2": "PA6_PRINT",
    "mat_p2": "PA6_PRINT",
    "mat_r2": "PA6_PRINT"
  },
  "i_total": 35,
  "t_out": 104.89500000000001,
  "n_out": 4.285714285714286,
  "T_in_2": 23.310000000000002,
  "s1": {
    "name": "__s1_internal__",
    "SF": [
      2.3096970192552564,
      2.5725570406295724
    ],
    "SH": [
      1.1459080909890602,
      1.1459080909890602
    ],
    "SigmaF": [
      13.854631033085953,
      12.438985606386694
    ],
    "SigmaH": 21.81675842643009,
    "SH_pess": 1.1459080909890602,
    "mats": [
      "PA6_PRINT",
      "PA6_PRINT"
    ]
  },
  "s2": {
    "name": "__s2_internal__",
    "SF": [
      1.2647135066175492,
      1.3395904149842155
    ],
    "SH": [
      0.8101534280760241,
      0.8101534280760241
    ],
    "SigmaF": [
      25.302173047541302,
      23.887898600989214
    ],
    "SigmaH": 30.858352422664836,
    "SH_pess": 0.8101534280760241,
    "mats": [
      "PA6_PRINT",
      "PA6_PRINT"
    ]
  },
  "pr1": {
    "name": "__pr1_internal__",
    "force_n": 109.62962962962963,
    "d_planet": 56.25,
    "d_ring": 135.0,
    "sigma_p": 18.855200000000004,
    "sigma_r": 14.624110222222223,
    "sigma_lim_p": 16,
    "sigma_lim_r": 16,
    "sf_p": 1.697144554287411,
    "sf_r": 2.188167315053059,
    "sigma_h": 11.432207143654427,
    "sigma_h_lim_p": 25,
    "sigma_h_lim_r": 25,
    "sh_p": 2.1868043227222773,
    "sh_r": 2.1868043227222773,
    "r_eq": 16.49025691034474
  },
  "pr2": {
    "name": "__pr2_internal__",
    "force_n": 388.50000000000006,
    "d_planet": 45.0,
    "d_ring": 120.0,
    "sigma_p": 37.72092187500001,
    "sigma_r": 27.50155078125,
    "sigma_lim_p": 16,
    "sigma_lim_r": 16,
    "sf_p": 0.848335576369049,
    "sf_r": 1.1635707475018808,
    "sigma_h": 19.689661501702098,
    "sigma_h_lim_p": 25,
    "sigma_h_lim_r": 25,
    "sh_p": 1.2697018685587278,
    "sh_r": 1.2697018685587278,
    "r_eq": 12.312725159724073
  }
}