{
  "filename": "i35_5x7_m2-Z18-27-72_m2-Z24-24-72",
  "variant": {
    "legacy_name": "D16T_U35_balance",
    "description": "U=35 (5x7), m=2.0, ст.2 Z=(24/24/72) для условия сборки 4 сат.",
    "i1": 5,
    "i2": 7,
    "n_sat_1": 3,
    "n_sat_2": 4,
    "m1": 2.0,
    "z_s1": 18,
    "z_p1": 27,
    "z_r1": 72,
    "b1": 25,
    "x_s1": 0.0,
    "x_p1": 0.0,
    "m2": 2.0,
    "z_s2": 24,
    "z_p2": 24,
    "z_r2": 72,
    "b2": 35,
    "x_s2": 0.0,
    "x_p2": 0.0,
    "mat_s1": "D16T",
    "mat_p1": "PA6_CF",
    "mat_r1": "PA6_CF",
    "mat_s2": "D16T",
    "mat_p2": "PA6_CF",
    "mat_r2": "PA6_CF"
  },
  "i_total": 35,
  "t_out": 104.89500000000001,
  "n_out": 4.285714285714286,
  "T_in_2": 16.650000000000002,
  "s1": {
    "name": "__s1_internal__",
    "SF": [
      58.77301002246046,
      8.706940592990886
    ],
    "SH": [
      4.492524611555903,
      4.492524611555903
    ],
    "SigmaF": [
      4.423799289854976,
      4.134632551527928
    ],
    "SigmaH": 37.84063854936203,
    "SH_pess": 0.9249315376732742,
    "mats": [
      "D16T",
      "PA6_CF"
    ]
  },
  "s2": {
    "name": "__s2_internal__",
    "SF": [
      34.557080008637605,
      4.784826462734438
    ],
    "SH": [
      3.5380633167117996,
      3.5380633167117996
    ],
    "SigmaF": [
      7.523783836337229,
      7.523783836337229
    ],
    "SigmaH": 48.048885727119874,
    "SH_pess": 0.7284248004994881,
    "mats": [
      "D16T",
      "PA6_CF"
    ]
  },
  "pr1": {
    "name": "__pr1_internal__",
    "force_n": 68.51851851851852,
    "d_planet": 54.0,
    "d_ring": 144.0,
    "sigma_p": 6.520222222222222,
    "sigma_r": 4.719946111111111,
    "sigma_lim_p": 18,
    "sigma_lim_r": 18,
    "sf_p": 5.5212842098088,
    "sf_r": 7.62720572492412,
    "sigma_h": 17.777559100367455,
    "sigma_h_lim_p": 35,
    "sigma_h_lim_r": 35,
    "sh_p": 1.9687742171126612,
    "sh_r": 1.9687742171126612,
    "r_eq": 14.775270191668891
  },
  "pr2": {
    "name": "__pr2_internal__",
    "force_n": 173.43750000000003,
    "d_planet": 48.0,
    "d_ring": 144.0,
    "sigma_p": 12.175312500000004,
    "sigma_r": 8.53383113839286,
    "sigma_lim_p": 18,
    "sigma_lim_r": 18,
    "sf_p": 2.9568029568029557,
    "sf_r": 4.218503907118524,
    "sigma_h": 26.185824722888015,
    "sigma_h_lim_p": 35,
    "sigma_h_lim_r": 35,
    "sh_p": 1.3366010186957318,
    "sh_r": 1.3366010186957318,
    "r_eq": 12.312725159724073
  }
}