{
  "filename": "i35_7x5_m1.5-Z18-45-108_m2-Z20-30-80_b32x60",
  "variant": {
    "legacy_name": "Z_PETG_35M",
    "description": "Z_PETG_35C средняя ширина: b1=32 b2=60. Ø120/128, Lax122.",
    "i1": 7,
    "i2": 5,
    "n_sat_1": 3,
    "n_sat_2": 4,
    "m1": 1.5,
    "z_s1": 18,
    "z_p1": 45,
    "z_r1": 108,
    "b1": 32,
    "x_s1": 0.0,
    "x_p1": 0.0,
    "m2": 2.0,
    "z_s2": 20,
    "z_p2": 30,
    "z_r2": 80,
    "b2": 60,
    "x_s2": 0.0,
    "x_p2": 0.0,
    "mat_s1": "PETG",
    "mat_p1": "PETG",
    "mat_r1": "PETG",
    "mat_s2": "PETG",
    "mat_p2": "PETG",
    "mat_r2": "PETG"
  },
  "i_total": 35,
  "t_out": 104.89500000000001,
  "n_out": 4.285714285714286,
  "T_in_2": 23.310000000000002,
  "s1": {
    "name": "__s1_internal__",
    "SF": [
      3.9911564492730833,
      4.445378566207901
    ],
    "SH": [
      1.3255750680741687,
      1.3255750680741687
    ],
    "SigmaF": [
      6.013294719221333,
      5.3988652805497805
    ],
    "SigmaH": 16.59657044693983,
    "SH_pess": 1.3255750680741687,
    "mats": [
      "PETG",
      "PETG"
    ]
  },
  "s2": {
    "name": "__s2_internal__",
    "SF": [
      3.1617837665438753,
      3.3489760374605297
    ],
    "SH": [
      1.1272492382420014,
      1.1272492382420014
    ],
    "SigmaF": [
      7.590651914262385,
      7.166369580296783
    ],
    "SigmaH": 19.51653569915917,
    "SH_pess": 1.1272492382420014,
    "mats": [
      "PETG",
      "PETG"
    ]
  },
  "pr1": {
    "name": "__pr1_internal__",
    "force_n": 91.35802469135803,
    "d_planet": 67.5,
    "d_ring": 162.0,
    "sigma_p": 8.183680555555554,
    "sigma_r": 6.347270061728394,
    "sigma_lim_p": 12,
    "sigma_lim_r": 12,
    "sf_p": 2.9326657898086474,
    "sf_r": 3.7811531204116875,
    "sigma_h": 8.696774631460045,
    "sigma_h_lim_p": 22,
    "sigma_h_lim_r": 22,
    "sh_p": 2.5296734631269344,
    "sh_r": 2.5296734631269344,
    "r_eq": 19.78830829241369
  },
  "pr2": {
    "name": "__pr2_internal__",
    "force_n": 291.37500000000006,
    "d_planet": 60.0,
    "d_ring": 160.0,
    "sigma_p": 11.316276562500004,
    "sigma_r": 8.250465234375,
    "sigma_lim_p": 12,
    "sigma_lim_r": 12,
    "sf_p": 2.120838940922622,
    "sf_r": 2.9089268687547025,
    "sigma_h": 12.452835340621984,
    "sigma_h_lim_p": 22,
    "sigma_h_lim_r": 22,
    "sh_p": 1.7666659357676178,
    "sh_r": 1.7666659357676178,
    "r_eq": 16.4169668796321
  }
}