{
  "filename": "i35_7x5_m1.25-Z18-45-108_m1.75-Z20-30-80_b30x40",
  "variant": {
    "legacy_name": "N_R35_D",
    "description": "PA6 i=35 (7x5) m2=1.75 шире: m1=1.25 Z18-45-108 b1=30, m2=1.75 Z20-30-80 b2=40. Ø=150.5 Lax=100.",
    "i1": 7,
    "i2": 5,
    "n_sat_1": 3,
    "n_sat_2": 4,
    "m1": 1.25,
    "z_s1": 18,
    "z_p1": 45,
    "z_r1": 108,
    "b1": 30,
    "x_s1": 0.0,
    "x_p1": 0.0,
    "m2": 1.75,
    "z_s2": 20,
    "z_p2": 30,
    "z_r2": 80,
    "b2": 40,
    "x_s2": 0.0,
    "x_p2": 0.0,
    "mat_s1": "PA6_PRINT",
    "mat_p1": "PA6_PRINT",
    "mat_r1": "PA6_PRINT",
    "mat_s2": "PA6_PRINT",
    "mat_p2": "PA6_PRINT",
    "mat_r2": "PA6_PRINT"
  },
  "i_total": 35,
  "t_out": 93.555,
  "n_out": 4.285714285714286,
  "T_in_2": 20.79,
  "s1": {
    "name": "__s1_internal__",
    "SF": [
      3.884490441474751,
      4.326573204695192
    ],
    "SH": [
      1.4860701387580653,
      1.4860701387580653
    ],
    "SigmaF": [
      8.237888722375429,
      7.396153603797489
    ],
    "SigmaH": 16.822893716774995,
    "SH_pess": 1.4860701387580653,
    "mats": [
      "PA6_PRINT",
      "PA6_PRINT"
    ]
  },
  "s2": {
    "name": "__s2_internal__",
    "SF": [
      2.4125900541852077,
      2.555426580772705
    ],
    "SH": [
      1.1189558785525981,
      1.1189558785525981
    ],
    "SigmaF": [
      13.263753593151243,
      12.5223711143851
    ],
    "SigmaH": 22.342257169548297,
    "SH_pess": 1.1189558785525981,
    "mats": [
      "PA6_PRINT",
      "PA6_PRINT"
    ]
  },
  "pr1": {
    "name": "__pr1_internal__",
    "force_n": 97.77777777777777,
    "d_planet": 56.25,
    "d_ring": 135.0,
    "sigma_p": 11.2112,
    "sigma_r": 8.69541688888889,
    "sigma_lim_p": 16,
    "sigma_lim_r": 16,
    "sf_p": 2.8542885685742827,
    "sf_r": 3.680099575316509,
    "sigma_h": 8.815370366518945,
    "sigma_h_lim_p": 25,
    "sigma_h_lim_r": 25,
    "sh_p": 2.835955718315681,
    "sh_r": 2.835955718315681,
    "r_eq": 16.49025691034474
  },
  "pr2": {
    "name": "__pr2_internal__",
    "force_n": 297.0,
    "d_planet": 52.5,
    "d_ring": 140.0,
    "sigma_p": 19.773835714285717,
    "sigma_r": 14.416698214285713,
    "sigma_lim_p": 16,
    "sigma_lim_r": 16,
    "sf_p": 1.6183000841299304,
    "sf_r": 2.2196483219916985,
    "sigma_h": 14.255831770502331,
    "sigma_h_lim_p": 25,
    "sigma_h_lim_r": 25,
    "sh_p": 1.7536682813365634,
    "sh_r": 1.7536682813365634,
    "r_eq": 14.364846019678087
  }
}