{
  "filename": "i35_7x5_m1.25-Z18-45-108_m2-Z20-30-80_b25x40",
  "variant": {
    "legacy_name": "Y_R35_B",
    "description": "POM i=35 (7x5) при b≤40: m1=1.25 Z18-45-108 b1=25, m2=2.0 Z20-30-80 b2=40. Ø2=172(+2!) Lax=95.",
    "i1": 7,
    "i2": 5,
    "n_sat_1": 3,
    "n_sat_2": 4,
    "m1": 1.25,
    "z_s1": 18,
    "z_p1": 45,
    "z_r1": 108,
    "b1": 25,
    "x_s1": 0.0,
    "x_p1": 0.0,
    "m2": 2.0,
    "z_s2": 20,
    "z_p2": 30,
    "z_r2": 80,
    "b2": 40,
    "x_s2": 0.0,
    "x_p2": 0.0,
    "mat_s1": "POM_C",
    "mat_p1": "POM_C",
    "mat_r1": "PETG",
    "mat_s2": "POM_C",
    "mat_p2": "POM_C",
    "mat_r2": "PETG"
  },
  "i_total": 35,
  "t_out": 93.555,
  "n_out": 4.285714285714286,
  "T_in_2": 20.79,
  "s1": {
    "name": "__s1_internal__",
    "SF": [
      5.260247472830391,
      5.858901214691406
    ],
    "SH": [
      1.3726052064017684,
      1.3726052064017684
    ],
    "SigmaF": [
      9.885466466850515,
      8.875384324556988
    ],
    "SigmaH": 25.49895617236594,
    "SH_pess": 1.3726052064017684,
    "mats": [
      "POM_C",
      "POM_C"
    ]
  },
  "s2": {
    "name": "__s2_internal__",
    "SF": [
      5.120599298678803,
      5.423762538782879
    ],
    "SH": [
      1.2939034373476148,
      1.2939034373476148
    ],
    "SigmaF": [
      10.155061344756431,
      9.587440384451101
    ],
    "SigmaH": 27.049932004003978,
    "SH_pess": 1.2939034373476148,
    "mats": [
      "POM_C",
      "POM_C"
    ]
  },
  "pr1": {
    "name": "__pr1_internal__",
    "force_n": 97.77777777777777,
    "d_planet": 56.25,
    "d_ring": 135.0,
    "sigma_p": 13.45344,
    "sigma_r": 10.434500266666667,
    "sigma_lim_p": 26,
    "sigma_lim_r": 12,
    "sf_p": 3.8651824366110077,
    "sf_r": 2.300062234572818,
    "sigma_h": 12.107312815007797,
    "sigma_h_lim_p": 35,
    "sigma_h_lim_r": 22,
    "sh_p": 2.8908148764947446,
    "sh_r": 1.8170836366538394,
    "r_eq": 16.49025691034474
  },
  "pr2": {
    "name": "__pr2_internal__",
    "force_n": 259.875,
    "d_planet": 60.0,
    "d_ring": 160.0,
    "sigma_p": 15.139342968750002,
    "sigma_r": 11.0377845703125,
    "sigma_lim_p": 26,
    "sigma_lim_r": 12,
    "sf_p": 3.4347593622349546,
    "sf_r": 2.174349376644929,
    "sigma_h": 15.639295721323846,
    "sigma_h_lim_p": 35,
    "sigma_h_lim_r": 22,
    "sh_p": 2.2379524387583674,
    "sh_r": 1.4067129615052594,
    "r_eq": 16.4169668796321
  }
}