{
  "filename": "i35_7x5_m1.25-Z18-45-108_m2-Z20-30-80",
  "variant": {
    "legacy_name": "HI_i35_7x5_F",
    "description": "РЕКОМЕНДУЕТСЯ i=35 (7×5). m1=1.25 Z18-45-108 b1=28, m2=2.0 Z20-30-80 b2=37. T_out~93Nm, Lax~95, SH~1.2+",
    "i1": 7,
    "i2": 5,
    "n_sat_1": 3,
    "n_sat_2": 4,
    "m1": 1.25,
    "z_s1": 18,
    "z_p1": 45,
    "z_r1": 108,
    "b1": 28,
    "x_s1": 0.0,
    "x_p1": 0.0,
    "m2": 2.0,
    "z_s2": 20,
    "z_p2": 30,
    "z_r2": 80,
    "b2": 37,
    "x_s2": 0.0,
    "x_p2": 0.0,
    "mat_s1": "PA6_CF",
    "mat_p1": "PA6_CF",
    "mat_r1": "PA6_CF",
    "mat_s2": "PA6_CF",
    "mat_p2": "PA6_CF",
    "mat_r2": "PA6_CF"
  },
  "i_total": 35,
  "t_out": 104.89500000000001,
  "n_out": 4.285714285714286,
  "T_in_2": 23.310000000000002,
  "s1": {
    "name": "__s1_internal__",
    "SF": [
      3.637772805327028,
      4.0517773389915765
    ],
    "SH": [
      0.9118655124290825,
      0.9118655124290825
    ],
    "SigmaF": [
      9.896165023632825,
      8.884989718847638
    ],
    "SigmaH": 38.382853088461346,
    "SH_pess": 0.9118655124290825,
    "mats": [
      "PA6_CF",
      "PA6_CF"
    ]
  },
  "s2": {
    "name": "__s2_internal__",
    "SF": [
      2.9246499840530844,
      3.09780283465099
    ],
    "SH": [
      0.7811759610515231,
      0.7811759610515231
    ],
    "SigmaF": [
      12.309165266371435,
      11.62113985994073
    ],
    "SigmaH": 44.804246091862964,
    "SH_pess": 0.7811759610515231,
    "mats": [
      "PA6_CF",
      "PA6_CF"
    ]
  },
  "pr1": {
    "name": "__pr1_internal__",
    "force_n": 109.62962962962963,
    "d_planet": 56.25,
    "d_ring": 135.0,
    "sigma_p": 13.468,
    "sigma_r": 10.445793015873015,
    "sigma_lim_p": 18,
    "sigma_lim_r": 18,
    "sf_p": 2.673002673002673,
    "sf_r": 3.446363521208569,
    "sigma_h": 20.113012148503117,
    "sigma_h_lim_p": 35,
    "sigma_h_lim_r": 35,
    "sh_p": 1.7401669994319984,
    "sh_r": 1.7401669994319984,
    "r_eq": 16.49025691034474
  },
  "pr2": {
    "name": "__pr2_internal__",
    "force_n": 291.37500000000006,
    "d_planet": 60.0,
    "d_ring": 160.0,
    "sigma_p": 18.350718750000006,
    "sigma_r": 13.379132812500002,
    "sigma_lim_p": 18,
    "sigma_lim_r": 18,
    "sf_p": 1.9617760203534256,
    "sf_r": 2.6907573535980993,
    "sigma_h": 28.588060286063644,
    "sigma_h_lim_p": 35,
    "sigma_h_lim_r": 35,
    "sh_p": 1.224287330087313,
    "sh_r": 1.224287330087313,
    "r_eq": 16.4169668796321
  }
}