{
  "filename": "i36_9x4_m1.5-Z14-49-112_m2.5-Z22-22-66_b28x40",
  "variant": {
    "legacy_name": "C_R36_C",
    "description": "PA6_CF i=36 (9x4) широкий: m1=1.5 Z14-49-112 x+0.25 b1=28, m2=2.5 Z22-22-66 b2=40. Ø=180 Lax=98.",
    "i1": 9,
    "i2": 4,
    "n_sat_1": 3,
    "n_sat_2": 4,
    "m1": 1.5,
    "z_s1": 14,
    "z_p1": 49,
    "z_r1": 112,
    "b1": 28,
    "x_s1": 0.25,
    "x_p1": -0.25,
    "m2": 2.5,
    "z_s2": 22,
    "z_p2": 22,
    "z_r2": 66,
    "b2": 40,
    "x_s2": 0.0,
    "x_p2": 0.0,
    "mat_s1": "PA6_CF",
    "mat_p1": "PA6_CF",
    "mat_r1": "PA6_CF",
    "mat_s2": "PA6_CF",
    "mat_p2": "PA6_CF",
    "mat_r2": "PA6_CF"
  },
  "i_total": 36,
  "t_out": 96.22800000000001,
  "n_out": 4.166666666666667,
  "T_in_2": 26.73,
  "s1": {
    "name": "__s1_internal__",
    "SF": [
      4.60500336616527,
      4.860298554169609
    ],
    "SH": [
      0.9243225342790419,
      0.9243225342790419
    ],
    "SigmaF": [
      7.8175838620457565,
      7.406952391662423
    ],
    "SigmaH": 37.86557040643772,
    "SH_pess": 0.9243225342790419,
    "mats": [
      "PA6_CF",
      "PA6_CF"
    ]
  },
  "s2": {
    "name": "__s2_internal__",
    "SF": [
      4.771738377243517,
      4.771738377243517
    ],
    "SH": [
      0.9472254563551533,
      0.9472254563551533
    ],
    "SigmaF": [
      7.544420325239219,
      7.544420325239219
    ],
    "SigmaH": 36.950020467859005,
    "SH_pess": 0.9472254563551532,
    "mats": [
      "PA6_CF",
      "PA6_CF"
    ]
  },
  "pr1": {
    "name": "__pr1_internal__",
    "force_n": 104.76190476190476,
    "d_planet": 73.5,
    "d_ring": 168.0,
    "sigma_p": 11.036292517006805,
    "sigma_r": 8.301782312925171,
    "sigma_lim_p": 18,
    "sigma_lim_r": 18,
    "sf_p": 3.2619650072272366,
    "sf_r": 4.33641821033431,
    "sigma_h": 16.890219586049305,
    "sigma_h_lim_p": 35,
    "sigma_h_lim_r": 35,
    "sh_p": 2.072205149358076,
    "sh_r": 2.072205149358076,
    "r_eq": 22.345316030610356
  },
  "pr2": {
    "name": "__pr2_internal__",
    "force_n": 243.0,
    "d_planet": 55.0,
    "d_ring": 165.0,
    "sigma_p": 12.225330000000001,
    "sigma_r": 8.454194775,
    "sigma_lim_p": 18,
    "sigma_lim_r": 18,
    "sf_p": 2.9447057870830475,
    "sf_r": 4.258241140416593,
    "sigma_h": 27.0857703179918,
    "sigma_h_lim_p": 35,
    "sigma_h_lim_r": 35,
    "sh_p": 1.2921914196677342,
    "sh_r": 1.2921914196677342,
    "r_eq": 14.108330912183833
  }
}