{
  "filename": "i36_9x4_m1.5-Z14-49-112_m2.5-Z22-22-66_b25x40",
  "variant": {
    "legacy_name": "Y_R36_A",
    "description": "POM i=36 (9x4) Ø180 мин.b: m1=1.5 Z14-49-112 x+0.25 b1=25, m2=2.5 Z22-22-66 b2=40. Ø=180 Lax=95.",
    "i1": 9,
    "i2": 4,
    "n_sat_1": 3,
    "n_sat_2": 4,
    "m1": 1.5,
    "z_s1": 14,
    "z_p1": 49,
    "z_r1": 112,
    "b1": 25,
    "x_s1": 0.25,
    "x_p1": -0.25,
    "m2": 2.5,
    "z_s2": 22,
    "z_p2": 22,
    "z_r2": 66,
    "b2": 40,
    "x_s2": 0.0,
    "x_p2": 0.0,
    "mat_s1": "POM_C",
    "mat_p1": "POM_C",
    "mat_r1": "PETG",
    "mat_s2": "POM_C",
    "mat_p2": "POM_C",
    "mat_r2": "PETG"
  },
  "i_total": 36,
  "t_out": 96.22800000000001,
  "n_out": 4.166666666666667,
  "T_in_2": 26.73,
  "s1": {
    "name": "__s1_internal__",
    "SF": [
      5.938992436522669,
      6.268242182956835
    ],
    "SH": [
      1.3139973824829578,
      1.3139973824829578
    ],
    "SigmaF": [
      8.755693925491247,
      8.295786678661916
    ],
    "SigmaH": 26.636278326417397,
    "SH_pess": 1.3139973824829578,
    "mats": [
      "POM_C",
      "POM_C"
    ]
  },
  "s2": {
    "name": "__s2_internal__",
    "SF": [
      6.892510989351747,
      6.892510989351747
    ],
    "SH": [
      1.4250605955784716,
      1.4250605955784716
    ],
    "SigmaF": [
      7.544420325239219,
      7.544420325239219
    ],
    "SigmaH": 24.560359123390487,
    "SH_pess": 1.4250605955784716,
    "mats": [
      "POM_C",
      "POM_C"
    ]
  },
  "pr1": {
    "name": "__pr1_internal__",
    "force_n": 104.76190476190476,
    "d_planet": 73.5,
    "d_ring": 168.0,
    "sigma_p": 12.360647619047622,
    "sigma_r": 9.29799619047619,
    "sigma_lim_p": 26,
    "sigma_lim_r": 12,
    "sf_p": 4.206899314876396,
    "sf_r": 2.5812013156751847,
    "sigma_h": 10.765887451495905,
    "sigma_h_lim_p": 35,
    "sigma_h_lim_r": 22,
    "sh_p": 3.251009278862264,
    "sh_r": 2.0434915467134234,
    "r_eq": 22.345316030610356
  },
  "pr2": {
    "name": "__pr2_internal__",
    "force_n": 243.0,
    "d_planet": 55.0,
    "d_ring": 165.0,
    "sigma_p": 12.225330000000001,
    "sigma_r": 8.454194775,
    "sigma_lim_p": 26,
    "sigma_lim_r": 12,
    "sf_p": 4.253463914675513,
    "sf_r": 2.838827426944395,
    "sigma_h": 16.313483935389588,
    "sigma_h_lim_p": 35,
    "sigma_h_lim_r": 22,
    "sh_p": 2.1454644598676373,
    "sh_r": 1.3485776604882291,
    "r_eq": 14.108330912183833
  }
}