{
  "filename": "i36_9x4_m1.5-Z14-49-112_m2.5-Z22-22-66",
  "variant": {
    "legacy_name": "Y_R36_B",
    "description": "POM i=36 (9x4) Ø180 средний: m1=1.5 Z14-49-112 x+0.25 b1=28, m2=2.5 Z22-22-66 b2=40. Ø=180 Lax=98.",
    "i1": 9,
    "i2": 4,
    "n_sat_1": 3,
    "n_sat_2": 4,
    "m1": 1.5,
    "z_s1": 14,
    "z_p1": 49,
    "z_r1": 112,
    "b1": 28,
    "x_s1": 0.25,
    "x_p1": -0.25,
    "m2": 2.5,
    "z_s2": 22,
    "z_p2": 22,
    "z_r2": 66,
    "b2": 40,
    "x_s2": 0.0,
    "x_p2": 0.0,
    "mat_s1": "POM_C",
    "mat_p1": "POM_C",
    "mat_r1": "PETG",
    "mat_s2": "POM_C",
    "mat_p2": "POM_C",
    "mat_r2": "PETG"
  },
  "i_total": 36,
  "t_out": 96.22800000000001,
  "n_out": 4.166666666666667,
  "T_in_2": 26.73,
  "s1": {
    "name": "__s1_internal__",
    "SF": [
      6.65167152890539,
      7.0204312449116575
    ],
    "SH": [
      1.3906041189758902,
      1.3906041189758902
    ],
    "SigmaF": [
      7.8175838620457565,
      7.406952391662423
    ],
    "SigmaH": 25.168917251428635,
    "SH_pess": 1.3906041189758902,
    "mats": [
      "POM_C",
      "POM_C"
    ]
  },
  "s2": {
    "name": "__s2_internal__",
    "SF": [
      6.892510989351747,
      6.892510989351747
    ],
    "SH": [
      1.4250605955784716,
      1.4250605955784716
    ],
    "SigmaF": [
      7.544420325239219,
      7.544420325239219
    ],
    "SigmaH": 24.560359123390487,
    "SH_pess": 1.4250605955784716,
    "mats": [
      "POM_C",
      "POM_C"
    ]
  },
  "pr1": {
    "name": "__pr1_internal__",
    "force_n": 104.76190476190476,
    "d_planet": 73.5,
    "d_ring": 168.0,
    "sigma_p": 11.036292517006805,
    "sigma_r": 8.301782312925171,
    "sigma_lim_p": 26,
    "sigma_lim_r": 12,
    "sf_p": 4.7117272326615645,
    "sf_r": 2.8909454735562066,
    "sigma_h": 10.172807442703256,
    "sigma_h_lim_p": 35,
    "sigma_h_lim_r": 22,
    "sh_p": 3.4405448247331933,
    "sh_r": 2.162628175546579,
    "r_eq": 22.345316030610356
  },
  "pr2": {
    "name": "__pr2_internal__",
    "force_n": 243.0,
    "d_planet": 55.0,
    "d_ring": 165.0,
    "sigma_p": 12.225330000000001,
    "sigma_r": 8.454194775,
    "sigma_lim_p": 26,
    "sigma_lim_r": 12,
    "sf_p": 4.253463914675513,
    "sf_r": 2.838827426944395,
    "sigma_h": 16.313483935389588,
    "sigma_h_lim_p": 35,
    "sigma_h_lim_r": 22,
    "sh_p": 2.1454644598676373,
    "sh_r": 1.3485776604882291,
    "r_eq": 14.108330912183833
  }
}