{
  "filename": "i36_6x6_m1.5-Z18-36-90_m2-Z20-30-80",
  "variant": {
    "legacy_name": "HI_i36_6x6_F",
    "description": "РЕКОМЕНДУЕТСЯ i=36 (6×6) симметричная. m1=1.5 Z18-36-90 b1=28, m2=2.0 Z20-30-80 b2=40. T_out~96Nm, Lax~98.",
    "i1": 6,
    "i2": 6,
    "n_sat_1": 3,
    "n_sat_2": 4,
    "m1": 1.5,
    "z_s1": 18,
    "z_p1": 36,
    "z_r1": 90,
    "b1": 28,
    "x_s1": 0.0,
    "x_p1": 0.0,
    "m2": 2.0,
    "z_s2": 20,
    "z_p2": 30,
    "z_r2": 80,
    "b2": 40,
    "x_s2": 0.0,
    "x_p2": 0.0,
    "mat_s1": "PA6_CF",
    "mat_p1": "PA6_CF",
    "mat_r1": "PA6_CF",
    "mat_s2": "PA6_CF",
    "mat_p2": "PA6_CF",
    "mat_r2": "PA6_CF"
  },
  "i_total": 36,
  "t_out": 107.89200000000002,
  "n_out": 4.166666666666667,
  "T_in_2": 19.980000000000004,
  "s1": {
    "name": "__s1_internal__",
    "SF": [
      5.193096657470527,
      5.709758652369809
    ],
    "SH": [
      1.0523223814584066,
      1.0523223814584066
    ],
    "SigmaF": [
      6.932279981388796,
      6.304995043014361
    ],
    "SigmaH": 33.25976964539491,
    "SH_pess": 1.0523223814584066,
    "mats": [
      "PA6_CF",
      "PA6_CF"
    ]
  },
  "s2": {
    "name": "__s2_internal__",
    "SF": [
      3.6887477276345213,
      3.9071387103706177
    ],
    "SH": [
      0.877306604532057,
      0.877306604532057
    ],
    "SigmaF": [
      9.759409604051637,
      9.213903746095864
    ],
    "SigmaH": 39.894832455602575,
    "SH_pess": 0.877306604532057,
    "mats": [
      "PA6_CF",
      "PA6_CF"
    ]
  },
  "pr1": {
    "name": "__pr1_internal__",
    "force_n": 91.35802469135803,
    "d_planet": 54.0,
    "d_ring": 135.0,
    "sigma_p": 9.74159318048207,
    "sigma_r": 7.336946649029983,
    "sigma_lim_p": 18,
    "sigma_lim_r": 18,
    "sf_p": 3.6954940873663658,
    "sf_r": 4.906673269153396,
    "sigma_h": 19.00501009334291,
    "sigma_h_lim_p": 35,
    "sigma_h_lim_r": 35,
    "sh_p": 1.841619648087418,
    "sh_r": 1.841619648087418,
    "r_eq": 15.390906449655096
  },
  "pr2": {
    "name": "__pr2_internal__",
    "force_n": 249.75000000000006,
    "d_planet": 60.0,
    "d_ring": 160.0,
    "sigma_p": 14.549498437500006,
    "sigma_r": 10.607741015625,
    "sigma_lim_p": 18,
    "sigma_lim_r": 18,
    "sf_p": 2.4743120977430593,
    "sf_r": 3.3937480135471523,
    "sigma_h": 25.455531000449255,
    "sigma_h_lim_p": 35,
    "sigma_h_lim_r": 35,
    "sh_p": 1.3749467649833074,
    "sh_r": 1.3749467649833074,
    "r_eq": 16.4169668796321
  }
}