{
  "filename": "i36_6x6_m1.5-Z18-36-90_m1.5-Z18-36-90_b22x33",
  "variant": {
    "legacy_name": "N6_36_LARGE",
    "description": "PA6_PRINT i=36 (6x6) симметричная. m=1.5 Z18-36-90 (обе). Ø189, Lax85.",
    "i1": 6,
    "i2": 6,
    "n_sat_1": 3,
    "n_sat_2": 4,
    "m1": 1.5,
    "z_s1": 18,
    "z_p1": 36,
    "z_r1": 90,
    "b1": 22,
    "x_s1": 0.0,
    "x_p1": 0.0,
    "m2": 1.5,
    "z_s2": 18,
    "z_p2": 36,
    "z_r2": 90,
    "b2": 33,
    "x_s2": 0.0,
    "x_p2": 0.0,
    "mat_s1": "PA6_PRINT",
    "mat_p1": "PA6_PRINT",
    "mat_r1": "PA6_PRINT",
    "mat_s2": "PA6_PRINT",
    "mat_p2": "PA6_PRINT",
    "mat_r2": "PA6_PRINT"
  },
  "i_total": 36,
  "t_out": 107.89200000000002,
  "n_out": 4.166666666666667,
  "T_in_2": 19.980000000000004,
  "s1": {
    "name": "__s1_internal__",
    "SF": [
      3.6269246496619547,
      3.9877679476868506
    ],
    "SH": [
      1.386960667537428,
      1.386960667537428
    ],
    "SigmaF": [
      8.822901794494832,
      8.024539145654641
    ],
    "SigmaH": 18.025024490700172,
    "SH_pess": 1.386960667537428,
    "mats": [
      "PA6_PRINT",
      "PA6_PRINT"
    ]
  },
  "s2": {
    "name": "__s2_internal__",
    "SF": [
      1.3433054258007238,
      1.4769510917358706
    ],
    "SH": [
      0.8440773822029694,
      0.8440773822029694
    ],
    "SigmaF": [
      23.82183484513605,
      21.66625569326753
    ],
    "SigmaH": 29.61813753941866,
    "SH_pess": 0.8440773822029694,
    "mats": [
      "PA6_PRINT",
      "PA6_PRINT"
    ]
  },
  "pr1": {
    "name": "__pr1_internal__",
    "force_n": 91.35802469135803,
    "d_planet": 54.0,
    "d_ring": 135.0,
    "sigma_p": 12.398391320613545,
    "sigma_r": 9.337932098765434,
    "sigma_lim_p": 16,
    "sigma_lim_r": 16,
    "sf_p": 2.5809799975257155,
    "sf_r": 3.4268829181388796,
    "sigma_h": 10.29970369701406,
    "sigma_h_lim_p": 25,
    "sigma_h_lim_r": 25,
    "sh_p": 2.42725429152371,
    "sh_r": 2.42725429152371,
    "r_eq": 15.390906449655096
  },
  "pr2": {
    "name": "__pr2_internal__",
    "force_n": 370.00000000000006,
    "d_planet": 54.0,
    "d_ring": 135.0,
    "sigma_p": 33.47565656565658,
    "sigma_r": 25.212416666666673,
    "sigma_lim_p": 16,
    "sigma_lim_r": 16,
    "sf_p": 0.9559185176021167,
    "sf_r": 1.2692158956069923,
    "sigma_h": 16.92414015142187,
    "sigma_h_lim_p": 25,
    "sigma_h_lim_r": 25,
    "sh_p": 1.477179920298618,
    "sh_r": 1.477179920298618,
    "r_eq": 15.390906449655096
  }
}