{
  "filename": "i36_6x6_m2-Z18-27-72_m2-Z24-24-72",
  "variant": {
    "legacy_name": "D16T_U36_robust",
    "description": "U=36 (6x6), m=2.0, большие ширины, ст.2 Z=(24/24/72).",
    "i1": 6,
    "i2": 6,
    "n_sat_1": 3,
    "n_sat_2": 4,
    "m1": 2.0,
    "z_s1": 18,
    "z_p1": 27,
    "z_r1": 72,
    "b1": 30,
    "x_s1": 0.0,
    "x_p1": 0.0,
    "m2": 2.0,
    "z_s2": 24,
    "z_p2": 24,
    "z_r2": 72,
    "b2": 40,
    "x_s2": 0.0,
    "x_p2": 0.0,
    "mat_s1": "D16T",
    "mat_p1": "PA6_CF",
    "mat_r1": "PA6_CF",
    "mat_s2": "D16T",
    "mat_p2": "PA6_CF",
    "mat_r2": "PA6_CF"
  },
  "i_total": 36,
  "t_out": 107.89200000000002,
  "n_out": 4.166666666666667,
  "T_in_2": 19.980000000000004,
  "s1": {
    "name": "__s1_internal__",
    "SF": [
      70.52761202695255,
      10.448328711589065
    ],
    "SH": [
      4.921314139792604,
      4.921314139792604
    ],
    "SigmaF": [
      3.6864994082124802,
      3.445527126273273
    ],
    "SigmaH": 34.543618873141924,
    "SH_pess": 1.013211734663183,
    "mats": [
      "D16T",
      "PA6_CF"
    ]
  },
  "s2": {
    "name": "__s2_internal__",
    "SF": [
      32.911504770131046,
      4.556977583556606
    ],
    "SH": [
      3.452796248875575,
      3.452796248875575
    ],
    "SigmaF": [
      7.899973028154092,
      7.899973028154092
    ],
    "SigmaH": 49.23545664050162,
    "SH_pess": 0.7108698159449713,
    "mats": [
      "D16T",
      "PA6_CF"
    ]
  },
  "pr1": {
    "name": "__pr1_internal__",
    "force_n": 68.51851851851852,
    "d_planet": 54.0,
    "d_ring": 144.0,
    "sigma_p": 5.433518518518518,
    "sigma_r": 3.9332884259259253,
    "sigma_lim_p": 18,
    "sigma_lim_r": 18,
    "sf_p": 6.62554105177056,
    "sf_r": 9.152646869908944,
    "sigma_h": 16.22861689442084,
    "sigma_h_lim_p": 35,
    "sigma_h_lim_r": 35,
    "sh_p": 2.1566840986943556,
    "sh_r": 2.1566840986943556,
    "r_eq": 14.775270191668891
  },
  "pr2": {
    "name": "__pr2_internal__",
    "force_n": 208.12500000000003,
    "d_planet": 48.0,
    "d_ring": 144.0,
    "sigma_p": 12.784078125,
    "sigma_r": 8.960522695312502,
    "sigma_lim_p": 18,
    "sigma_lim_r": 18,
    "sf_p": 2.8160028160028157,
    "sf_r": 4.017622768684309,
    "sigma_h": 26.832485670148113,
    "sigma_h_lim_p": 35,
    "sigma_h_lim_r": 35,
    "sh_p": 1.3043890316482485,
    "sh_r": 1.3043890316482485,
    "r_eq": 12.312725159724073
  }
}