{
  "filename": "i36_6x6_m1.25-Z18-36-90_m1.5-Z24-48-120_b28x40",
  "variant": {
    "legacy_name": "N_R36_D",
    "description": "PA6 i=36 (6x6) большое солнце ст.2 шире: m1=1.25 Z18-36-90 b1=28, m2=1.5 Z24-48-120 b2=40 x=+0.3/-0.3. Ø=189 Lax=98.",
    "i1": 6,
    "i2": 6,
    "n_sat_1": 3,
    "n_sat_2": 4,
    "m1": 1.25,
    "z_s1": 18,
    "z_p1": 36,
    "z_r1": 90,
    "b1": 28,
    "x_s1": 0.0,
    "x_p1": 0.0,
    "m2": 1.5,
    "z_s2": 24,
    "z_p2": 48,
    "z_r2": 120,
    "b2": 40,
    "x_s2": 0.3,
    "x_p2": -0.3,
    "mat_s1": "PA6_PRINT",
    "mat_p1": "PA6_PRINT",
    "mat_r1": "PA6_PRINT",
    "mat_s2": "PA6_PRINT",
    "mat_p2": "PA6_PRINT",
    "mat_r2": "PA6_PRINT"
  },
  "i_total": 36,
  "t_out": 96.22800000000001,
  "n_out": 4.166666666666667,
  "T_in_2": 17.819999999999997,
  "s1": {
    "name": "__s1_internal__",
    "SF": [
      3.5941746413469784,
      3.9517596359461837
    ],
    "SH": [
      1.3806845545463868,
      1.3806845545463868
    ],
    "SigmaF": [
      8.903295803124205,
      8.09765849848763
    ],
    "SigmaH": 18.106959998704088,
    "SH_pess": 1.380684554546387,
    "mats": [
      "PA6_PRINT",
      "PA6_PRINT"
    ]
  },
  "s2": {
    "name": "__s2_internal__",
    "SF": [
      2.726137356238016,
      2.6832329161938437
    ],
    "SH": [
      1.3173054443939698,
      1.3173054443939698
    ],
    "SigmaF": [
      11.738219986156162,
      11.925912136391009
    ],
    "SigmaH": 18.978134574932486,
    "SH_pess": 1.3173054443939696,
    "mats": [
      "PA6_PRINT",
      "PA6_PRINT"
    ]
  },
  "pr1": {
    "name": "__pr1_internal__",
    "force_n": 97.77777777777777,
    "d_planet": 45.0,
    "d_ring": 112.5,
    "sigma_p": 12.511365079365081,
    "sigma_r": 9.423019047619048,
    "sigma_lim_p": 16,
    "sigma_lim_r": 16,
    "sf_p": 2.5576745460635153,
    "sf_r": 3.39593922481623,
    "sigma_h": 10.346522576796449,
    "sigma_h_lim_p": 25,
    "sigma_h_lim_r": 25,
    "sh_p": 2.4162707629001905,
    "sh_r": 2.4162707629001905,
    "r_eq": 12.825755374712577
  },
  "pr2": {
    "name": "__pr2_internal__",
    "force_n": 247.49999999999994,
    "d_planet": 72.0,
    "d_ring": 180.0,
    "sigma_p": 18.484537499999995,
    "sigma_r": 13.674374999999996,
    "sigma_lim_p": 16,
    "sigma_lim_r": 16,
    "sf_p": 1.731176665902515,
    "sf_r": 2.3401435166141056,
    "sigma_h": 10.888071363813875,
    "sigma_h_lim_p": 25,
    "sigma_h_lim_r": 25,
    "sh_p": 2.296090755162262,
    "sh_r": 2.296090755162262,
    "r_eq": 20.521208599540127
  }
}