{
  "filename": "i36_9x4_m1.5-Z14-49-112_m2.5-Z22-22-66_b22x35",
  "variant": {
    "legacy_name": "C_R36_A",
    "description": "PA6_CF i=36 (9x4) компакт: m1=1.5 Z14-49-112 x+0.25 b1=22, m2=2.5 Z22-22-66 b2=35. Ø=180 Lax=87.",
    "i1": 9,
    "i2": 4,
    "n_sat_1": 3,
    "n_sat_2": 4,
    "m1": 1.5,
    "z_s1": 14,
    "z_p1": 49,
    "z_r1": 112,
    "b1": 22,
    "x_s1": 0.25,
    "x_p1": -0.25,
    "m2": 2.5,
    "z_s2": 22,
    "z_p2": 22,
    "z_r2": 66,
    "b2": 35,
    "x_s2": 0.0,
    "x_p2": 0.0,
    "mat_s1": "PA6_CF",
    "mat_p1": "PA6_CF",
    "mat_r1": "PA6_CF",
    "mat_s2": "PA6_CF",
    "mat_p2": "PA6_CF",
    "mat_r2": "PA6_CF"
  },
  "i_total": 36,
  "t_out": 96.22800000000001,
  "n_out": 4.166666666666667,
  "T_in_2": 26.73,
  "s1": {
    "name": "__s1_internal__",
    "SF": [
      3.6182169305584266,
      3.8188060068475496
    ],
    "SH": [
      0.8193243567170077,
      0.8193243567170077
    ],
    "SigmaF": [
      9.949652188058234,
      9.427030316661266
    ],
    "SigmaH": 42.71812465119831,
    "SH_pess": 0.8193243567170077,
    "mats": [
      "PA6_CF",
      "PA6_CF"
    ]
  },
  "s2": {
    "name": "__s2_internal__",
    "SF": [
      4.175271080088079,
      4.175271080088079
    ],
    "SH": [
      0.8860482814278944,
      0.8860482814278944
    ],
    "SigmaF": [
      8.622194657416248,
      8.622194657416248
    ],
    "SigmaH": 39.501233435717985,
    "SH_pess": 0.8860482814278944,
    "mats": [
      "PA6_CF",
      "PA6_CF"
    ]
  },
  "pr1": {
    "name": "__pr1_internal__",
    "force_n": 104.76190476190476,
    "d_planet": 73.5,
    "d_ring": 168.0,
    "sigma_p": 14.046190476190478,
    "sigma_r": 10.565904761904763,
    "sigma_lim_p": 18,
    "sigma_lim_r": 18,
    "sf_p": 2.5629725056785433,
    "sf_r": 3.4071857366912437,
    "sigma_h": 19.054737533817693,
    "sigma_h_lim_p": 35,
    "sigma_h_lim_r": 35,
    "sh_p": 1.836813545076819,
    "sh_r": 1.836813545076819,
    "r_eq": 22.345316030610356
  },
  "pr2": {
    "name": "__pr2_internal__",
    "force_n": 243.0,
    "d_planet": 55.0,
    "d_ring": 165.0,
    "sigma_p": 13.971805714285717,
    "sigma_r": 9.661936885714285,
    "sigma_lim_p": 18,
    "sigma_lim_r": 18,
    "sf_p": 2.5766175636976665,
    "sf_r": 3.725960997864519,
    "sigma_h": 28.955906453364676,
    "sigma_h_lim_p": 35,
    "sigma_h_lim_r": 35,
    "sh_p": 1.2087343926314211,
    "sh_r": 1.2087343926314211,
    "r_eq": 14.108330912183833
  }
}