{
  "filename": "i36_9x4_m1.5-Z14-49-112_m2.5-Z22-22-66_b25x38",
  "variant": {
    "legacy_name": "C_R36_B",
    "description": "PA6_CF i=36 (9x4) средний: m1=1.5 Z14-49-112 x+0.25 b1=25, m2=2.5 Z22-22-66 b2=38. Ø=180 Lax=93.",
    "i1": 9,
    "i2": 4,
    "n_sat_1": 3,
    "n_sat_2": 4,
    "m1": 1.5,
    "z_s1": 14,
    "z_p1": 49,
    "z_r1": 112,
    "b1": 25,
    "x_s1": 0.25,
    "x_p1": -0.25,
    "m2": 2.5,
    "z_s2": 22,
    "z_p2": 22,
    "z_r2": 66,
    "b2": 38,
    "x_s2": 0.0,
    "x_p2": 0.0,
    "mat_s1": "PA6_CF",
    "mat_p1": "PA6_CF",
    "mat_r1": "PA6_CF",
    "mat_s2": "PA6_CF",
    "mat_p2": "PA6_CF",
    "mat_r2": "PA6_CF"
  },
  "i_total": 36,
  "t_out": 96.22800000000001,
  "n_out": 4.166666666666667,
  "T_in_2": 26.73,
  "s1": {
    "name": "__s1_internal__",
    "SF": [
      4.111610148361848,
      4.339552280508578
    ],
    "SH": [
      0.8734026988983287,
      0.8734026988983287
    ],
    "SigmaF": [
      8.755693925491247,
      8.295786678661916
    ],
    "SigmaH": 40.073153018816456,
    "SH_pess": 0.8734026988983287,
    "mats": [
      "PA6_CF",
      "PA6_CF"
    ]
  },
  "s2": {
    "name": "__s2_internal__",
    "SF": [
      4.533151458381342,
      4.533151458381342
    ],
    "SH": [
      0.9232411721261499,
      0.9232411721261499
    ],
    "SigmaF": [
      7.941495079199177,
      7.941495079199177
    ],
    "SigmaH": 37.90992110912669,
    "SH_pess": 0.92324117212615,
    "mats": [
      "PA6_CF",
      "PA6_CF"
    ]
  },
  "pr1": {
    "name": "__pr1_internal__",
    "force_n": 104.76190476190476,
    "d_planet": 73.5,
    "d_ring": 168.0,
    "sigma_p": 12.360647619047622,
    "sigma_r": 9.29799619047619,
    "sigma_lim_p": 18,
    "sigma_lim_r": 18,
    "sf_p": 2.9124687564528897,
    "sf_r": 3.871801973512777,
    "sigma_h": 17.874928245583508,
    "sigma_h_lim_p": 35,
    "sigma_h_lim_r": 35,
    "sh_p": 1.9580498181103307,
    "sh_r": 1.9580498181103307,
    "r_eq": 22.345316030610356
  },
  "pr2": {
    "name": "__pr2_internal__",
    "force_n": 243.0,
    "d_planet": 55.0,
    "d_ring": 165.0,
    "sigma_p": 12.868768421052634,
    "sigma_r": 8.899152394736841,
    "sigma_lim_p": 18,
    "sigma_lim_r": 18,
    "sf_p": 2.797470497728895,
    "sf_r": 4.045329083395764,
    "sigma_h": 27.789413995810204,
    "sigma_h_lim_p": 35,
    "sigma_h_lim_r": 35,
    "sh_p": 1.2594724021628139,
    "sh_r": 1.2594724021628139,
    "r_eq": 14.108330912183833
  }
}