{
  "filename": "i36_6x6_m1.5-Z18-36-90_m1.5-Z18-36-90_b30x45",
  "variant": {
    "legacy_name": "N6_36_WIDE",
    "description": "PA6_PRINT i=36 (6x6) широкая. m=1.5 Z18-36-90 (обе). Ø189, Lax105.",
    "i1": 6,
    "i2": 6,
    "n_sat_1": 3,
    "n_sat_2": 4,
    "m1": 1.5,
    "z_s1": 18,
    "z_p1": 36,
    "z_r1": 90,
    "b1": 30,
    "x_s1": 0.0,
    "x_p1": 0.0,
    "m2": 1.5,
    "z_s2": 18,
    "z_p2": 36,
    "z_r2": 90,
    "b2": 45,
    "x_s2": 0.0,
    "x_p2": 0.0,
    "mat_s1": "PA6_PRINT",
    "mat_p1": "PA6_PRINT",
    "mat_r1": "PA6_PRINT",
    "mat_s2": "PA6_PRINT",
    "mat_p2": "PA6_PRINT",
    "mat_r2": "PA6_PRINT"
  },
  "i_total": 36,
  "t_out": 107.89200000000002,
  "n_out": 4.166666666666667,
  "T_in_2": 19.980000000000004,
  "s1": {
    "name": "__s1_internal__",
    "SF": [
      4.94580634044812,
      5.437865383209342
    ],
    "SH": [
      1.6196211229071729,
      1.6196211229071729
    ],
    "SigmaF": [
      6.470127982629545,
      5.884662040146736
    ],
    "SigmaH": 15.435708787945249,
    "SH_pess": 1.619621122907173,
    "mats": [
      "PA6_PRINT",
      "PA6_PRINT"
    ]
  },
  "s2": {
    "name": "__s2_internal__",
    "SF": [
      1.831780126091896,
      2.0140242160034596
    ],
    "SH": [
      0.9856700262534509,
      0.9856700262534509
    ],
    "SigmaF": [
      17.46934555309977,
      15.88858750839619
    ],
    "SigmaH": 25.363457682715016,
    "SH_pess": 0.985670026253451,
    "mats": [
      "PA6_PRINT",
      "PA6_PRINT"
    ]
  },
  "pr1": {
    "name": "__pr1_internal__",
    "force_n": 91.35802469135803,
    "d_planet": 54.0,
    "d_ring": 135.0,
    "sigma_p": 9.092153635116599,
    "sigma_r": 6.847816872427984,
    "sigma_lim_p": 16,
    "sigma_lim_r": 16,
    "sf_p": 3.519518178444158,
    "sf_r": 4.673022161098473,
    "sigma_h": 8.820139298632178,
    "sigma_h_lim_p": 25,
    "sigma_h_lim_r": 25,
    "sh_p": 2.8344223547441008,
    "sh_r": 2.8344223547441008,
    "r_eq": 15.390906449655096
  },
  "pr2": {
    "name": "__pr2_internal__",
    "force_n": 370.00000000000006,
    "d_planet": 54.0,
    "d_ring": 135.0,
    "sigma_p": 24.548814814814826,
    "sigma_r": 18.48910555555556,
    "sigma_lim_p": 16,
    "sigma_lim_r": 16,
    "sf_p": 1.3035252512756135,
    "sf_r": 1.7307489485549894,
    "sigma_h": 14.492967762595919,
    "sigma_h_lim_p": 25,
    "sigma_h_lim_r": 25,
    "sh_p": 1.7249745124336153,
    "sh_r": 1.7249745124336153,
    "r_eq": 15.390906449655096
  }
}