{
  "filename": "i36_9x4_m1-Z20-70-160_m2.5-Z22-22-66",
  "variant": {
    "legacy_name": "Y_R36_D",
    "description": "POM i=36 (9x4) Ø180 m1=1.0 (для сравнения): Z20-70-160 b1=30, m2=2.5 Z22-22-66 b2=40. Ø=180 Lax=100.",
    "i1": 9,
    "i2": 4,
    "n_sat_1": 3,
    "n_sat_2": 4,
    "m1": 1.0,
    "z_s1": 20,
    "z_p1": 70,
    "z_r1": 160,
    "b1": 30,
    "x_s1": 0.0,
    "x_p1": 0.0,
    "m2": 2.5,
    "z_s2": 22,
    "z_p2": 22,
    "z_r2": 66,
    "b2": 40,
    "x_s2": 0.0,
    "x_p2": 0.0,
    "mat_s1": "POM_C",
    "mat_p1": "POM_C",
    "mat_r1": "PETG",
    "mat_s2": "POM_C",
    "mat_p2": "POM_C",
    "mat_r2": "PETG"
  },
  "i_total": 36,
  "t_out": 96.22800000000001,
  "n_out": 4.166666666666667,
  "T_in_2": 26.73,
  "s1": {
    "name": "__s1_internal__",
    "SF": [
      4.676083876164298,
      5.1547993949156155
    ],
    "SH": [
      1.4094784297892564,
      1.4094784297892564
    ],
    "SigmaF": [
      11.120416437579944,
      10.087686448339712
    ],
    "SigmaH": 24.831880545510128,
    "SH_pess": 1.4094784297892564,
    "mats": [
      "POM_C",
      "POM_C"
    ]
  },
  "s2": {
    "name": "__s2_internal__",
    "SF": [
      6.892510989351747,
      6.892510989351747
    ],
    "SH": [
      1.4250605955784716,
      1.4250605955784716
    ],
    "SigmaF": [
      7.544420325239219,
      7.544420325239219
    ],
    "SigmaH": 24.560359123390487,
    "SH_pess": 1.4250605955784716,
    "mats": [
      "POM_C",
      "POM_C"
    ]
  },
  "pr1": {
    "name": "__pr1_internal__",
    "force_n": 110.0,
    "d_planet": 70.0,
    "d_ring": 160.0,
    "sigma_p": 14.90775,
    "sigma_r": 11.972674999999999,
    "sigma_lim_p": 26,
    "sigma_lim_r": 12,
    "sf_p": 3.488118596032265,
    "sf_r": 2.0045645605514224,
    "sigma_h": 10.319258965305698,
    "sigma_h_lim_p": 35,
    "sigma_h_lim_r": 22,
    "sh_p": 3.391716412745647,
    "sh_r": 2.1319360308686925,
    "r_eq": 21.28125336248605
  },
  "pr2": {
    "name": "__pr2_internal__",
    "force_n": 243.0,
    "d_planet": 55.0,
    "d_ring": 165.0,
    "sigma_p": 12.225330000000001,
    "sigma_r": 8.454194775,
    "sigma_lim_p": 26,
    "sigma_lim_r": 12,
    "sf_p": 4.253463914675513,
    "sf_r": 2.838827426944395,
    "sigma_h": 16.313483935389588,
    "sigma_h_lim_p": 35,
    "sigma_h_lim_r": 22,
    "sh_p": 2.1454644598676373,
    "sh_r": 1.3485776604882291,
    "r_eq": 14.108330912183833
  }
}