{
  "filename": "i36_6x6_m1.25-Z18-36-90_m1.75-Z18-36-90_b22x35",
  "variant": {
    "legacy_name": "D_R36_A",
    "description": "D16T+PETG i=36 (6x6): m1=1.25 Z18-36-90 b1=22, m2=1.75 Z18-36-90 b2=35 x=+0.3. Ø=168 Lax=87.",
    "i1": 6,
    "i2": 6,
    "n_sat_1": 3,
    "n_sat_2": 4,
    "m1": 1.25,
    "z_s1": 18,
    "z_p1": 36,
    "z_r1": 90,
    "b1": 22,
    "x_s1": 0.0,
    "x_p1": 0.0,
    "m2": 1.75,
    "z_s2": 18,
    "z_p2": 36,
    "z_r2": 90,
    "b2": 35,
    "x_s2": 0.3,
    "x_p2": -0.3,
    "mat_s1": "D16T",
    "mat_p1": "D16T",
    "mat_r1": "PETG",
    "mat_s2": "D16T",
    "mat_p2": "D16T",
    "mat_r2": "PETG"
  },
  "i_total": 36,
  "t_out": 96.22800000000001,
  "n_out": 4.166666666666667,
  "T_in_2": 17.819999999999997,
  "s1": {
    "name": "__s1_internal__",
    "SF": [
      22.944954183599013,
      25.227751247335018
    ],
    "SH": [
      1.2371964468603132,
      1.2371964468603132
    ],
    "SigmaF": [
      11.331467385794443,
      10.306110816256982
    ],
    "SigmaH": 137.40744279650684,
    "SH_pess": 1.2371964468603132,
    "mats": [
      "D16T",
      "D16T"
    ]
  },
  "s2": {
    "name": "__s2_internal__",
    "SF": [
      18.90322433951822,
      18.282030844957532
    ],
    "SH": [
      1.075176520560987,
      1.075176520560987
    ],
    "SigmaF": [
      13.754267278966573,
      14.221614776003513
    ],
    "SigmaH": 158.11357181730529,
    "SH_pess": 1.075176520560987,
    "mats": [
      "D16T",
      "D16T"
    ]
  },
  "pr1": {
    "name": "__pr1_internal__",
    "force_n": 97.77777777777777,
    "d_planet": 45.0,
    "d_ring": 112.5,
    "sigma_p": 15.923555555555557,
    "sigma_r": 11.992933333333335,
    "sigma_lim_p": 130,
    "sigma_lim_r": 12,
    "sf_p": 16.328011611030476,
    "sf_r": 2.001178471766707,
    "sigma_h": 18.786250598960603,
    "sigma_h_lim_p": 170,
    "sigma_h_lim_r": 22,
    "sh_p": 9.049171313056245,
    "sh_r": 1.1710692287484554,
    "r_eq": 12.825755374712577
  },
  "pr2": {
    "name": "__pr2_internal__",
    "force_n": 282.8571428571428,
    "d_planet": 63.0,
    "d_ring": 157.5,
    "sigma_p": 21.76268221574344,
    "sigma_r": 15.57682740524781,
    "sigma_lim_p": 130,
    "sigma_lim_r": 12,
    "sf_p": 11.947056774642983,
    "sf_r": 1.5407502038518084,
    "sigma_h": 21.41001174167461,
    "sigma_h_lim_p": 170,
    "sigma_h_lim_r": 22,
    "sh_p": 7.940210498301354,
    "sh_r": 1.0275566527213518,
    "r_eq": 17.956057524597608
  }
}