{
  "filename": "i36_6x6_m1.5-Z18-36-90_m2-Z18-36-90",
  "variant": {
    "legacy_name": "N6_36_ROBUST",
    "description": "PA6_PRINT i=36 (6x6) прочная. m1=1.5 Z18-36-90 b1=28, m2=2.0 Z18-36-90 b2=70. Ø198, Lax143.",
    "i1": 6,
    "i2": 6,
    "n_sat_1": 3,
    "n_sat_2": 4,
    "m1": 1.5,
    "z_s1": 18,
    "z_p1": 36,
    "z_r1": 90,
    "b1": 28,
    "x_s1": 0.0,
    "x_p1": 0.0,
    "m2": 2.0,
    "z_s2": 18,
    "z_p2": 36,
    "z_r2": 90,
    "b2": 70,
    "x_s2": 0.0,
    "x_p2": 0.0,
    "mat_s1": "PA6_PRINT",
    "mat_p1": "PA6_PRINT",
    "mat_r1": "PA6_PRINT",
    "mat_s2": "PA6_PRINT",
    "mat_p2": "PA6_PRINT",
    "mat_r2": "PA6_PRINT"
  },
  "i_total": 36,
  "t_out": 107.89200000000002,
  "n_out": 4.166666666666667,
  "T_in_2": 19.980000000000004,
  "s1": {
    "name": "__s1_internal__",
    "SF": [
      4.616085917751579,
      5.0753410243287185
    ],
    "SH": [
      1.5647026585422823,
      1.5647026585422823
    ],
    "SigmaF": [
      6.932279981388796,
      6.304995043014361
    ],
    "SigmaH": 15.977476527898693,
    "SH_pess": 1.564702658542282,
    "mats": [
      "PA6_PRINT",
      "PA6_PRINT"
    ]
  },
  "s2": {
    "name": "__s2_internal__",
    "SF": [
      5.06566355857512,
      5.569647214626852
    ],
    "SH": [
      1.6391286820679505,
      1.6391286820679505
    ],
    "SigmaF": [
      6.317040133040542,
      5.745426732946836
    ],
    "SigmaH": 15.252005698820184,
    "SH_pess": 1.6391286820679505,
    "mats": [
      "PA6_PRINT",
      "PA6_PRINT"
    ]
  },
  "pr1": {
    "name": "__pr1_internal__",
    "force_n": 91.35802469135803,
    "d_planet": 54.0,
    "d_ring": 135.0,
    "sigma_p": 9.74159318048207,
    "sigma_r": 7.336946649029983,
    "sigma_lim_p": 16,
    "sigma_lim_r": 16,
    "sf_p": 3.2848836332145472,
    "sf_r": 4.3614873503585745,
    "sigma_h": 9.129711537882141,
    "sigma_h_lim_p": 25,
    "sigma_h_lim_r": 25,
    "sh_p": 2.738312146694545,
    "sh_r": 2.738312146694545,
    "r_eq": 15.390906449655096
  },
  "pr2": {
    "name": "__pr2_internal__",
    "force_n": 277.50000000000006,
    "d_planet": 72.0,
    "d_ring": 180.0,
    "sigma_p": 8.877026785714289,
    "sigma_r": 6.685792633928575,
    "sigma_lim_p": 16,
    "sigma_lim_r": 16,
    "sf_p": 3.6048105714288576,
    "sf_r": 4.786268697238488,
    "sigma_h": 8.715169267263262,
    "sigma_h_lim_p": 25,
    "sigma_h_lim_r": 25,
    "sh_p": 2.868561611752895,
    "sh_r": 2.868561611752895,
    "r_eq": 20.521208599540127
  }
}