{
  "filename": "i36_6x6_m1.25-Z18-36-90_m1.75-Z18-36-90_b25x40",
  "variant": {
    "legacy_name": "D_R36_B",
    "description": "D16T+PETG i=36 (6x6) шире: m1=1.25 Z18-36-90 b1=25, m2=1.75 Z18-36-90 b2=40 x=+0.3. Ø=168 Lax=95.",
    "i1": 6,
    "i2": 6,
    "n_sat_1": 3,
    "n_sat_2": 4,
    "m1": 1.25,
    "z_s1": 18,
    "z_p1": 36,
    "z_r1": 90,
    "b1": 25,
    "x_s1": 0.0,
    "x_p1": 0.0,
    "m2": 1.75,
    "z_s2": 18,
    "z_p2": 36,
    "z_r2": 90,
    "b2": 40,
    "x_s2": 0.3,
    "x_p2": -0.3,
    "mat_s1": "D16T",
    "mat_p1": "D16T",
    "mat_r1": "PETG",
    "mat_s2": "D16T",
    "mat_p2": "D16T",
    "mat_r2": "PETG"
  },
  "i_total": 36,
  "t_out": 96.22800000000001,
  "n_out": 4.166666666666667,
  "T_in_2": 17.819999999999997,
  "s1": {
    "name": "__s1_internal__",
    "SF": [
      26.07381157227161,
      28.66789914469888
    ],
    "SH": [
      1.3188558437161733,
      1.3188558437161733
    ],
    "SigmaF": [
      9.97169129949911,
      9.069377518306146
    ],
    "SigmaH": 128.89960704195443,
    "SH_pess": 1.3188558437161733,
    "mats": [
      "D16T",
      "D16T"
    ]
  },
  "s2": {
    "name": "__s2_internal__",
    "SF": [
      21.6036849594494,
      20.893749537094326
    ],
    "SH": [
      1.1494120486408343,
      1.1494120486408343
    ],
    "SigmaF": [
      12.03498386909575,
      12.443912929003071
    ],
    "SigmaH": 147.90170348485813,
    "SH_pess": 1.1494120486408343,
    "mats": [
      "D16T",
      "D16T"
    ]
  },
  "pr1": {
    "name": "__pr1_internal__",
    "force_n": 97.77777777777777,
    "d_planet": 45.0,
    "d_ring": 112.5,
    "sigma_p": 14.01272888888889,
    "sigma_r": 10.553781333333335,
    "sigma_lim_p": 130,
    "sigma_lim_r": 12,
    "sf_p": 18.55455864889827,
    "sf_r": 2.2740664451894395,
    "sigma_h": 17.623065175471428,
    "sigma_h_lim_p": 170,
    "sigma_h_lim_r": 22,
    "sh_p": 9.64644903184116,
    "sh_r": 1.2483639923559147,
    "r_eq": 12.825755374712577
  },
  "pr2": {
    "name": "__pr2_internal__",
    "force_n": 282.8571428571428,
    "d_planet": 63.0,
    "d_ring": 157.5,
    "sigma_p": 19.04234693877551,
    "sigma_r": 13.629723979591834,
    "sigma_lim_p": 130,
    "sigma_lim_r": 12,
    "sf_p": 13.65377917102055,
    "sf_r": 1.7608573758306383,
    "sigma_h": 20.0272321460384,
    "sigma_h_lim_p": 170,
    "sigma_h_lim_r": 22,
    "sh_p": 8.488442075288361,
    "sh_r": 1.0985042685667292,
    "r_eq": 17.956057524597608
  }
}