{
  "filename": "i36_6x6_m1.5-Z18-36-90_m1.5-Z18-36-90",
  "variant": {
    "legacy_name": "HI_i36_6x6_B",
    "description": "i=36 (6×6) усиленная ст.2. b1=30 b2=50. T_out~108Nm.",
    "i1": 6,
    "i2": 6,
    "n_sat_1": 3,
    "n_sat_2": 4,
    "m1": 1.5,
    "z_s1": 18,
    "z_p1": 36,
    "z_r1": 90,
    "b1": 30,
    "x_s1": 0.0,
    "x_p1": 0.0,
    "m2": 1.5,
    "z_s2": 18,
    "z_p2": 36,
    "z_r2": 90,
    "b2": 50,
    "x_s2": 0.0,
    "x_p2": 0.0,
    "mat_s1": "PA6_CF",
    "mat_p1": "PA6_CF",
    "mat_r1": "PA6_CF",
    "mat_s2": "PA6_CF",
    "mat_p2": "PA6_CF",
    "mat_r2": "PA6_CF"
  },
  "i_total": 36,
  "t_out": 107.89200000000002,
  "n_out": 4.166666666666667,
  "T_in_2": 19.980000000000004,
  "s1": {
    "name": "__s1_internal__",
    "SF": [
      5.564032133004134,
      6.11759855611051
    ],
    "SH": [
      1.0892571491543606,
      1.0892571491543606
    ],
    "SigmaF": [
      6.470127982629545,
      5.884662040146736
    ],
    "SigmaH": 32.13199016152621,
    "SH_pess": 1.0892571491543606,
    "mats": [
      "PA6_CF",
      "PA6_CF"
    ]
  },
  "s2": {
    "name": "__s2_internal__",
    "SF": [
      2.28972515761487,
      2.517530270004325
    ],
    "SH": [
      0.6987587869788826,
      0.6987587869788826
    ],
    "SigmaF": [
      15.722410997789796,
      14.29972875755657
    ],
    "SigmaH": 50.08881555726003,
    "SH_pess": 0.6987587869788826,
    "mats": [
      "PA6_CF",
      "PA6_CF"
    ]
  },
  "pr1": {
    "name": "__pr1_internal__",
    "force_n": 91.35802469135803,
    "d_planet": 54.0,
    "d_ring": 135.0,
    "sigma_p": 9.092153635116599,
    "sigma_r": 6.847816872427984,
    "sigma_lim_p": 18,
    "sigma_lim_r": 18,
    "sf_p": 3.9594579507496777,
    "sf_r": 5.257149931235782,
    "sigma_h": 18.36058408851767,
    "sigma_h_lim_p": 35,
    "sigma_h_lim_r": 35,
    "sh_p": 1.9062574388299705,
    "sh_r": 1.9062574388299705,
    "r_eq": 15.390906449655096
  },
  "pr2": {
    "name": "__pr2_internal__",
    "force_n": 370.00000000000006,
    "d_planet": 54.0,
    "d_ring": 135.0,
    "sigma_p": 22.09393333333334,
    "sigma_r": 16.640195000000006,
    "sigma_lim_p": 18,
    "sigma_lim_r": 18,
    "sf_p": 1.6294065640945172,
    "sf_r": 2.1634361856937367,
    "sigma_h": 28.62131804815798,
    "sigma_h_lim_p": 35,
    "sigma_h_lim_r": 35,
    "sh_p": 1.2228647171702332,
    "sh_r": 1.2228647171702332,
    "r_eq": 15.390906449655096
  }
}