{
  "filename": "i36_6x6_m1.25-Z18-36-90_m1.5-Z18-36-90_b25x35",
  "variant": {
    "legacy_name": "N_R36_A",
    "description": "PA6 i=36 (6x6) компакт: m1=1.25 Z18-36-90 b1=25, m2=1.5 Z18-36-90 b2=35 x=+0.3/-0.3. Ø=144 Lax=90.",
    "i1": 6,
    "i2": 6,
    "n_sat_1": 3,
    "n_sat_2": 4,
    "m1": 1.25,
    "z_s1": 18,
    "z_p1": 36,
    "z_r1": 90,
    "b1": 25,
    "x_s1": 0.0,
    "x_p1": 0.0,
    "m2": 1.5,
    "z_s2": 18,
    "z_p2": 36,
    "z_r2": 90,
    "b2": 35,
    "x_s2": 0.3,
    "x_p2": -0.3,
    "mat_s1": "PA6_PRINT",
    "mat_p1": "PA6_PRINT",
    "mat_r1": "PA6_PRINT",
    "mat_s2": "PA6_PRINT",
    "mat_p2": "PA6_PRINT",
    "mat_r2": "PA6_PRINT"
  },
  "i_total": 36,
  "t_out": 96.22800000000001,
  "n_out": 4.166666666666667,
  "T_in_2": 17.819999999999997,
  "s1": {
    "name": "__s1_internal__",
    "SF": [
      3.2090845012026596,
      3.528356817809093
    ],
    "SH": [
      1.304624275127762,
      1.304624275127762
    ],
    "SigmaF": [
      9.97169129949911,
      9.069377518306146
    ],
    "SigmaH": 19.162605262386176,
    "SH_pess": 1.304624275127762,
    "mats": [
      "PA6_PRINT",
      "PA6_PRINT"
    ]
  },
  "s2": {
    "name": "__s2_internal__",
    "SF": [
      1.709302546242151,
      1.65313183150636
    ],
    "SH": [
      0.9116352494612776,
      0.9116352494612776
    ],
    "SigmaF": [
      18.721086018593383,
      19.357197889560382
    ],
    "SigmaH": 27.423248513891405,
    "SH_pess": 0.9116352494612776,
    "mats": [
      "PA6_PRINT",
      "PA6_PRINT"
    ]
  },
  "pr1": {
    "name": "__pr1_internal__",
    "force_n": 97.77777777777777,
    "d_planet": 45.0,
    "d_ring": 112.5,
    "sigma_p": 14.01272888888889,
    "sigma_r": 10.553781333333335,
    "sigma_lim_p": 16,
    "sigma_lim_r": 16,
    "sf_p": 2.28363798755671,
    "sf_r": 3.0320885935859194,
    "sigma_h": 10.949730269007436,
    "sigma_h_lim_p": 25,
    "sigma_h_lim_r": 25,
    "sh_p": 2.283161263867935,
    "sh_r": 2.283161263867935,
    "r_eq": 12.825755374712577
  },
  "pr2": {
    "name": "__pr2_internal__",
    "force_n": 329.99999999999994,
    "d_planet": 54.0,
    "d_ring": 135.0,
    "sigma_p": 29.621428571428574,
    "sigma_r": 21.201792857142856,
    "sigma_lim_p": 16,
    "sigma_lim_r": 16,
    "sf_p": 1.080299011333494,
    "sf_r": 1.509306322140547,
    "sigma_h": 15.519783865194668,
    "sigma_h_lim_p": 25,
    "sigma_h_lim_r": 25,
    "sh_p": 1.610847175266794,
    "sh_r": 1.610847175266794,
    "r_eq": 15.390906449655096
  }
}