{
  "filename": "i40_8x5_m1.25-Z18-54-126_m1.75-Z20-30-80_b28x75",
  "variant": {
    "legacy_name": "Z_PETG_40M",
    "description": "i=40 (8x5) мощная, PETG. m1=1.25 Z18-54-126 b1=28, m2=1.75 Z20-30-80 b2=75. Ø180/155, Lax133.",
    "i1": 8,
    "i2": 5,
    "n_sat_1": 3,
    "n_sat_2": 4,
    "m1": 1.25,
    "z_s1": 18,
    "z_p1": 54,
    "z_r1": 126,
    "b1": 28,
    "x_s1": 0.0,
    "x_p1": 0.0,
    "m2": 1.75,
    "z_s2": 20,
    "z_p2": 30,
    "z_r2": 80,
    "b2": 75,
    "x_s2": 0.0,
    "x_p2": 0.0,
    "mat_s1": "PETG",
    "mat_p1": "PETG",
    "mat_r1": "PETG",
    "mat_s2": "PETG",
    "mat_p2": "PETG",
    "mat_r2": "PETG"
  },
  "i_total": 40,
  "t_out": 119.88000000000001,
  "n_out": 3.75,
  "T_in_2": 26.64,
  "s1": {
    "name": "__s1_internal__",
    "SF": [
      2.440467913608431,
      2.736166716188201
    ],
    "SH": [
      1.0624038387140253,
      1.0624038387140253
    ],
    "SigmaF": [
      9.83417969405467,
      8.771395345907429
    ],
    "SigmaH": 20.707756503054103,
    "SH_pess": 1.0624038387140253,
    "mats": [
      "PETG",
      "PETG"
    ]
  },
  "s2": {
    "name": "__s2_internal__",
    "SF": [
      2.647685136534548,
      2.8044403829320386
    ],
    "SH": [
      1.0315422879760139,
      1.0315422879760139
    ],
    "SigmaF": [
      9.06452193609874,
      8.55785708480921
    ],
    "SigmaH": 21.327288523639815,
    "SH_pess": 1.0315422879760139,
    "mats": [
      "PETG",
      "PETG"
    ]
  },
  "pr1": {
    "name": "__pr1_internal__",
    "force_n": 109.62962962962963,
    "d_planet": 67.5,
    "d_ring": 157.5,
    "sigma_p": 13.095415873015874,
    "sigma_r": 10.352341587301586,
    "sigma_lim_p": 12,
    "sigma_lim_r": 12,
    "sf_p": 1.8327023924038848,
    "sf_r": 2.3183160831399667,
    "sigma_h": 10.080159198436778,
    "sigma_h_lim_p": 22,
    "sigma_h_lim_r": 22,
    "sh_p": 2.182505213152957,
    "sh_r": 2.182505213152957,
    "r_eq": 20.200564715172305
  },
  "pr2": {
    "name": "__pr2_internal__",
    "force_n": 380.57142857142856,
    "d_planet": 52.5,
    "d_ring": 140.0,
    "sigma_p": 13.513547755102042,
    "sigma_r": 9.852450612244896,
    "sigma_lim_p": 12,
    "sigma_lim_r": 12,
    "sf_p": 1.7759954998448721,
    "sf_r": 2.435942177692537,
    "sigma_h": 13.608214917889649,
    "sigma_h_lim_p": 22,
    "sigma_h_lim_r": 22,
    "sh_p": 1.6166705282614497,
    "sh_r": 1.6166705282614497,
    "r_eq": 14.364846019678087
  }
}