{
  "filename": "i40_8x5_m1.25-Z18-54-126_m1.75-Z20-30-80_b30x60",
  "variant": {
    "legacy_name": "Z_PETG_40M",
    "description": "i=40 (8x5) мощная, PETG. m1=1.25 Z18-54-126 b1=30, m2=1.75 Z20-30-80 b2=60. Ø180/150, Lax120.",
    "i1": 8,
    "i2": 5,
    "n_sat_1": 3,
    "n_sat_2": 4,
    "m1": 1.25,
    "z_s1": 18,
    "z_p1": 54,
    "z_r1": 126,
    "b1": 30,
    "x_s1": 0.0,
    "x_p1": 0.0,
    "m2": 1.75,
    "z_s2": 20,
    "z_p2": 30,
    "z_r2": 80,
    "b2": 60,
    "x_s2": 0.0,
    "x_p2": 0.0,
    "mat_s1": "PETG",
    "mat_p1": "PETG",
    "mat_r1": "PETG",
    "mat_s2": "PETG",
    "mat_p2": "PETG",
    "mat_r2": "PETG"
  },
  "i_total": 40,
  "t_out": 119.88000000000001,
  "n_out": 3.75,
  "T_in_2": 26.64,
  "s1": {
    "name": "__s1_internal__",
    "SF": [
      2.614787050294748,
      2.9316071959159298
    ],
    "SH": [
      1.0996924488144872,
      1.0996924488144872
    ],
    "SigmaF": [
      9.178567714451024,
      8.186635656180266
    ],
    "SigmaH": 20.005593403607424,
    "SH_pess": 1.0996924488144872,
    "mats": [
      "PETG",
      "PETG"
    ]
  },
  "s2": {
    "name": "__s2_internal__",
    "SF": [
      2.118148109227638,
      2.243552306345631
    ],
    "SH": [
      0.9226394710320126,
      0.9226394710320126
    ],
    "SigmaF": [
      11.330652420123428,
      10.697321356011512
    ],
    "SigmaH": 23.844633457304877,
    "SH_pess": 0.9226394710320126,
    "mats": [
      "PETG",
      "PETG"
    ]
  },
  "pr1": {
    "name": "__pr1_internal__",
    "force_n": 109.62962962962963,
    "d_planet": 67.5,
    "d_ring": 157.5,
    "sigma_p": 12.22238814814815,
    "sigma_r": 9.662185481481483,
    "sigma_lim_p": 12,
    "sigma_lim_r": 12,
    "sf_p": 1.9636097061470192,
    "sf_r": 2.483910089078535,
    "sigma_h": 9.738358973740954,
    "sigma_h_lim_p": 22,
    "sigma_h_lim_r": 22,
    "sh_p": 2.2591075210229987,
    "sh_r": 2.2591075210229987,
    "r_eq": 20.200564715172305
  },
  "pr2": {
    "name": "__pr2_internal__",
    "force_n": 380.57142857142856,
    "d_planet": 52.5,
    "d_ring": 140.0,
    "sigma_p": 16.891934693877552,
    "sigma_r": 12.315563265306118,
    "sigma_lim_p": 12,
    "sigma_lim_r": 12,
    "sf_p": 1.4207963998758977,
    "sf_r": 1.94875374215403,
    "sigma_h": 15.214446804413987,
    "sigma_h_lim_p": 22,
    "sigma_h_lim_r": 22,
    "sh_p": 1.4459940793652386,
    "sh_r": 1.4459940793652386,
    "r_eq": 14.364846019678087
  }
}