{
  "filename": "i40_8x5_m1.5-Z18-54-126_m2-Z20-40-100_b35x70",
  "variant": {
    "legacy_name": "Z_PETG_40W",
    "description": "Z_PETG_40M с увеличенной шириной: b1=35 b2=70. Ø180/200, Lax145.",
    "i1": 8,
    "i2": 5,
    "n_sat_1": 3,
    "n_sat_2": 4,
    "m1": 1.5,
    "z_s1": 18,
    "z_p1": 54,
    "z_r1": 126,
    "b1": 35,
    "x_s1": 0.0,
    "x_p1": 0.0,
    "m2": 2.0,
    "z_s2": 20,
    "z_p2": 40,
    "z_r2": 100,
    "b2": 70,
    "x_s2": 0.0,
    "x_p2": 0.0,
    "mat_s1": "PETG",
    "mat_p1": "PETG",
    "mat_r1": "PETG",
    "mat_s2": "PETG",
    "mat_p2": "PETG",
    "mat_r2": "PETG"
  },
  "i_total": 40,
  "t_out": 119.88000000000001,
  "n_out": 3.75,
  "T_in_2": 26.64,
  "s1": {
    "name": "__s1_internal__",
    "SF": [
      4.392842244495177,
      4.9251000891387555
    ],
    "SH": [
      1.4253643217527698,
      1.4253643217527698
    ],
    "SigmaF": [
      5.463433163363704,
      4.872997414393023
    ],
    "SigmaH": 15.43465040078077,
    "SH_pess": 1.4253643217527698,
    "mats": [
      "PETG",
      "PETG"
    ]
  },
  "s2": {
    "name": "__s2_internal__",
    "SF": [
      3.2667097931606355,
      3.5389162068840103
    ],
    "SH": [
      1.2081320687245525,
      1.2081320687245525
    ],
    "SigmaF": [
      7.346841782593523,
      6.781737288188528
    ],
    "SigmaH": 18.209929667065133,
    "SH_pess": 1.2081320687245525,
    "mats": [
      "PETG",
      "PETG"
    ]
  },
  "pr1": {
    "name": "__pr1_internal__",
    "force_n": 91.35802469135803,
    "d_planet": 81.0,
    "d_ring": 189.0,
    "sigma_p": 7.275231040564375,
    "sigma_r": 5.751300881834215,
    "sigma_lim_p": 12,
    "sigma_lim_r": 12,
    "sf_p": 3.2988643063269927,
    "sf_r": 4.17296894965194,
    "sigma_h": 7.513307063908143,
    "sigma_h_lim_p": 22,
    "sigma_h_lim_r": 22,
    "sh_p": 2.9281380107146076,
    "sh_r": 2.9281380107146076,
    "r_eq": 24.240677658206767
  },
  "pr2": {
    "name": "__pr2_internal__",
    "force_n": 333.0,
    "d_planet": 80.0,
    "d_ring": 200.0,
    "sigma_p": 10.435982142857144,
    "sigma_r": 7.96381392857143,
    "sigma_lim_p": 12,
    "sigma_lim_r": 12,
    "sf_p": 2.2997356330689662,
    "sf_r": 3.013631435297131,
    "sigma_h": 10.458203120715913,
    "sigma_h_lim_p": 22,
    "sigma_h_lim_r": 22,
    "sh_p": 2.10361184861879,
    "sh_r": 2.10361184861879,
    "r_eq": 22.801342888377917
  }
}