{
  "filename": "i40_8x5_m1.25-Z18-54-126_m1.75-Z20-30-80_b28x35",
  "variant": {
    "legacy_name": "N_R40_C",
    "description": "PA6 i=40 (8x5) m2=1.75: m1=1.25 Z18-54-126 b1=28, m2=1.75 Z20-30-80 b2=35. Ø=165 Lax=93.",
    "i1": 8,
    "i2": 5,
    "n_sat_1": 3,
    "n_sat_2": 4,
    "m1": 1.25,
    "z_s1": 18,
    "z_p1": 54,
    "z_r1": 126,
    "b1": 28,
    "x_s1": 0.0,
    "x_p1": 0.0,
    "m2": 1.75,
    "z_s2": 20,
    "z_p2": 30,
    "z_r2": 80,
    "b2": 35,
    "x_s2": 0.0,
    "x_p2": 0.0,
    "mat_s1": "PA6_PRINT",
    "mat_p1": "PA6_PRINT",
    "mat_r1": "PA6_PRINT",
    "mat_s2": "PA6_PRINT",
    "mat_p2": "PA6_PRINT",
    "mat_r2": "PA6_PRINT"
  },
  "i_total": 40,
  "t_out": 106.92,
  "n_out": 3.75,
  "T_in_2": 23.759999999999998,
  "s1": {
    "name": "__s1_internal__",
    "SF": [
      3.6483762748893738,
      4.090431050463172
    ],
    "SH": [
      1.4761150883945056,
      1.4761150883945056
    ],
    "SigmaF": [
      8.771025132535241,
      7.823136389593108
    ],
    "SigmaH": 16.936348795940575,
    "SH_pess": 1.4761150883945056,
    "mats": [
      "PA6_PRINT",
      "PA6_PRINT"
    ]
  },
  "s2": {
    "name": "__s2_internal__",
    "SF": [
      1.8471392602355499,
      1.9564984759041026
    ],
    "SH": [
      0.9790863937335235,
      0.9790863937335235
    ],
    "SigmaF": [
      17.32408632574856,
      16.355750026951963
    ],
    "SigmaH": 25.53400819376948,
    "SH_pess": 0.9790863937335235,
    "mats": [
      "PA6_PRINT",
      "PA6_PRINT"
    ]
  },
  "pr1": {
    "name": "__pr1_internal__",
    "force_n": 97.77777777777777,
    "d_planet": 67.5,
    "d_ring": 157.5,
    "sigma_p": 11.679695238095238,
    "sigma_r": 9.233169523809522,
    "sigma_lim_p": 16,
    "sigma_lim_r": 16,
    "sf_p": 2.739797515916919,
    "sf_r": 3.465765457623385,
    "sigma_h": 8.244306527274219,
    "sigma_h_lim_p": 25,
    "sigma_h_lim_r": 25,
    "sh_p": 3.032395740902376,
    "sh_r": 3.032395740902376,
    "r_eq": 20.200564715172305
  },
  "pr2": {
    "name": "__pr2_internal__",
    "force_n": 339.4285714285714,
    "d_planet": 52.5,
    "d_ring": 140.0,
    "sigma_p": 25.82705072886297,
    "sigma_r": 18.82997317784256,
    "sigma_lim_p": 16,
    "sigma_lim_r": 16,
    "sf_p": 1.2390110019119782,
    "sf_r": 1.6994182465248944,
    "sigma_h": 16.292379166288377,
    "sigma_h_lim_p": 25,
    "sigma_h_lim_r": 25,
    "sh_p": 1.534459746169493,
    "sh_r": 1.534459746169493,
    "r_eq": 14.364846019678087
  }
}