{
  "filename": "i40_8x5_m1.25-Z18-54-126_m1.75-Z20-30-80_b25x40",
  "variant": {
    "legacy_name": "D_R40_B",
    "description": "D16T+PETG i=40 (8x5) шире: m1=1.25 Z18-54-126 b1=25, m2=1.75 Z20-30-80 b2=40. Ø=165 Lax=95.",
    "i1": 8,
    "i2": 5,
    "n_sat_1": 3,
    "n_sat_2": 4,
    "m1": 1.25,
    "z_s1": 18,
    "z_p1": 54,
    "z_r1": 126,
    "b1": 25,
    "x_s1": 0.0,
    "x_p1": 0.0,
    "m2": 1.75,
    "z_s2": 20,
    "z_p2": 30,
    "z_r2": 80,
    "b2": 40,
    "x_s2": 0.0,
    "x_p2": 0.0,
    "mat_s1": "D16T",
    "mat_p1": "D16T",
    "mat_r1": "PETG",
    "mat_s2": "D16T",
    "mat_p2": "D16T",
    "mat_r2": "PETG"
  },
  "i_total": 40,
  "t_out": 106.92,
  "n_out": 3.75,
  "T_in_2": 23.759999999999998,
  "s1": {
    "name": "__s1_internal__",
    "SF": [
      26.467015387032287,
      29.673885968761844
    ],
    "SH": [
      1.4100128837656982,
      1.4100128837656982
    ],
    "SigmaF": [
      9.823548148439471,
      8.761912756344282
    ],
    "SigmaH": 120.5662742215403,
    "SH_pess": 1.4100128837656982,
    "mats": [
      "D16T",
      "D16T"
    ]
  },
  "s2": {
    "name": "__s2_internal__",
    "SF": [
      17.152007416472966,
      18.16748584768095
    ],
    "SH": [
      1.058105231340506,
      1.058105231340506
    ],
    "SigmaF": [
      15.15857553502999,
      14.311281273582969
    ],
    "SigmaH": 160.66454920048756,
    "SH_pess": 1.058105231340506,
    "mats": [
      "D16T",
      "D16T"
    ]
  },
  "pr1": {
    "name": "__pr1_internal__",
    "force_n": 97.77777777777777,
    "d_planet": 67.5,
    "d_ring": 157.5,
    "sigma_p": 13.08125866666667,
    "sigma_r": 10.341149866666665,
    "sigma_lim_p": 130,
    "sigma_lim_r": 12,
    "sf_p": 19.875763229308,
    "sf_r": 2.3208250832299453,
    "sigma_h": 14.042394454592065,
    "sigma_h_lim_p": 170,
    "sigma_h_lim_r": 22,
    "sh_p": 12.106197454409747,
    "sh_r": 1.566684376453026,
    "r_eq": 20.200564715172305
  },
  "pr2": {
    "name": "__pr2_internal__",
    "force_n": 339.4285714285714,
    "d_planet": 52.5,
    "d_ring": 140.0,
    "sigma_p": 22.598669387755102,
    "sigma_r": 16.476226530612237,
    "sigma_lim_p": 130,
    "sigma_lim_r": 12,
    "sf_p": 11.505102160611226,
    "sf_r": 1.4566442113070528,
    "sigma_h": 24.5282498590293,
    "sigma_h_lim_p": 170,
    "sigma_h_lim_r": 22,
    "sh_p": 6.9307839318759985,
    "sh_r": 0.8969249794192469,
    "r_eq": 14.364846019678087
  }
}