{
  "filename": "i40_8x5_m1.25-Z18-54-126_m1.75-Z20-30-80_b35x90",
  "variant": {
    "legacy_name": "Z_PETG_40W",
    "description": "Z_PETG_40M с очень большой шириной: b1=35 b2=90. Ø180/155, Lax155.",
    "i1": 8,
    "i2": 5,
    "n_sat_1": 3,
    "n_sat_2": 4,
    "m1": 1.25,
    "z_s1": 18,
    "z_p1": 54,
    "z_r1": 126,
    "b1": 35,
    "x_s1": 0.0,
    "x_p1": 0.0,
    "m2": 1.75,
    "z_s2": 20,
    "z_p2": 30,
    "z_r2": 80,
    "b2": 90,
    "x_s2": 0.0,
    "x_p2": 0.0,
    "mat_s1": "PETG",
    "mat_p1": "PETG",
    "mat_r1": "PETG",
    "mat_s2": "PETG",
    "mat_p2": "PETG",
    "mat_r2": "PETG"
  },
  "i_total": 40,
  "t_out": 119.88000000000001,
  "n_out": 3.75,
  "T_in_2": 26.64,
  "s1": {
    "name": "__s1_internal__",
    "SF": [
      3.050584892010539,
      3.4202083952352513
    ],
    "SH": [
      1.1878036014606417,
      1.1878036014606417
    ],
    "SigmaF": [
      7.867343755243736,
      7.017116276725943
    ],
    "SigmaH": 18.521580480936922,
    "SH_pess": 1.1878036014606417,
    "mats": [
      "PETG",
      "PETG"
    ]
  },
  "s2": {
    "name": "__s2_internal__",
    "SF": [
      3.177222163841457,
      3.3653284595184463
    ],
    "SH": [
      1.129997960289906,
      1.129997960289906
    ],
    "SigmaF": [
      7.553768280082286,
      7.131547570674342
    ],
    "SigmaH": 19.469061691364296,
    "SH_pess": 1.129997960289906,
    "mats": [
      "PETG",
      "PETG"
    ]
  },
  "pr1": {
    "name": "__pr1_internal__",
    "force_n": 109.62962962962963,
    "d_planet": 67.5,
    "d_ring": 157.5,
    "sigma_p": 10.4763326984127,
    "sigma_r": 8.28187326984127,
    "sigma_lim_p": 12,
    "sigma_lim_r": 12,
    "sf_p": 2.290877990504856,
    "sf_r": 2.897895103924958,
    "sigma_h": 9.015968476689771,
    "sigma_h_lim_p": 22,
    "sigma_h_lim_r": 22,
    "sh_p": 2.44011500892884,
    "sh_r": 2.44011500892884,
    "r_eq": 20.200564715172305
  },
  "pr2": {
    "name": "__pr2_internal__",
    "force_n": 380.57142857142856,
    "d_planet": 52.5,
    "d_ring": 140.0,
    "sigma_p": 11.261289795918367,
    "sigma_r": 8.21037551020408,
    "sigma_lim_p": 12,
    "sigma_lim_r": 12,
    "sf_p": 2.131194599813847,
    "sf_r": 2.923130613231044,
    "sigma_h": 12.422543796510789,
    "sigma_h_lim_p": 22,
    "sigma_h_lim_r": 22,
    "sh_p": 1.7709738327651783,
    "sh_r": 1.7709738327651783,
    "r_eq": 14.364846019678087
  }
}