{
  "filename": "i40_8x5_m1.25-Z18-54-126_m1.75-Z20-30-80_b22x35",
  "variant": {
    "legacy_name": "D_R40_A",
    "description": "D16T+PETG i=40 (8x5): m1=1.25 Z18-54-126 b1=22, m2=1.75 Z20-30-80 b2=35. Ø=165 Lax=87.",
    "i1": 8,
    "i2": 5,
    "n_sat_1": 3,
    "n_sat_2": 4,
    "m1": 1.25,
    "z_s1": 18,
    "z_p1": 54,
    "z_r1": 126,
    "b1": 22,
    "x_s1": 0.0,
    "x_p1": 0.0,
    "m2": 1.75,
    "z_s2": 20,
    "z_p2": 30,
    "z_r2": 80,
    "b2": 35,
    "x_s2": 0.0,
    "x_p2": 0.0,
    "mat_s1": "D16T",
    "mat_p1": "D16T",
    "mat_r1": "PETG",
    "mat_s2": "D16T",
    "mat_p2": "D16T",
    "mat_r2": "PETG"
  },
  "i_total": 40,
  "t_out": 106.92,
  "n_out": 3.75,
  "T_in_2": 23.759999999999998,
  "s1": {
    "name": "__s1_internal__",
    "SF": [
      23.29097354058841,
      26.11301965251042
    ],
    "SH": [
      1.3227093303137425,
      1.3227093303137425
    ],
    "SigmaF": [
      11.163122895953945,
      9.956719041300321
    ],
    "SigmaH": 128.5240801617968,
    "SH_pess": 1.3227093303137425,
    "mats": [
      "D16T",
      "D16T"
    ]
  },
  "s2": {
    "name": "__s2_internal__",
    "SF": [
      15.008006489413843,
      15.896550116720833
    ],
    "SH": [
      0.9897668137073388,
      0.9897668137073388
    ],
    "SigmaF": [
      17.32408632574856,
      16.355750026951963
    ],
    "SigmaH": 171.75762780248843,
    "SH_pess": 0.9897668137073388,
    "mats": [
      "D16T",
      "D16T"
    ]
  },
  "pr1": {
    "name": "__pr1_internal__",
    "force_n": 97.77777777777777,
    "d_planet": 67.5,
    "d_ring": 157.5,
    "sigma_p": 14.86506666666667,
    "sigma_r": 11.751306666666666,
    "sigma_lim_p": 130,
    "sigma_lim_r": 12,
    "sf_p": 17.49067164179104,
    "sf_r": 2.0423260732423514,
    "sigma_h": 14.9692427853354,
    "sigma_h_lim_p": 170,
    "sigma_h_lim_r": 22,
    "sh_p": 11.356619866339551,
    "sh_r": 1.469680217996883,
    "r_eq": 20.200564715172305
  },
  "pr2": {
    "name": "__pr2_internal__",
    "force_n": 339.4285714285714,
    "d_planet": 52.5,
    "d_ring": 140.0,
    "sigma_p": 25.82705072886297,
    "sigma_r": 18.82997317784256,
    "sigma_lim_p": 130,
    "sigma_lim_r": 12,
    "sf_p": 10.066964390534825,
    "sf_r": 1.2745636848936708,
    "sigma_h": 26.221802077049677,
    "sigma_h_lim_p": 170,
    "sigma_h_lim_r": 22,
    "sh_p": 6.483154723709493,
    "sh_r": 0.8389964936565226,
    "r_eq": 14.364846019678087
  }
}