{
  "filename": "i40_8x5_m1.5-Z18-54-126_m2-Z20-40-100_b28x60",
  "variant": {
    "legacy_name": "Z_PETG_40M",
    "description": "i=40 (8x5) мощная, PETG. m1=1.5 Z18-54-126 b1=28, m2=2.0 Z20-40-100 b2=60. Ø180/200, Lax128.",
    "i1": 8,
    "i2": 5,
    "n_sat_1": 3,
    "n_sat_2": 4,
    "m1": 1.5,
    "z_s1": 18,
    "z_p1": 54,
    "z_r1": 126,
    "b1": 28,
    "x_s1": 0.0,
    "x_p1": 0.0,
    "m2": 2.0,
    "z_s2": 20,
    "z_p2": 40,
    "z_r2": 100,
    "b2": 60,
    "x_s2": 0.0,
    "x_p2": 0.0,
    "mat_s1": "PETG",
    "mat_p1": "PETG",
    "mat_r1": "PETG",
    "mat_s2": "PETG",
    "mat_p2": "PETG",
    "mat_r2": "PETG"
  },
  "i_total": 40,
  "t_out": 119.88000000000001,
  "n_out": 3.75,
  "T_in_2": 26.64,
  "s1": {
    "name": "__s1_internal__",
    "SF": [
      3.5142737955961425,
      3.9400800713110042
    ],
    "SH": [
      1.2748846064568302,
      1.2748846064568302
    ],
    "SigmaF": [
      6.829291454204629,
      6.0912467679912785
    ],
    "SigmaH": 17.256463752545088,
    "SH_pess": 1.2748846064568302,
    "mats": [
      "PETG",
      "PETG"
    ]
  },
  "s2": {
    "name": "__s2_internal__",
    "SF": [
      2.8000369655662594,
      3.033356748757723
    ],
    "SH": [
      1.1185129524049844,
      1.1185129524049844
    ],
    "SigmaF": [
      8.571315413025776,
      7.91202683621995
    ],
    "SigmaH": 19.668972051415615,
    "SH_pess": 1.1185129524049844,
    "mats": [
      "PETG",
      "PETG"
    ]
  },
  "pr1": {
    "name": "__pr1_internal__",
    "force_n": 91.35802469135803,
    "d_planet": 81.0,
    "d_ring": 189.0,
    "sigma_p": 9.09403880070547,
    "sigma_r": 7.189126102292769,
    "sigma_lim_p": 12,
    "sigma_lim_r": 12,
    "sf_p": 2.639091445061594,
    "sf_r": 3.338375159721552,
    "sigma_h": 8.400132665363982,
    "sigma_h_lim_p": 22,
    "sigma_h_lim_r": 22,
    "sh_p": 2.6190062557835483,
    "sh_r": 2.6190062557835483,
    "r_eq": 24.240677658206767
  },
  "pr2": {
    "name": "__pr2_internal__",
    "force_n": 333.0,
    "d_planet": 80.0,
    "d_ring": 200.0,
    "sigma_p": 12.1753125,
    "sigma_r": 9.291116250000002,
    "sigma_lim_p": 12,
    "sigma_lim_r": 12,
    "sf_p": 1.971201971201971,
    "sf_r": 2.583112658826112,
    "sigma_h": 11.296150432773286,
    "sigma_h_lim_p": 22,
    "sigma_h_lim_r": 22,
    "sh_p": 1.9475661315709694,
    "sh_r": 1.9475661315709694,
    "r_eq": 22.801342888377917
  }
}