{
  "filename": "i40_8x5_m1.25-Z18-54-126_m2-Z20-40-100",
  "variant": {
    "legacy_name": "N6_40_ROBUST",
    "description": "PA6_PRINT i=40 (8x5) прочная. m1=1.25 Z18-54-126 b1=28, m2=2.0 Z20-40-100 b2=65. Ø200, Lax133.",
    "i1": 8,
    "i2": 5,
    "n_sat_1": 3,
    "n_sat_2": 4,
    "m1": 1.25,
    "z_s1": 18,
    "z_p1": 54,
    "z_r1": 126,
    "b1": 28,
    "x_s1": 0.0,
    "x_p1": 0.0,
    "m2": 2.0,
    "z_s2": 20,
    "z_p2": 40,
    "z_r2": 100,
    "b2": 65,
    "x_s2": 0.0,
    "x_p2": 0.0,
    "mat_s1": "PA6_PRINT",
    "mat_p1": "PA6_PRINT",
    "mat_r1": "PA6_PRINT",
    "mat_s2": "PA6_PRINT",
    "mat_p2": "PA6_PRINT",
    "mat_r2": "PA6_PRINT"
  },
  "i_total": 40,
  "t_out": 119.88000000000001,
  "n_out": 3.75,
  "T_in_2": 26.64,
  "s1": {
    "name": "__s1_internal__",
    "SF": [
      3.2539572181445746,
      3.6482222882509348
    ],
    "SH": [
      1.39404350515826,
      1.39404350515826
    ],
    "SigmaF": [
      9.83417969405467,
      8.771395345907429
    ],
    "SigmaH": 17.93344318702726,
    "SH_pess": 1.39404350515826,
    "mats": [
      "PA6_PRINT",
      "PA6_PRINT"
    ]
  },
  "s2": {
    "name": "__s2_internal__",
    "SF": [
      4.044497839151262,
      4.381515303761154
    ],
    "SH": [
      1.5275968947601453,
      1.5275968947601453
    ],
    "SigmaF": [
      7.911983458177641,
      7.303409387279955
    ],
    "SigmaH": 16.365573984703182,
    "SH_pess": 1.5275968947601453,
    "mats": [
      "PA6_PRINT",
      "PA6_PRINT"
    ]
  },
  "pr1": {
    "name": "__pr1_internal__",
    "force_n": 109.62962962962963,
    "d_planet": 67.5,
    "d_ring": 157.5,
    "sigma_p": 13.095415873015874,
    "sigma_r": 10.352341587301586,
    "sigma_lim_p": 16,
    "sigma_lim_r": 16,
    "sf_p": 2.443603189871846,
    "sf_r": 3.0910881108532893,
    "sigma_h": 8.729673940037635,
    "sigma_h_lim_p": 25,
    "sigma_h_lim_r": 25,
    "sh_p": 2.863795391640048,
    "sh_r": 2.863795391640048,
    "r_eq": 20.200564715172305
  },
  "pr2": {
    "name": "__pr2_internal__",
    "force_n": 333.0,
    "d_planet": 80.0,
    "d_ring": 200.0,
    "sigma_p": 11.23875,
    "sigma_r": 8.576414999999999,
    "sigma_lim_p": 16,
    "sigma_lim_r": 16,
    "sf_p": 2.847291736180625,
    "sf_r": 3.7311627294154963,
    "sigma_h": 9.398965292473571,
    "sigma_h_lim_p": 25,
    "sigma_h_lim_r": 25,
    "sh_p": 2.659867253687946,
    "sh_r": 2.659867253687946,
    "r_eq": 22.801342888377917
  }
}