{
  "filename": "i40_8x5_m1.25-Z18-54-126_m1.5-Z20-30-80",
  "variant": {
    "legacy_name": "HI_i40_8x5_B",
    "description": "i=40 (8×5) с увеличенной ст.2. b1=28 b2=50. T_out~120Nm, Lax~108.",
    "i1": 8,
    "i2": 5,
    "n_sat_1": 3,
    "n_sat_2": 4,
    "m1": 1.25,
    "z_s1": 18,
    "z_p1": 54,
    "z_r1": 126,
    "b1": 28,
    "x_s1": 0.0,
    "x_p1": 0.0,
    "m2": 1.5,
    "z_s2": 20,
    "z_p2": 30,
    "z_r2": 80,
    "b2": 50,
    "x_s2": 0.0,
    "x_p2": 0.0,
    "mat_s1": "PA6_CF",
    "mat_p1": "PA6_CF",
    "mat_r1": "PA6_CF",
    "mat_s2": "PA6_CF",
    "mat_p2": "PA6_CF",
    "mat_r2": "PA6_CF"
  },
  "i_total": 40,
  "t_out": 119.88000000000001,
  "n_out": 3.75,
  "T_in_2": 26.64,
  "s1": {
    "name": "__s1_internal__",
    "SF": [
      3.6607018704126464,
      4.104250074282302
    ],
    "SH": [
      0.9375475737808514,
      0.9375475737808514
    ],
    "SigmaF": [
      9.83417969405467,
      8.771395345907429
    ],
    "SigmaH": 37.331438935792214,
    "SH_pess": 0.9375475737808514,
    "mats": [
      "PA6_CF",
      "PA6_CF"
    ]
  },
  "s2": {
    "name": "__s2_internal__",
    "SF": [
      1.945238059494766,
      2.0604051792970113
    ],
    "SH": [
      0.6370863504132062,
      0.6370863504132062
    ],
    "SigmaF": [
      18.506732286201633,
      17.472291548152107
    ],
    "SigmaH": 54.937607715656505,
    "SH_pess": 0.6370863504132062,
    "mats": [
      "PA6_CF",
      "PA6_CF"
    ]
  },
  "pr1": {
    "name": "__pr1_internal__",
    "force_n": 109.62962962962963,
    "d_planet": 67.5,
    "d_ring": 157.5,
    "sigma_p": 13.095415873015874,
    "sigma_r": 10.352341587301586,
    "sigma_lim_p": 18,
    "sigma_lim_r": 18,
    "sf_p": 2.749053588605827,
    "sf_r": 3.4774741247099503,
    "sigma_h": 18.172265427401896,
    "sigma_h_lim_p": 35,
    "sigma_h_lim_r": 35,
    "sh_p": 1.9260119295431168,
    "sh_r": 1.9260119295431168,
    "r_eq": 20.200564715172305
  },
  "pr2": {
    "name": "__pr2_internal__",
    "force_n": 444.0,
    "d_planet": 45.0,
    "d_ring": 120.0,
    "sigma_p": 27.590160000000004,
    "sigma_r": 20.115419999999997,
    "sigma_lim_p": 18,
    "sigma_lim_r": 18,
    "sf_p": 1.3048130202941917,
    "sf_r": 1.7896718040190065,
    "sigma_h": 35.05381249194902,
    "sigma_h_lim_p": 35,
    "sigma_h_lim_r": 35,
    "sh_p": 0.998464860506646,
    "sh_r": 0.998464860506646,
    "r_eq": 12.312725159724073
  }
}