{
  "filename": "i40_8x5_m1.25-Z18-54-126_m1.75-Z20-30-80_b30x40",
  "variant": {
    "legacy_name": "N_R40_D",
    "description": "PA6 i=40 (8x5) m2=1.75 шире: m1=1.25 Z18-54-126 b1=30, m2=1.75 Z20-30-80 b2=40. Ø=165 Lax=100.",
    "i1": 8,
    "i2": 5,
    "n_sat_1": 3,
    "n_sat_2": 4,
    "m1": 1.25,
    "z_s1": 18,
    "z_p1": 54,
    "z_r1": 126,
    "b1": 30,
    "x_s1": 0.0,
    "x_p1": 0.0,
    "m2": 1.75,
    "z_s2": 20,
    "z_p2": 30,
    "z_r2": 80,
    "b2": 40,
    "x_s2": 0.0,
    "x_p2": 0.0,
    "mat_s1": "PA6_PRINT",
    "mat_p1": "PA6_PRINT",
    "mat_r1": "PA6_PRINT",
    "mat_s2": "PA6_PRINT",
    "mat_p2": "PA6_PRINT",
    "mat_r2": "PA6_PRINT"
  },
  "i_total": 40,
  "t_out": 106.92,
  "n_out": 3.75,
  "T_in_2": 23.759999999999998,
  "s1": {
    "name": "__s1_internal__",
    "SF": [
      3.9089745802386147,
      4.382604696924826
    ],
    "SH": [
      1.527924276189965,
      1.527924276189965
    ],
    "SigmaF": [
      8.186290123699559,
      7.301593963620236
    ],
    "SigmaH": 16.362067407123114,
    "SH_pess": 1.527924276189965,
    "mats": [
      "PA6_PRINT",
      "PA6_PRINT"
    ]
  },
  "s2": {
    "name": "__s2_internal__",
    "SF": [
      2.111016297412057,
      2.235998258176117
    ],
    "SH": [
      1.0466873821151135,
      1.0466873821151135
    ],
    "SigmaF": [
      15.15857553502999,
      14.311281273582969
    ],
    "SigmaH": 23.884877593040983,
    "SH_pess": 1.0466873821151135,
    "mats": [
      "PA6_PRINT",
      "PA6_PRINT"
    ]
  },
  "pr1": {
    "name": "__pr1_internal__",
    "force_n": 97.77777777777777,
    "d_planet": 67.5,
    "d_ring": 157.5,
    "sigma_p": 10.901048888888889,
    "sigma_r": 8.617624888888887,
    "sigma_lim_p": 16,
    "sigma_lim_r": 16,
    "sf_p": 2.935497338482413,
    "sf_r": 3.7133201331679127,
    "sigma_h": 7.964756793186627,
    "sigma_h_lim_p": 25,
    "sigma_h_lim_r": 25,
    "sh_p": 3.1388277946397567,
    "sh_r": 3.1388277946397567,
    "r_eq": 20.200564715172305
  },
  "pr2": {
    "name": "__pr2_internal__",
    "force_n": 339.4285714285714,
    "d_planet": 52.5,
    "d_ring": 140.0,
    "sigma_p": 22.598669387755102,
    "sigma_r": 16.476226530612237,
    "sigma_lim_p": 16,
    "sigma_lim_r": 16,
    "sf_p": 1.4160125736136895,
    "sf_r": 1.942192281742737,
    "sigma_h": 15.240125213916194,
    "sigma_h_lim_p": 25,
    "sigma_h_lim_r": 25,
    "sh_p": 1.6404064697035288,
    "sh_r": 1.6404064697035288,
    "r_eq": 14.364846019678087
  }
}