{
  "filename": "i42_7x6_m1.5-Z18-45-108_m2-Z20-40-100",
  "variant": {
    "legacy_name": "Z_PETG_42",
    "description": "i=42 (7x6) альтернативная разбивка, PETG. m1=1.5 Z18-45-108 b1=28, m2=2.0 Z20-40-100 b2=65. Ø180/200, Lax133.",
    "i1": 7,
    "i2": 6,
    "n_sat_1": 3,
    "n_sat_2": 4,
    "m1": 1.5,
    "z_s1": 18,
    "z_p1": 45,
    "z_r1": 108,
    "b1": 28,
    "x_s1": 0.0,
    "x_p1": 0.0,
    "m2": 2.0,
    "z_s2": 20,
    "z_p2": 40,
    "z_r2": 100,
    "b2": 65,
    "x_s2": 0.0,
    "x_p2": 0.0,
    "mat_s1": "PETG",
    "mat_p1": "PETG",
    "mat_r1": "PETG",
    "mat_s2": "PETG",
    "mat_p2": "PETG",
    "mat_r2": "PETG"
  },
  "i_total": 42,
  "t_out": 125.87400000000001,
  "n_out": 3.5714285714285716,
  "T_in_2": 23.310000000000002,
  "s1": {
    "name": "__s1_internal__",
    "SF": [
      3.492261893113949,
      3.889706245431914
    ],
    "SH": [
      1.239961936295771,
      1.239961936295771
    ],
    "SigmaF": [
      6.872336821967236,
      6.170131749199748
    ],
    "SigmaH": 17.742480116544712,
    "SH_pess": 1.239961936295771,
    "mats": [
      "PETG",
      "PETG"
    ]
  },
  "s2": {
    "name": "__s2_internal__",
    "SF": [
      3.466712433558225,
      3.7555845460809896
    ],
    "SH": [
      1.2445663203767878,
      1.2445663203767878
    ],
    "SigmaF": [
      6.922985525905435,
      6.3904832138699605
    ],
    "SigmaH": 17.67684022924514,
    "SH_pess": 1.2445663203767878,
    "mats": [
      "PETG",
      "PETG"
    ]
  },
  "pr1": {
    "name": "__pr1_internal__",
    "force_n": 91.35802469135803,
    "d_planet": 67.5,
    "d_ring": 162.0,
    "sigma_p": 9.352777777777778,
    "sigma_r": 7.254022927689594,
    "sigma_lim_p": 12,
    "sigma_lim_r": 12,
    "sf_p": 2.566082566082566,
    "sf_r": 3.308508980360226,
    "sigma_h": 9.297243154545914,
    "sigma_h_lim_p": 22,
    "sigma_h_lim_r": 22,
    "sh_p": 2.366292849858728,
    "sh_r": 2.366292849858728,
    "r_eq": 19.78830829241369
  },
  "pr2": {
    "name": "__pr2_internal__",
    "force_n": 291.37500000000006,
    "d_planet": 80.0,
    "d_ring": 200.0,
    "sigma_p": 9.833906250000002,
    "sigma_r": 7.504363125000001,
    "sigma_lim_p": 12,
    "sigma_lim_r": 12,
    "sf_p": 2.4405357738691067,
    "sf_r": 3.198139482356139,
    "sigma_h": 10.152042815642735,
    "sigma_h_lim_p": 22,
    "sigma_h_lim_r": 22,
    "sh_p": 2.1670515382481828,
    "sh_r": 2.1670515382481828,
    "r_eq": 22.801342888377917
  }
}