{
  "filename": "i42_7x6_m1.25-Z18-45-108_m1.25-Z24-48-120_b28x35_x+03-03+03-03",
  "variant": {
    "legacy_name": "N_R42_X35",
    "description": "PA6 i=42 (7x6) смещение профиля x+0.3: m1=1.25 Z18-45-108 b1=28, m2=1.25 Z24-48-120 b2=35.",
    "i1": 7,
    "i2": 6,
    "n_sat_1": 3,
    "n_sat_2": 4,
    "m1": 1.25,
    "z_s1": 18,
    "z_p1": 45,
    "z_r1": 108,
    "b1": 28,
    "x_s1": 0.3,
    "x_p1": -0.3,
    "m2": 1.25,
    "z_s2": 24,
    "z_p2": 48,
    "z_r2": 120,
    "b2": 35,
    "x_s2": 0.3,
    "x_p2": -0.3,
    "mat_s1": "PA6_PRINT",
    "mat_p1": "PA6_PRINT",
    "mat_r1": "PA6_PRINT",
    "mat_s2": "PA6_PRINT",
    "mat_p2": "PA6_PRINT",
    "mat_r2": "PA6_PRINT"
  },
  "i_total": 42,
  "t_out": 112.266,
  "n_out": 3.5714285714285716,
  "T_in_2": 20.79,
  "s1": {
    "name": "__s1_internal__",
    "SF": [
      3.866077804952873,
      3.8515268449635043
    ],
    "SH": [
      1.4190964295949748,
      1.4190964295949748
    ],
    "SigmaF": [
      8.277122607052673,
      8.308393343238718
    ],
    "SigmaH": 17.616843703239578,
    "SH_pess": 1.4190964295949748,
    "mats": [
      "PA6_PRINT",
      "PA6_PRINT"
    ]
  },
  "s2": {
    "name": "__s2_internal__",
    "SF": [
      1.41986320637397,
      1.3975171438509626
    ],
    "SH": [
      0.9506833161572739,
      0.9506833161572739
    ],
    "SigmaF": [
      22.537382373419778,
      22.8977513018707
    ],
    "SigmaH": 26.29687465333008,
    "SH_pess": 0.9506833161572739,
    "mats": [
      "PA6_PRINT",
      "PA6_PRINT"
    ]
  },
  "pr1": {
    "name": "__pr1_internal__",
    "force_n": 97.77777777777777,
    "d_planet": 56.25,
    "d_ring": 135.0,
    "sigma_p": 12.665714285714285,
    "sigma_r": 9.316518095238095,
    "sigma_lim_p": 16,
    "sigma_lim_r": 16,
    "sf_p": 2.526505752312204,
    "sf_r": 3.4347596036287418,
    "sigma_h": 9.124775224172863,
    "sigma_h_lim_p": 25,
    "sigma_h_lim_r": 25,
    "sh_p": 2.739793516641522,
    "sh_r": 2.739793516641522,
    "r_eq": 16.49025691034474
  },
  "pr2": {
    "name": "__pr2_internal__",
    "force_n": 346.5,
    "d_planet": 60.0,
    "d_ring": 150.0,
    "sigma_p": 35.490311999999996,
    "sigma_r": 26.2548,
    "sigma_lim_p": 16,
    "sigma_lim_r": 16,
    "sf_p": 0.9016545134908931,
    "sf_r": 1.2188247482365129,
    "sigma_h": 15.086954238849115,
    "sigma_h_lim_p": 25,
    "sigma_h_lim_r": 25,
    "sh_p": 1.6570607694709285,
    "sh_r": 1.6570607694709285,
    "r_eq": 17.101007166283434
  }
}