{
  "filename": "i42_7x6_m1.25-Z18-45-108_m2-Z20-40-100",
  "variant": {
    "legacy_name": "N6_42_ROBUST",
    "description": "PA6_PRINT i=42 (7x6) прочная. m1=1.25 Z18-45-108 b1=28, m2=2.0 Z20-40-100 b2=65. Ø200, Lax133.",
    "i1": 7,
    "i2": 6,
    "n_sat_1": 3,
    "n_sat_2": 4,
    "m1": 1.25,
    "z_s1": 18,
    "z_p1": 45,
    "z_r1": 108,
    "b1": 28,
    "x_s1": 0.0,
    "x_p1": 0.0,
    "m2": 2.0,
    "z_s2": 20,
    "z_p2": 40,
    "z_r2": 100,
    "b2": 65,
    "x_s2": 0.0,
    "x_p2": 0.0,
    "mat_s1": "PA6_PRINT",
    "mat_p1": "PA6_PRINT",
    "mat_r1": "PA6_PRINT",
    "mat_s2": "PA6_PRINT",
    "mat_p2": "PA6_PRINT",
    "mat_r2": "PA6_PRINT"
  },
  "i_total": 42,
  "t_out": 125.87400000000001,
  "n_out": 3.5714285714285716,
  "T_in_2": 23.310000000000002,
  "s1": {
    "name": "__s1_internal__",
    "SF": [
      3.2335758269573582,
      3.6015798568814015
    ],
    "SH": [
      1.3558567380781308,
      1.3558567380781308
    ],
    "SigmaF": [
      9.896165023632825,
      8.884989718847638
    ],
    "SigmaH": 18.43852620848161,
    "SH_pess": 1.3558567380781306,
    "mats": [
      "PA6_PRINT",
      "PA6_PRINT"
    ]
  },
  "s2": {
    "name": "__s2_internal__",
    "SF": [
      4.6222832447443,
      5.007446061441319
    ],
    "SH": [
      1.6330697729406378,
      1.6330697729406378
    ],
    "SigmaF": [
      6.922985525905435,
      6.3904832138699605
    ],
    "SigmaH": 15.308592697165029,
    "SH_pess": 1.6330697729406378,
    "mats": [
      "PA6_PRINT",
      "PA6_PRINT"
    ]
  },
  "pr1": {
    "name": "__pr1_internal__",
    "force_n": 109.62962962962963,
    "d_planet": 56.25,
    "d_ring": 135.0,
    "sigma_p": 13.468,
    "sigma_r": 10.445793015873015,
    "sigma_lim_p": 16,
    "sigma_lim_r": 16,
    "sf_p": 2.376002376002376,
    "sf_r": 3.0634342410742836,
    "sigma_h": 9.66197850839728,
    "sigma_h_lim_p": 25,
    "sigma_h_lim_r": 25,
    "sh_p": 2.587461768650423,
    "sh_r": 2.587461768650423,
    "r_eq": 16.49025691034474
  },
  "pr2": {
    "name": "__pr2_internal__",
    "force_n": 291.37500000000006,
    "d_planet": 80.0,
    "d_ring": 200.0,
    "sigma_p": 9.833906250000002,
    "sigma_r": 7.504363125000001,
    "sigma_lim_p": 16,
    "sigma_lim_r": 16,
    "sf_p": 3.2540476984921423,
    "sf_r": 4.2641859764748515,
    "sigma_h": 8.79192697865391,
    "sigma_h_lim_p": 25,
    "sigma_h_lim_r": 25,
    "sh_p": 2.8435177021713196,
    "sh_r": 2.8435177021713196,
    "r_eq": 22.801342888377917
  }
}