{
  "filename": "i42_7x6_m1.25-Z18-45-108_m1.5-Z24-48-120_b30x40",
  "variant": {
    "legacy_name": "N_R42_B40",
    "description": "PA6 i=42 (7x6) m2=1.5 шире: m1=1.25 Z18-45-108 b1=30, m2=1.5 Z24-48-120 b2=40. Ø=189 Lax=100.",
    "i1": 7,
    "i2": 6,
    "n_sat_1": 3,
    "n_sat_2": 4,
    "m1": 1.25,
    "z_s1": 18,
    "z_p1": 45,
    "z_r1": 108,
    "b1": 30,
    "x_s1": 0.0,
    "x_p1": 0.0,
    "m2": 1.5,
    "z_s2": 24,
    "z_p2": 48,
    "z_r2": 120,
    "b2": 40,
    "x_s2": 0.0,
    "x_p2": 0.0,
    "mat_s1": "PA6_PRINT",
    "mat_p1": "PA6_PRINT",
    "mat_r1": "PA6_PRINT",
    "mat_s2": "PA6_PRINT",
    "mat_p2": "PA6_PRINT",
    "mat_r2": "PA6_PRINT"
  },
  "i_total": 42,
  "t_out": 112.266,
  "n_out": 3.5714285714285716,
  "T_in_2": 20.79,
  "s1": {
    "name": "__s1_internal__",
    "SF": [
      3.884490441474751,
      4.326573204695192
    ],
    "SH": [
      1.4860701387580653,
      1.4860701387580653
    ],
    "SigmaF": [
      8.237888722375429,
      7.396153603797489
    ],
    "SigmaH": 16.822893716774995,
    "SH_pess": 1.4860701387580653,
    "mats": [
      "PA6_PRINT",
      "PA6_PRINT"
    ]
  },
  "s2": {
    "name": "__s2_internal__",
    "SF": [
      2.253581583895441,
      2.3891557073410095
    ],
    "SH": [
      1.2311867740160198,
      1.2311867740160198
    ],
    "SigmaF": [
      14.199619054698797,
      13.39385285842844
    ],
    "SigmaH": 20.305611242437458,
    "SH_pess": 1.2311867740160198,
    "mats": [
      "PA6_PRINT",
      "PA6_PRINT"
    ]
  },
  "pr1": {
    "name": "__pr1_internal__",
    "force_n": 97.77777777777777,
    "d_planet": 56.25,
    "d_ring": 135.0,
    "sigma_p": 11.2112,
    "sigma_r": 8.69541688888889,
    "sigma_lim_p": 16,
    "sigma_lim_r": 16,
    "sf_p": 2.8542885685742827,
    "sf_r": 3.680099575316509,
    "sigma_h": 8.815370366518945,
    "sigma_h_lim_p": 25,
    "sigma_h_lim_r": 25,
    "sh_p": 2.835955718315681,
    "sh_r": 2.835955718315681,
    "r_eq": 16.49025691034474
  },
  "pr2": {
    "name": "__pr2_internal__",
    "force_n": 288.75,
    "d_planet": 72.0,
    "d_ring": 180.0,
    "sigma_p": 20.43916875,
    "sigma_r": 15.9534375,
    "sigma_lim_p": 16,
    "sigma_lim_r": 16,
    "sf_p": 1.565621400332144,
    "sf_r": 2.005837299954947,
    "sigma_h": 11.760461202439627,
    "sigma_h_lim_p": 25,
    "sigma_h_lim_r": 25,
    "sh_p": 2.1257669720311583,
    "sh_r": 2.1257669720311583,
    "r_eq": 20.521208599540127
  }
}