{
  "filename": "i42_7x6_m1.25-Z18-45-108_m1.5-Z18-36-90",
  "variant": {
    "legacy_name": "N6_42_ULTRA",
    "description": "PA6_PRINT i=42 (7x6). m1=1.25 Z18-45-108, m2=1.5 Z18-36-90. Очень большой момент. Ø180, Lax95.",
    "i1": 7,
    "i2": 6,
    "n_sat_1": 3,
    "n_sat_2": 4,
    "m1": 1.25,
    "z_s1": 18,
    "z_p1": 45,
    "z_r1": 108,
    "b1": 25,
    "x_s1": 0.0,
    "x_p1": 0.0,
    "m2": 1.5,
    "z_s2": 18,
    "z_p2": 36,
    "z_r2": 90,
    "b2": 40,
    "x_s2": 0.0,
    "x_p2": 0.0,
    "mat_s1": "PA6_PRINT",
    "mat_p1": "PA6_PRINT",
    "mat_r1": "PA6_PRINT",
    "mat_s2": "PA6_PRINT",
    "mat_p2": "PA6_PRINT",
    "mat_r2": "PA6_PRINT"
  },
  "i_total": 42,
  "t_out": 125.87400000000001,
  "n_out": 3.5714285714285716,
  "T_in_2": 23.310000000000002,
  "s1": {
    "name": "__s1_internal__",
    "SF": [
      2.8871212740690706,
      3.215696300786966
    ],
    "SH": [
      1.2811641937092768,
      1.2811641937092768
    ],
    "SigmaF": [
      11.083704826468763,
      9.951188485109354
    ],
    "SigmaH": 19.513501956075608,
    "SH_pess": 1.2811641937092768,
    "mats": [
      "PA6_PRINT",
      "PA6_PRINT"
    ]
  },
  "s2": {
    "name": "__s2_internal__",
    "SF": [
      1.3956420008319208,
      1.534494640764541
    ],
    "SH": [
      0.8603633343915331,
      0.8603633343915331
    ],
    "SigmaF": [
      22.928516038443448,
      20.853771104769997
    ],
    "SigmaH": 29.0574911792127,
    "SH_pess": 0.8603633343915331,
    "mats": [
      "PA6_PRINT",
      "PA6_PRINT"
    ]
  },
  "pr1": {
    "name": "__pr1_internal__",
    "force_n": 109.62962962962963,
    "d_planet": 56.25,
    "d_ring": 135.0,
    "sigma_p": 15.084160000000002,
    "sigma_r": 11.69928817777778,
    "sigma_lim_p": 16,
    "sigma_lim_r": 16,
    "sf_p": 2.121430692859264,
    "sf_r": 2.735209143816324,
    "sigma_h": 10.225276922428,
    "sigma_h_lim_p": 25,
    "sigma_h_lim_r": 25,
    "sh_p": 2.4449215595487,
    "sh_r": 2.4449215595487,
    "r_eq": 16.49025691034474
  },
  "pr2": {
    "name": "__pr2_internal__",
    "force_n": 431.66666666666674,
    "d_planet": 54.0,
    "d_ring": 135.0,
    "sigma_p": 32.220319444444456,
    "sigma_r": 24.266951041666672,
    "sigma_lim_p": 16,
    "sigma_lim_r": 16,
    "sf_p": 0.9931620962099913,
    "sf_r": 1.3186658655657062,
    "sigma_h": 16.603780454162646,
    "sigma_h_lim_p": 25,
    "sigma_h_lim_r": 25,
    "sh_p": 1.5056811952564926,
    "sh_r": 1.5056811952564926,
    "r_eq": 15.390906449655096
  }
}