{
  "filename": "i42_7x6_m1.25-Z18-45-108_m1.5-Z24-48-120_b28x35",
  "variant": {
    "legacy_name": "N_R42_B35",
    "description": "PA6 i=42 (7x6) m2=1.5: m1=1.25 Z18-45-108 b1=28, m2=1.5 Z24-48-120 b2=35. Ø=189 Lax=93.",
    "i1": 7,
    "i2": 6,
    "n_sat_1": 3,
    "n_sat_2": 4,
    "m1": 1.25,
    "z_s1": 18,
    "z_p1": 45,
    "z_r1": 108,
    "b1": 28,
    "x_s1": 0.0,
    "x_p1": 0.0,
    "m2": 1.5,
    "z_s2": 24,
    "z_p2": 48,
    "z_r2": 120,
    "b2": 35,
    "x_s2": 0.0,
    "x_p2": 0.0,
    "mat_s1": "PA6_PRINT",
    "mat_p1": "PA6_PRINT",
    "mat_r1": "PA6_PRINT",
    "mat_s2": "PA6_PRINT",
    "mat_p2": "PA6_PRINT",
    "mat_r2": "PA6_PRINT"
  },
  "i_total": 42,
  "t_out": 112.266,
  "n_out": 3.5714285714285716,
  "T_in_2": 20.79,
  "s1": {
    "name": "__s1_internal__",
    "SF": [
      3.6255244120431014,
      4.038134991048846
    ],
    "SH": [
      1.435680150133676,
      1.435680150133676
    ],
    "SigmaF": [
      8.826309345402244,
      7.924450289783025
    ],
    "SigmaH": 17.41334934363497,
    "SH_pess": 1.4356801501336762,
    "mats": [
      "PA6_PRINT",
      "PA6_PRINT"
    ]
  },
  "s2": {
    "name": "__s2_internal__",
    "SF": [
      1.971883885908511,
      2.090511243923383
    ],
    "SH": [
      1.151669771873855,
      1.151669771873855
    ],
    "SigmaF": [
      16.22813606251291,
      15.307260409632503
    ],
    "SigmaH": 21.707611513778886,
    "SH_pess": 1.151669771873855,
    "mats": [
      "PA6_PRINT",
      "PA6_PRINT"
    ]
  },
  "pr1": {
    "name": "__pr1_internal__",
    "force_n": 97.77777777777777,
    "d_planet": 56.25,
    "d_ring": 135.0,
    "sigma_p": 12.012,
    "sigma_r": 9.316518095238095,
    "sigma_lim_p": 16,
    "sigma_lim_r": 16,
    "sf_p": 2.664002664002664,
    "sf_r": 3.4347596036287418,
    "sigma_h": 9.124775224172863,
    "sigma_h_lim_p": 25,
    "sigma_h_lim_r": 25,
    "sh_p": 2.739793516641522,
    "sh_r": 2.739793516641522,
    "r_eq": 16.49025691034474
  },
  "pr2": {
    "name": "__pr2_internal__",
    "force_n": 288.75,
    "d_planet": 72.0,
    "d_ring": 180.0,
    "sigma_p": 23.359050000000003,
    "sigma_r": 18.2325,
    "sigma_lim_p": 16,
    "sigma_lim_r": 16,
    "sf_p": 1.369918725290626,
    "sf_r": 1.7551076374605785,
    "sigma_h": 12.572461865707595,
    "sigma_h_lim_p": 25,
    "sigma_h_lim_r": 25,
    "sh_p": 1.9884729233651142,
    "sh_r": 1.9884729233651142,
    "r_eq": 20.521208599540127
  }
}