{
  "filename": "i42_7x6_m1.25-Z18-45-108_m1.25-Z24-48-120_b30x40",
  "variant": {
    "legacy_name": "N_R42_X40",
    "description": "PA6 i=42 (7x6) смещение профиля x+0.3 шире: m1=1.25 Z18-45-108 b1=30, m2=1.25 Z24-48-120 b2=40.",
    "i1": 7,
    "i2": 6,
    "n_sat_1": 3,
    "n_sat_2": 4,
    "m1": 1.25,
    "z_s1": 18,
    "z_p1": 45,
    "z_r1": 108,
    "b1": 30,
    "x_s1": 0.3,
    "x_p1": -0.3,
    "m2": 1.25,
    "z_s2": 24,
    "z_p2": 48,
    "z_r2": 120,
    "b2": 40,
    "x_s2": 0.3,
    "x_p2": -0.3,
    "mat_s1": "PA6_PRINT",
    "mat_p1": "PA6_PRINT",
    "mat_r1": "PA6_PRINT",
    "mat_s2": "PA6_PRINT",
    "mat_p2": "PA6_PRINT",
    "mat_r2": "PA6_PRINT"
  },
  "i_total": 42,
  "t_out": 112.266,
  "n_out": 3.5714285714285716,
  "T_in_2": 20.79,
  "s1": {
    "name": "__s1_internal__",
    "SF": [
      4.142226219592364,
      4.12663590531804
    ],
    "SH": [
      1.468904357173791,
      1.468904357173791
    ],
    "SigmaF": [
      7.725314433249161,
      7.754500453689469
    ],
    "SigmaH": 17.019487945491992,
    "SH_pess": 1.468904357173791,
    "mats": [
      "PA6_PRINT",
      "PA6_PRINT"
    ]
  },
  "s2": {
    "name": "__s2_internal__",
    "SF": [
      1.622700807284537,
      1.5971624501153856
    ],
    "SH": [
      1.01632321496646,
      1.01632321496646
    ],
    "SigmaF": [
      19.720209576742306,
      20.035532389136865
    ],
    "SigmaH": 24.59847382392523,
    "SH_pess": 1.01632321496646,
    "mats": [
      "PA6_PRINT",
      "PA6_PRINT"
    ]
  },
  "pr1": {
    "name": "__pr1_internal__",
    "force_n": 97.77777777777777,
    "d_planet": 56.25,
    "d_ring": 135.0,
    "sigma_p": 11.821333333333333,
    "sigma_r": 8.69541688888889,
    "sigma_lim_p": 16,
    "sigma_lim_r": 16,
    "sf_p": 2.7069704489059325,
    "sf_r": 3.680099575316509,
    "sigma_h": 8.815370366518945,
    "sigma_h_lim_p": 25,
    "sigma_h_lim_r": 25,
    "sh_p": 2.835955718315681,
    "sh_r": 2.835955718315681,
    "r_eq": 16.49025691034474
  },
  "pr2": {
    "name": "__pr2_internal__",
    "force_n": 346.5,
    "d_planet": 60.0,
    "d_ring": 150.0,
    "sigma_p": 31.054023000000004,
    "sigma_r": 22.97295,
    "sigma_lim_p": 16,
    "sigma_lim_r": 16,
    "sf_p": 1.030462301132449,
    "sf_r": 1.3929425694131576,
    "sigma_h": 14.112553442927553,
    "sigma_h_lim_p": 25,
    "sigma_h_lim_r": 25,
    "sh_p": 1.7714724766926317,
    "sh_r": 1.7714724766926317,
    "r_eq": 17.101007166283434
  }
}